{"type":"Topology","arcs":[[[11347,12313],[10,43],[31,5],[46,-29],[11,-57],[-26,-43],[16,-58],[-12,-30],[64,-65],[39,-24],[36,6],[20,-48],[23,-213]],[[11605,11800],[-98,17],[5,-68],[-30,-47],[-26,-60],[17,-35],[-75,-141],[-25,-106],[1,-53],[-41,-73],[-72,-91],[-40,-30],[-31,-54],[-35,-14],[-25,-46],[-17,-85],[42,-30]],[[11155,10884],[-25,-22],[-118,14],[-131,7],[-11,-42],[-42,-29],[-13,-35],[-123,-44],[-76,18],[-31,69],[-61,31],[-56,-25],[-34,-68],[-40,-7],[-119,-59],[-9,-44],[7,-70],[-22,-37],[-50,-23],[-39,-132]],[[10162,10386],[-19,-46],[-51,-20],[-18,-32],[28,-55],[32,-16],[5,-40],[-47,-28],[-125,-23]],[[9967,10126],[-65,13],[-93,-32],[-48,-6],[-27,35],[-82,24],[-38,104],[-37,2],[-39,39],[-138,95]],[[9400,10400],[41,34],[-34,105],[50,33],[-33,56],[22,100],[29,23],[-42,78],[-65,-32],[-40,43],[-168,-11],[-45,12]],[[9115,10841],[-30,148],[-38,45],[36,35],[49,133],[28,27],[25,87],[-65,39],[-80,23],[-64,29],[-29,44],[-10,50],[-43,53]],[[8894,11554],[-29,60],[34,43],[4,85],[-35,32],[-12,45],[42,13],[64,56],[39,-8],[42,28],[37,48],[63,60],[1,67]],[[9144,12083],[24,43],[48,11],[36,106],[-31,41],[55,20],[-40,79],[3,43],[48,-3],[23,66],[59,-4],[24,16],[56,-32],[33,28],[19,-39],[43,-16],[66,-64],[14,-62],[42,7],[51,-38],[29,-5],[77,72],[7,40],[41,37],[30,70],[45,22],[17,36],[-46,38],[-12,50],[110,83],[70,43],[46,-6],[44,-38],[51,50]],[[10226,12777],[188,-179],[157,90],[59,17],[51,-1],[13,26],[73,51],[12,53],[38,63],[22,3],[94,-33],[42,12],[38,65],[57,49]],[[11070,12993],[18,-24],[-51,-65],[25,-50],[81,14],[34,-25],[45,6],[26,-52],[57,6]],[[11305,12803],[-13,-48],[43,-149],[-7,-105],[-50,-134],[69,-54]],[[7351,3219],[53,58],[-72,95],[-32,113]],[[7300,3485],[92,18],[83,33],[16,56],[41,50],[46,29],[57,14],[23,22],[43,168],[45,70],[-5,38],[24,106]],[[7765,4089],[56,-35],[23,48],[92,82],[40,64],[26,-22],[35,68],[24,16],[-14,51],[-2,121],[15,48],[120,111]],[[8180,4641],[58,-17],[35,-47],[22,-2],[120,-120],[5,-57],[25,-42],[75,-73],[23,-48],[5,-64],[38,-59],[47,-12],[25,-77],[38,-49],[121,-75],[193,-92],[70,27],[71,-14],[55,-26],[113,-26],[26,-28],[107,-49],[22,-1],[145,-120],[52,-7],[35,-31],[-36,-35],[14,-110],[133,-88],[36,7],[35,-37],[16,-47],[-7,-46],[-62,-46],[-53,-19],[-46,-61],[-75,4],[-81,27],[-65,-11],[-35,-24],[-67,-88],[-36,-71],[-46,-30],[-28,-102],[-48,-37],[-71,-23],[-27,-66],[-61,18],[-32,-38],[-41,-22],[-29,23],[-55,-50],[-49,-6],[-30,18],[-126,-49],[-93,37],[-6,45],[-46,62],[-75,56],[-236,98],[-57,7],[-41,32],[-62,15],[-91,-7],[-69,34],[-178,67],[-81,10],[-62,-6],[-134,-37],[-61,-51],[-46,-72],[22,-40],[-58,-14],[-39,-25],[-25,22],[-32,77],[-4,74],[67,113],[5,-45],[46,-53],[51,51],[13,121],[-39,58],[-43,20],[-9,47]],[[9144,12083],[-96,37],[-11,35],[-43,23],[-42,81],[-8,37],[-38,39],[16,87],[-44,56],[19,72],[-122,20],[-8,-33],[-40,5],[-80,40],[-73,-6],[-35,-22],[-61,20]],[[8478,12574],[18,65],[-2,85],[-54,40],[-71,20],[-90,55],[-89,-17],[-42,19],[6,35],[-32,34],[-41,73],[8,37],[-15,50]],[[8074,13070],[26,-11],[40,32],[-8,29],[45,69],[18,-69],[48,-15],[119,43],[79,-4],[42,39],[-15,45],[45,27],[57,-6],[92,25],[72,50],[55,22],[199,-3],[-15,-46],[18,-51],[-9,-88],[-68,-44],[52,-49],[21,-45],[50,-38],[-11,-22],[83,-37],[103,-1],[111,-53],[55,-5],[128,-61],[70,-54],[76,-19],[117,-59],[140,54],[97,45],[202,113],[96,69],[12,49],[81,71],[36,-31],[30,-79]],[[10463,12962],[-48,-35],[-67,-67],[-19,18],[-103,-101]],[[15759,18302],[12,-87],[-64,-65],[16,-69],[-24,-96],[24,-37],[32,-105],[46,-10],[-25,-91],[-38,-16],[9,-62],[43,-12],[27,-39],[8,-56],[-34,-40],[5,-74],[27,-108],[7,-115],[79,11],[-13,43],[60,21],[48,52],[-1,33],[142,135],[165,92],[36,14],[-121,120],[73,62],[49,59],[0,79],[-25,72],[21,14],[44,104],[-4,41],[119,159]],[[16502,18331],[57,26]],[[16559,18357],[36,-93],[-19,-64],[42,-71],[17,-88],[3,-79],[-18,-30],[39,-63],[-3,-78],[22,-21],[-13,-66],[41,-86],[-11,-29]],[[16695,17589],[253,-282],[44,10],[1,-59],[38,-41],[49,-13],[33,13],[64,-79],[77,37],[29,-120],[59,-24],[28,15],[65,-11],[18,30],[83,-35],[59,-67],[107,23],[49,-7],[27,-41],[47,-39],[63,-15],[26,23],[45,-17],[58,54],[42,6]],[[18059,16950],[52,-33],[0,-42],[64,-49],[-16,-77],[54,-52],[-30,-38],[-3,-64],[27,-65],[-2,-41]],[[18205,16489],[-17,13],[-127,7],[-42,-24],[-42,0],[-82,21],[-31,39],[-75,50],[-33,-12],[-88,36],[-12,41],[-88,91],[-76,-18],[-38,13],[-54,-21],[-41,46],[-43,19],[-19,-31],[-113,39],[-31,52],[-32,-5],[-62,78],[-31,-1],[-69,43],[-70,0],[-49,-60],[-44,3],[-17,-301]],[[16779,16607],[-94,51],[-36,47],[-105,49],[-48,14],[-92,61],[-63,-63],[100,-232],[109,-99],[22,27],[331,-297],[35,20],[290,42],[20,-111]],[[17248,16116],[-115,-10],[-32,-27],[-112,-7],[-63,-14],[-38,11],[-45,-26],[-74,3],[-76,74],[-50,36],[-15,84],[-90,96],[-138,22],[-39,-26],[-5,-55],[31,-27],[-7,-30],[-56,-51],[8,-89],[-77,-68],[-50,24],[-75,-50],[-55,-97],[-1,-83],[-93,-75],[-7,-20],[33,-68],[-4,-55],[-34,-84]],[[15969,15504],[-110,55],[-12,84],[-60,75],[8,31],[-21,48],[6,61],[-17,75],[42,51],[-15,60],[25,82],[-38,81],[-47,25],[11,35],[-63,59],[-55,2],[-78,-60],[-21,1]],[[15524,16269],[-95,-20],[-63,-23],[-47,-37],[-26,34],[-1,59],[-48,80],[-43,54],[-15,57],[19,39],[-1,84],[21,122],[-49,37],[-12,51],[25,19],[104,4],[23,23],[-20,83],[7,61],[44,58],[31,18],[45,60],[38,15],[-25,82],[31,55],[65,24],[-10,64],[-43,25],[-87,130],[15,31],[-42,24],[42,66],[20,63],[-26,59],[-25,18],[-122,0],[-49,28],[-36,-13],[-69,43],[-4,71],[19,51],[-70,46],[2,46]],[[15047,18060],[49,62],[31,7],[38,55],[48,18],[34,32],[7,35],[57,74],[49,26],[67,-9],[88,7],[42,53]],[[15557,18420],[24,-43],[134,-72],[44,-3]],[[9194,7066],[-50,-11],[-115,-126],[-57,-77],[-18,-53],[-3,-57],[-37,-37],[-52,8],[-22,21],[-69,26],[-37,-10],[-25,50],[-30,20],[-78,13],[-13,45],[-38,42],[-11,48],[100,50],[40,-40],[56,-23],[4,-60],[36,-30],[44,22],[-17,120],[143,27],[-33,23],[-114,-19],[11,58],[-179,35],[-22,21],[-45,-6],[-79,42],[-24,-1],[-47,75]],[[8413,7262],[49,30],[83,29],[83,-6],[40,51],[54,30],[45,61],[47,21],[10,36],[-32,33],[22,83],[38,39]],[[8852,7669],[74,-12],[58,-32],[8,-52],[-27,-55],[34,-62],[46,-23],[19,-46],[42,-146],[4,-79],[30,-65],[54,-31]],[[24966,11090],[-229,-157],[-177,-129],[-179,-143],[-138,-125]],[[24243,10536],[-76,61],[-32,8],[-58,80],[-59,39],[-41,46],[-65,25],[-101,90],[-61,32],[29,47],[-60,73],[-1,65],[-36,49],[11,57],[-24,39],[23,45],[2,78],[-86,75],[2,48],[-33,25],[-59,74],[-52,31],[-42,-41],[-70,94],[3,59],[18,59],[-3,46],[21,42],[1,74],[51,74],[29,25],[79,17],[21,55],[-8,43],[40,19],[30,51],[-8,195],[2,69]],[[23630,12504],[40,-7],[66,17],[103,-3],[50,13],[41,-32],[14,-90],[36,-51],[74,-14],[47,-53],[66,15],[67,-29],[28,17],[59,-4],[39,-20],[46,-62],[21,-51],[32,-8],[45,-41],[5,-47],[47,-33],[-18,-42],[-42,-2],[-12,-35],[23,-114],[-57,-16],[-10,-63],[-40,-21],[21,-108],[42,-33],[21,-69],[56,-67],[42,-26],[91,9],[65,-62],[68,-46],[43,-64],[46,-48],[-19,-38],[21,-54],[44,-5],[25,-27]],[[26128,15340],[133,-64],[-35,-41],[-22,-68],[-6,-67],[-22,-47],[33,-56],[-46,-46],[42,-51],[7,-36]],[[26212,14864],[-42,-63],[45,-62],[-36,-14],[-23,-46],[-75,-60],[-36,-77],[-51,-58],[-87,-62],[-2,-62],[-25,-42],[-87,-64],[-1,-29],[-39,-34],[16,-36],[-28,-109],[-38,-44],[14,-63],[-38,3],[-45,-22],[-8,-71],[13,-62],[92,-73],[19,-68],[55,-86],[52,-49],[40,-11],[109,-84],[40,-49],[-2,-52],[42,-25],[31,-44],[-8,-49],[51,-156],[34,-86],[33,-27],[-16,-42],[34,-14],[-7,-58],[59,-26],[-25,-69],[11,-53],[77,-115],[-12,-43],[47,-117],[40,-27],[-10,-40],[55,-53],[5,-32],[62,-17],[12,-20],[99,-8],[32,58],[385,-86]],[[27075,12166],[26,-41],[59,-39],[15,-63],[47,-40],[-38,-17],[17,-55],[-15,-94],[-119,-102],[5,-44],[31,-41],[64,34],[37,-35],[95,-12],[-12,-36],[47,-52],[38,-17],[84,-63],[55,-60],[-2,-49],[26,-42],[3,-75]],[[27538,11223],[-133,39],[-56,-8],[-59,59],[-87,3],[-46,29],[-86,26],[-48,62],[-79,-11],[-47,29],[37,30],[-5,69],[-64,69],[-54,19],[-49,-29],[-32,12],[-108,15],[0,33],[-52,-6],[-97,18],[-65,-2],[-245,-46]],[[26163,11633],[-33,60],[-46,5],[50,155],[-300,98],[-60,124],[-20,-22],[-61,-12],[-28,19],[-82,20],[-26,-35],[-66,43],[-30,5],[-19,50],[-33,39],[7,44],[-29,38],[-20,74],[14,28],[-19,41],[2,77],[-78,56],[-72,18],[-57,39],[-47,69],[18,72],[-1,61],[-51,41],[-51,61],[-72,10],[-39,19],[-37,131],[15,54],[-26,43],[-19,89],[10,15],[-50,104],[-58,25],[-10,30],[21,68],[-28,19],[28,60],[16,84],[47,19],[44,39],[33,111],[85,9],[-8,32],[17,69],[57,32],[-16,46],[45,30],[-11,52],[52,48],[-11,59],[-83,103],[-42,7]],[[24985,14308],[11,44],[90,74],[-26,27],[38,114],[3,57],[-21,61],[-49,-7],[-66,54],[-21,54],[24,43],[-33,114]],[[24935,14943],[115,-28],[106,23],[18,34],[42,4],[77,37],[29,-2],[7,58],[29,58],[-23,16],[-12,59],[58,95],[75,10],[64,-27],[69,-5],[62,39],[11,68],[41,30],[30,-22],[84,-20],[62,-58],[30,-45],[51,79],[57,23],[30,-31],[81,2]],[[20383,11303],[17,-42],[58,14],[73,-19],[32,34],[68,-17],[31,-71],[168,5],[57,16],[28,-36]],[[20915,11187],[-41,-14],[-47,-55],[-4,-78],[-83,-126],[62,-41],[-9,-40],[9,-89],[-33,-119],[-36,-74],[30,-16],[-81,-158],[135,-57],[-38,-86],[132,-56],[-68,-155],[186,-47],[-54,-207],[-34,9],[-18,-68]],[[20923,9710],[-44,-169],[-174,43],[0,-39],[-89,-20]],[[20616,9525],[-8,37],[40,140],[-205,57],[-48,-9],[-53,-73],[-109,64],[-19,-31],[-72,41],[-23,-69],[-85,-74],[-18,-42],[-33,-24],[6,-33],[45,-26],[-143,-236],[-54,-34],[-30,-64],[-44,1],[-1,-65],[-56,-25],[-50,13],[-22,-34],[-39,-1],[-47,-37],[-87,-7],[-69,-38],[-45,26],[-112,-4],[-71,33],[-99,-85],[-56,47],[-7,32],[-55,41],[-45,4],[-13,29],[-45,33],[27,93],[-11,25],[18,77],[-12,42],[37,63],[-69,83],[-47,-29],[-50,1],[-62,-30],[-45,34],[-45,-6],[-98,21],[-72,-26],[-81,-45]],[[18334,9415],[-43,49],[12,81],[-14,140],[-35,19],[-80,-24],[-32,16],[-18,65],[-51,38],[-57,-12],[-51,15]],[[17965,9802],[-38,35],[-5,49]],[[17922,9886],[57,121],[47,32],[71,26]],[[18097,10065],[39,-19],[92,-16],[71,9],[50,27],[72,-85],[180,9],[15,-28],[78,-9],[35,-26],[83,4],[177,-32],[41,14],[19,-28],[-4,-72],[131,-110],[78,-18],[292,344],[29,61],[62,9],[75,41],[72,10],[16,31],[114,59],[80,69],[63,80],[30,64],[150,181],[147,258],[-5,35],[-179,-16],[-23,242],[39,59],[-9,37],[68,31],[17,38],[91,-15]],[[25595,19549],[-9,-43],[-50,1],[-50,22],[-75,-24],[-27,-79],[-45,-40],[-49,-64],[7,-25],[-42,-27],[-2,-43],[-66,-63],[23,-47],[-14,-68],[11,-41],[-36,-101],[-34,-6],[-28,-62],[82,-38],[41,-146],[-5,-28],[-41,-15],[14,-71],[-101,-61],[-36,-7],[-11,-111],[54,-34],[-8,-54],[25,-48],[-6,-29],[42,-51],[36,18],[86,12]],[[25281,18176],[-4,-85],[-87,-113],[32,-42]],[[25222,17936],[24,-53],[-170,-107],[17,-40],[-52,-45],[-37,-16],[6,-92],[-47,-83],[-8,-56],[-52,-12],[-21,-37],[25,-58],[-58,-66],[-51,-80],[-3,-94],[-67,-24],[-48,70],[-61,-63],[26,-46],[-18,-33],[-118,-68],[-41,-46],[10,-42]],[[24478,16845],[-32,-37],[-30,-70],[10,-28],[-29,-70],[-42,-22],[-70,39],[-107,15],[-22,-38],[-45,-9],[-15,-50],[-39,-8],[-79,-84],[-18,-75]],[[23960,16408],[-51,28],[1,39],[-24,36],[-62,43],[-6,50],[72,199],[-38,397],[-523,-45],[-39,-15],[-45,-39],[-49,2],[-44,37],[-31,3]],[[23121,17143],[-183,-128],[-206,31],[-216,-150],[-62,26],[-29,-53],[-10,-111],[-29,-69],[16,-41],[-91,-5],[-86,-45],[-91,14],[-82,-11],[-38,-45],[-85,7],[-37,-43],[7,-80],[-54,-88],[-51,23],[-48,-8],[-46,-36],[-20,-40],[-66,1],[-19,-53],[-33,-21],[-67,-14],[-18,-34],[-74,17],[-42,22],[-67,6],[-92,53],[-100,-4],[-47,-38],[-83,-1],[-13,-42],[-125,8],[-50,-23],[-72,-55],[-112,-42],[-29,-67],[25,-50],[-68,-49],[-8,-43]],[[20520,15862],[-75,-7],[-23,-16],[-65,25]],[[20357,15864],[-33,33],[1,57],[62,57],[41,91],[94,63],[-16,80],[-42,26],[-7,51],[-104,61],[-11,65],[35,27],[2,65],[78,111],[57,4]],[[20514,16655],[52,0],[74,-47],[73,14],[91,-38],[54,28],[90,65],[14,86],[-35,76],[8,41],[102,58],[19,51],[30,4],[55,63],[95,-29],[62,73],[41,-39],[57,10],[13,40],[62,17],[71,61],[-13,43],[28,21],[47,-3],[6,49],[117,-18],[55,3],[44,20],[85,3],[104,98],[101,-7],[33,20],[56,-37],[94,34],[41,1],[66,84],[17,63],[41,23],[52,8],[39,40],[32,-36],[69,38],[-37,89],[23,150],[41,17],[32,39],[20,66],[-5,90],[-14,43],[4,53],[32,121],[-15,50]],[[22737,18354],[85,7],[13,-60],[55,-41],[72,21],[43,38],[20,-65],[46,-18],[-22,-35],[30,-32],[78,31],[35,-10],[42,23],[31,-35],[-57,-14],[-11,-56],[-20,-25],[43,-28],[18,-74],[46,-18],[0,-39],[57,-76],[103,23],[5,69],[30,41],[7,45],[56,30],[105,109],[-5,64],[-39,15],[6,89],[-16,12],[-6,73],[40,6],[51,-34],[42,5],[50,70],[22,58],[-24,32],[69,60],[52,-42],[51,69],[108,-30],[40,19],[20,-40],[102,-25],[78,32],[60,61],[24,53],[31,-13],[47,31],[-8,26],[50,44],[67,17],[29,41],[26,89],[28,29],[45,11],[7,46],[-33,70],[-6,52],[36,41],[72,135],[-86,42],[-211,248],[-724,130]],[[23742,19751],[4,286]],[[23746,20037],[35,-3],[33,-29],[268,-90],[392,-120],[269,-73],[198,-46],[362,-66],[78,-1],[17,16],[74,-2],[59,-48],[64,-26]],[[15922,11998],[40,-16],[52,-106],[-37,-43],[-112,-63],[-35,-11],[-32,-42],[8,-47],[-31,-100],[-30,-52]],[[15745,11518],[-42,43],[-51,-34],[-39,-111],[-44,15],[-44,38],[-84,-43],[4,-36],[-67,-20],[-34,-48],[-98,-14],[-17,44],[-32,12],[-81,-62],[-35,28],[-61,-41],[6,-147],[-41,-5],[-145,-88],[9,-77],[-29,-20],[1,-51],[-37,-60],[-24,-9],[-77,-92],[-4,-17]],[[14679,10723],[-52,31],[-36,-25],[-57,-69],[-52,18]],[[14482,10678],[-37,-2],[-42,33],[-104,-26],[-43,121],[-32,65],[-30,101],[-64,18],[-81,51]],[[14049,11039],[47,51],[3,102],[-14,74],[-74,29],[-15,30],[-3,91],[-31,30],[26,48],[-4,99],[-53,38],[-114,-22],[-50,102],[-12,43],[32,48],[-6,58],[-33,41],[-5,56],[36,31],[14,59],[-8,102],[24,39],[-27,104],[17,28],[54,30],[67,-5],[-5,27]],[[13915,12372],[56,-15],[37,16],[116,3],[42,-56],[65,28],[18,55],[94,-60],[56,-4],[41,22],[43,59],[-35,59],[-38,150],[32,43],[28,-4]],[[14470,12668],[46,-2],[54,33],[-6,48],[60,44],[13,26],[73,22],[58,-18],[61,49],[45,13],[64,117],[122,25],[25,19],[-24,56],[19,85],[30,50]],[[15110,13235],[17,-23],[96,-49],[32,-48],[93,12],[56,22],[46,-23],[28,20],[69,10],[25,73],[48,-10],[118,27]],[[15738,13246],[28,-85],[-12,-79],[13,-30],[-72,-66],[-5,-64],[-35,-90],[-40,-47],[-11,-63],[49,-109],[-42,-26],[-8,-73],[-44,-31],[-8,-83],[40,-43],[-8,-49],[72,-60],[28,-93],[-2,-27],[141,-115],[100,-15]],[[13915,12372],[-50,27],[-40,3],[-35,61],[-53,-24],[-103,89],[2,39],[-99,7],[-82,-44],[-107,-87],[-52,-62],[-48,-2],[-116,-64],[-46,-48],[-146,-79]],[[12940,12188],[-36,28],[-33,-31],[-29,43],[-123,2],[-51,10]],[[12668,12240],[-190,266]],[[12478,12506],[-103,145],[-48,32],[-21,70],[-73,40]],[[12233,12793],[-63,38],[54,91],[66,76],[50,-17],[36,20],[-17,33],[14,36],[-14,33],[18,32],[52,27],[-27,55],[61,17],[37,35],[-72,117],[-2,40],[31,43],[-85,73],[-15,30],[53,19],[8,32],[-17,54]],[[12401,13677],[15,44],[55,-32],[41,-3],[-20,94],[-27,57],[118,109],[-58,62],[-4,34],[94,-44]],[[12615,13998],[311,-157],[207,-217],[25,-55],[66,-87],[-4,-17]],[[13220,13465],[-15,-22],[-22,-161],[50,-16],[39,22],[30,-27],[13,-120],[-6,-33],[86,-35],[161,13],[100,-57],[46,-5],[49,52],[8,41],[51,1],[68,-26],[35,-27],[24,-55],[85,17],[75,-52],[83,-13],[32,-44],[73,-48],[103,7],[71,-160],[11,-49]],[[25595,19549],[173,-46],[128,-28],[72,-6],[68,-17],[70,0],[99,34],[37,47],[36,-29],[24,-74],[14,-98],[-24,-86],[15,-27],[-18,-57],[50,-28],[-4,-52],[-22,-18],[-9,-56],[33,-51],[55,-52],[94,-48],[-11,-99],[58,-79],[-9,-30],[22,-50],[129,-85],[109,-55],[99,-42]],[[26883,18417],[-14,-38],[168,-95],[178,-36],[43,-89],[-32,-108],[-1,-95],[-23,-30],[-18,-77],[-64,-67],[13,-71],[-96,-24],[11,-86],[-22,-22],[-40,-134],[33,-60],[16,-66],[-18,-43],[-1,-83]],[[27016,17193],[-42,17],[18,40],[-93,217],[-9,62],[12,73],[83,27],[-40,118],[16,71],[-168,69],[-241,93],[-27,-63],[20,-9],[26,-74],[-69,-22],[-25,30],[-131,-39],[-36,100],[-63,130],[-28,12],[-8,69],[-38,80],[-40,40],[3,29],[-55,24],[-26,39],[-17,74],[-27,46],[-144,57],[-249,-218],[-3,-30],[-121,43],[-114,2],[-37,-27],[-62,-97]],[[13634,18328],[23,-55],[-41,-66],[18,-65],[31,-19],[50,-91],[-22,-51],[-97,-34],[-61,-71],[-2,-70],[-41,-76],[12,-21],[-12,-65]],[[13492,17644],[-37,9],[-32,-21],[-84,-17],[4,-72],[-41,-11],[-50,27],[-87,-56],[50,-78],[-14,-26],[2,-76],[-94,-76],[-85,-42],[25,-58],[-6,-44],[-38,-98],[-33,13],[-38,68],[-30,29],[-38,97],[-72,56],[-45,14],[-46,-22],[-64,27]],[[12639,17287],[-2,69],[-29,72],[12,62],[-47,26],[-1,33],[-58,60],[-33,78],[-40,14],[13,69],[-10,70],[-81,50],[-41,62],[-21,0],[-59,64],[-90,28]],[[12152,18044],[70,108],[32,18],[35,155],[-22,13],[15,50],[34,-7],[21,36],[-6,38],[23,70],[-40,-7],[-12,32],[56,10],[-3,36],[28,90]],[[12383,18686],[17,-60],[73,-55],[14,-39],[45,-51],[56,-8],[25,-42],[55,3],[32,-33],[49,-20],[10,-50],[69,-19],[13,-43],[34,-28],[97,14],[56,-12],[57,40],[69,102],[14,50],[59,1],[65,33],[72,-21],[38,49],[95,-17],[36,-53],[49,-26],[52,-73]],[[13317,9522],[22,-82],[-2,-96],[-36,-41],[-38,-9],[6,-52],[-10,-244],[-59,-75],[-27,-86]],[[13173,8837],[-94,33],[13,44],[-129,54],[-123,20],[-107,27],[-137,9],[-91,-6],[-10,18],[-67,1],[-151,-17],[92,69],[205,93],[62,11],[-16,34],[-283,-126],[-67,-20],[-48,32],[18,-77],[-40,-16],[4,-52],[-32,-3],[-4,48],[-148,-24],[-288,-77],[-156,-58],[-205,-86],[-232,-125]],[[11139,8643],[10,55],[-103,55],[-50,104],[-71,39],[-5,24],[-71,34],[-101,98],[5,54],[-36,61],[16,96],[-2,63],[23,56],[75,17]],[[10829,9399],[62,28],[5,45],[54,18],[21,-17],[87,173],[49,37],[-8,85],[10,67],[-12,139],[47,1],[103,-21],[68,23],[52,-57],[143,-42],[86,-13],[37,14],[95,-19],[77,28],[99,-54],[58,5],[108,110],[65,91],[89,1],[45,20],[103,10],[23,-12],[83,3],[122,-30],[79,-5],[52,27],[33,42],[109,54]],[[12873,10150],[26,-56],[-30,-79],[14,-101],[-43,-61],[66,-122],[35,-24],[113,-101],[101,-100],[162,16]],[[14517,28655],[-6,-116],[-27,-68],[-85,-18],[-16,-62],[-42,-22],[-88,-10],[-97,-50],[-31,4],[-79,-70],[-13,-57],[49,-57],[34,-67],[-8,-68],[-37,-31],[-32,-77],[36,-1],[72,-45],[54,-7],[0,-55],[20,-35],[-32,-50],[24,-62],[67,-53],[-49,-62],[0,-40]],[[14231,27476],[-30,-33],[-64,7],[-78,-50],[-109,8],[-105,-117],[-57,-45],[-65,-89],[2,-98],[-209,-4],[2,94],[-43,27],[-47,0],[-75,-39],[-52,41],[74,50],[-81,37],[3,40],[-124,-83],[-155,200],[75,49],[-22,61],[-67,109],[1,77],[-22,29],[-69,-29],[-18,-22],[-67,-13],[18,-69],[-42,-59],[7,-57],[-71,-27],[-27,-26],[-91,65],[-27,-18],[-51,17],[-64,-12],[-63,-30],[-10,-81],[-66,-28],[-56,-65],[-41,3],[-46,-36],[-108,-30],[-18,-47],[30,-32],[8,-102],[-40,-21],[-58,37],[-19,-11]],[[11994,27054],[-50,156],[-3,49],[18,127],[-6,46],[18,65],[187,237],[31,64],[28,99],[-24,109],[38,21],[114,144],[42,78],[28,101],[-1,76],[-62,82],[-39,69],[-19,101],[-1,106],[32,129],[40,73],[119,-127],[31,-71],[33,-10],[-25,-64],[91,-39],[45,1],[21,-60],[51,-3],[130,33],[26,29],[3,57],[71,-53],[62,-13],[133,19],[131,54],[98,56],[85,70],[49,53],[46,76],[33,76],[-25,62],[6,52],[26,37],[-2,87],[70,54],[6,48],[51,39],[51,21],[84,2],[44,37],[32,-31],[63,-16],[38,-41],[31,-92],[14,-106],[123,-141],[58,-17],[23,-28],[58,-19],[25,-44],[5,-75],[58,-51],[-9,-68],[45,-78],[44,-47]],[[12615,13998],[42,100],[64,34],[75,4],[114,29],[50,-31],[22,41]],[[12982,14175],[18,27],[23,91],[49,34],[101,5],[67,49],[49,23],[13,83]],[[13302,14487],[183,-38],[8,38],[247,-61],[51,9],[72,-66],[29,-52],[54,19],[61,-13],[65,-38],[63,78],[22,61],[72,23],[25,45],[40,27],[60,92],[68,4],[12,-36],[53,-17],[30,-69]],[[14517,14493],[13,-156],[44,-19],[7,-46],[-37,-51],[32,-44],[-50,-41]],[[14526,14136],[-89,41],[-59,15],[-29,-25],[-3,-58],[-46,-65],[3,-79],[-17,-10],[-34,-81],[-26,-3],[-24,-49],[-73,-8],[-100,-53],[-28,0],[-69,-73],[-65,7],[-53,32],[-56,-6],[-97,-54],[-13,-45],[-57,-24],[-3,-42],[-86,-69],[-126,-5],[-59,-71],[-25,-1],[-72,55]],[[15969,15504],[-7,-77],[30,-26],[-6,-33],[36,-27],[29,-107],[45,3],[38,-48],[63,-35],[20,-59],[-68,-87],[9,-56]],[[16158,14952],[18,-59],[6,-121],[35,-35],[-7,-83],[-50,-32],[-32,-127],[-21,-8]],[[16107,14487],[-34,-58],[4,-52],[47,-49],[-106,-51],[-97,-74],[-41,-4],[-66,-62],[-15,-55],[28,-43],[9,-50],[-84,-57],[-15,-84],[-36,-54],[5,-35],[72,-62],[15,-67],[-56,-187],[9,-126]],[[15746,13317],[-19,-13],[11,-58]],[[15110,13235],[-39,35],[-47,-2],[-28,-37],[-82,-24],[-56,18],[-71,164],[-27,31],[-8,55],[-27,16],[0,68],[-64,33],[11,93],[-87,37],[-49,79],[-40,33],[23,81],[49,50],[22,64],[-77,87],[13,20]],[[14517,14493],[19,30],[-13,66],[10,54]],[[14533,14643],[33,15],[3,37],[67,46]],[[14636,14741],[-32,113],[-9,97],[11,70],[71,96],[60,-6]],[[14737,15111],[37,-48],[61,49],[-3,49],[19,56],[26,27],[84,50],[56,57],[-8,41],[36,46],[-44,60],[-61,12],[-83,1],[-44,-20],[-40,-42],[-22,46],[40,24],[3,39],[42,12],[70,84],[-17,74],[-5,170],[10,71],[-31,36],[-31,82],[24,66]],[[14856,16153],[96,37],[101,-31],[79,-4],[42,17],[92,-11],[20,31],[53,-54],[46,-7],[63,49],[64,9],[12,80]],[[11305,12803],[678,71]],[[11983,12874],[13,-106],[237,25]],[[12478,12506],[-457,-309],[40,-15],[-15,-39],[7,-100],[-78,-37],[-4,-46],[-52,-57],[24,-75]],[[11943,11828],[-106,-19],[-50,-24],[-54,-1],[-29,-18],[-99,34]],[[14737,15111],[-1,72],[-24,65],[-23,17],[25,98],[-68,-5],[-104,46],[-32,34],[-106,-26],[-98,-48],[-27,-39],[-30,30],[-30,-13]],[[14219,15342],[-101,88],[-5,51],[19,123]],[[14132,15604],[31,47],[14,77],[46,52],[-5,105],[122,116],[52,15],[90,55],[21,1],[38,-49],[27,-6],[12,57],[30,25],[67,9],[21,89]],[[14698,16197],[36,41],[20,-23],[48,11],[16,-40],[38,-33]],[[22584,20517],[-77,-78],[-16,5],[-83,-37],[-54,-64],[-30,-9],[-28,-60],[-89,-89],[-7,-22],[-96,-135],[-94,-68],[-35,-2],[-65,-55],[-59,-109],[-31,-15],[-30,-66],[22,-70],[11,-168],[-32,-23]],[[21791,19452],[-103,72],[-72,-19],[-39,-56],[-3,-53],[-69,-69],[-60,-81],[-52,-38],[-8,-53],[-47,-62],[-57,2],[-24,-46],[-62,-61],[19,-38],[-69,-21],[-29,44],[-99,11],[-55,39],[-103,-68],[-68,-1],[-13,-59],[-61,-48],[-83,2],[-88,-24],[-29,-69],[5,-23],[-48,-59],[-72,21],[-47,39],[-71,0],[-17,19]],[[20267,18753],[1,42],[47,84],[-6,52],[-37,32],[39,47],[-25,110],[-30,23],[78,72],[-24,36],[53,70],[34,15],[12,37],[-4,90],[-15,9],[-58,122],[-24,84],[44,82],[82,18],[4,42],[52,82],[-2,59],[41,86],[111,86],[13,33],[-20,88],[-1,48],[-103,66],[-88,16],[-100,99],[-63,87],[-33,-2],[-53,51],[-27,-2],[-17,66],[-44,77]],[[20104,20760],[100,32],[36,160],[31,-8],[70,13],[30,48],[56,17],[4,47],[106,23],[53,-5],[28,-41],[71,48],[21,101],[53,-10],[43,21],[92,11],[19,98],[44,19],[21,42],[84,70],[-15,64],[20,56]],[[21071,21566],[177,-108],[167,-95],[45,-12],[42,-75],[18,-101],[27,-57],[34,14],[14,-59],[45,-43],[155,-110],[290,-160],[268,-135],[231,-108]],[[15910,20663],[662,3],[1,-83],[35,-40],[164,-2],[6,-60],[51,-43],[8,-70],[27,-64],[37,-9],[32,-49],[48,-40],[5,-57],[26,-85],[52,1],[49,32],[123,-42],[21,-56],[129,-40],[119,17],[43,-25]],[[17548,19951],[88,-49],[49,23],[88,25],[-7,27],[26,43],[79,6],[46,32],[22,-13],[18,-97],[30,-15],[11,59],[54,25],[31,44],[51,3],[79,26],[79,-77],[69,-17],[49,-58],[38,-73],[39,-19],[-24,-40],[10,-25],[64,-48],[50,21],[54,65],[90,21]],[[18731,19840],[-1,-46],[26,-33],[-18,-71],[11,-56],[51,-36],[7,-38],[42,-69],[-22,-23],[3,-99],[73,-38],[-13,-52],[-40,-53],[19,-46],[54,-29],[25,-74],[-30,-12],[-37,-50],[54,-54],[-13,-92],[83,8],[46,-77],[-21,-45],[44,-98],[-15,-56],[-58,-37],[11,-39],[-48,-127]],[[18964,18398],[-69,-18],[-35,-57],[-64,14],[-44,-27],[-9,-40],[-55,-36],[0,-57],[-76,-49],[-95,9],[-13,43],[-67,19],[-49,35]],[[18388,18234],[-39,62],[-57,23],[-7,35],[-43,17],[-44,80],[-24,108],[-40,19],[-26,108],[-77,46],[-102,90],[-2,37],[-34,11],[-118,-27],[-82,-40],[-37,46],[-49,9],[-40,44],[-52,35],[-58,-31],[-70,-21],[8,-44],[-69,-19],[-67,-38],[-82,-2],[-22,-47],[-50,-52]],[[17105,18683],[-75,-1],[-33,-49],[-89,-36],[-31,-38]],[[16877,18559],[-46,42],[-8,39],[-43,42],[28,68],[9,69],[-17,49],[18,55],[-10,62],[20,34],[-3,114],[-34,116],[-56,60],[9,27],[-45,66],[25,52],[-31,48],[-51,30]],[[16642,19532],[-37,33],[-52,-18],[-36,10],[-85,51],[23,94],[-7,73],[-97,-11],[-29,-17],[-97,-21],[-85,-7],[-42,55],[-20,90],[-45,30],[-49,10],[-16,24],[-1,78],[-59,43],[4,-66],[-51,-5],[-48,-98],[-38,-26],[-3,-105],[-39,-78],[2,-57],[-21,-52],[32,-74],[4,-126],[-62,-32],[-6,-69],[35,-76],[7,-57],[26,-23],[4,-68],[-36,-22]],[[15718,19015],[-85,-28],[-51,-67],[-70,-45]],[[15512,18875],[-141,104],[-19,-19],[-158,118],[-14,90],[33,66],[9,71],[-20,52],[15,46],[78,99],[44,99],[-85,111],[-15,96],[-32,38],[54,64],[-18,15],[11,54],[-12,61],[-45,10],[-28,45],[60,33],[8,24],[75,48],[34,106],[-5,30],[13,92],[35,7],[-11,60],[-56,48],[-34,-12],[-49,-47],[-64,45],[7,48],[45,80],[49,50],[16,44],[66,-55],[26,42],[7,81],[97,14],[44,-12],[49,-67],[41,0],[55,-39],[33,22],[37,-15],[4,-37],[61,-34],[-8,-36],[22,-29],[90,32],[-6,45]],[[15910,20663],[-100,130],[-26,48],[6,42],[-55,29],[7,50],[47,7],[102,86],[4,122],[36,10],[45,51],[-15,181],[3,50],[-21,93],[-15,26]],[[15928,21588],[5,35],[-31,129],[-27,66],[13,23],[58,26],[85,72],[22,32],[40,-29],[59,24],[25,-23],[39,30],[54,66],[55,6],[14,49],[43,38],[53,17],[40,-11],[9,-72],[83,-12],[50,26],[73,-18],[37,34],[48,-12],[62,-110],[36,-43],[48,-3],[20,-29],[90,-23],[119,12],[23,20],[103,3],[70,-10],[37,-20]],[[17383,21881],[-12,-82]],[[17371,21799],[-18,-8],[-78,-86],[-38,-74],[37,-74],[-17,-18],[26,-92],[23,-115],[59,-56],[-23,-29],[-24,-162],[-25,-42],[-96,-33],[-111,-220],[40,-18],[63,14],[39,-15],[78,5],[95,-21],[19,-32],[-23,-43],[14,-60],[39,-17],[22,-38],[-18,-85],[48,-9],[5,-62],[31,-61],[71,-93],[-16,-61],[80,-51],[-5,-20],[-62,-37],[2,-88],[-35,-1],[-25,-46]],[[33481,13221],[30,-51],[32,-23],[-69,-46],[-46,19],[-1,53],[54,48]],[[35722,14330],[-32,-95],[-31,-32],[-37,25],[-43,65],[80,-15],[63,52]],[[32031,12880],[-51,98],[-16,109],[-164,65],[-45,44],[-37,65],[-114,-42],[-111,-109],[-161,366]],[[31332,13476],[77,-49],[50,42],[-13,92],[48,59],[74,-7],[63,49],[9,49],[31,15],[-15,51],[1,74],[-23,50],[7,89],[182,0],[106,-25],[189,-112],[152,-144],[48,-4],[59,31]],[[32377,13736],[32,-24],[63,9],[143,-51],[23,-22],[174,-63],[44,4],[66,-50],[30,60],[31,25],[4,47],[47,77],[30,5],[28,40],[-13,32],[54,38],[45,-1],[67,44],[-12,44],[77,9],[48,45],[26,55],[42,8],[2,45],[61,54],[61,13],[33,34],[36,9],[29,47],[54,34],[-1,28],[44,50],[20,42],[63,9],[50,-41],[28,12],[112,-35],[125,-4],[57,45],[52,14],[23,-14],[28,53],[26,13],[26,-47],[102,-21],[30,-21],[121,12],[40,-15],[-50,-64],[3,-48],[-34,-56],[-64,-13],[-21,-39],[-159,-113],[-98,-5],[-11,-51],[-50,30],[-50,11],[-56,-20],[-24,-41],[-65,-3],[-66,-57],[-40,-12],[-51,22],[-112,0],[-111,-43],[-43,-32],[-22,-93],[-49,-95],[-61,-35],[-24,46],[-78,-32],[10,-20],[-49,-122],[-29,-188],[-22,-29],[5,-53],[35,-27],[-61,-45],[-70,-17],[-17,-75],[29,-9],[2,-51],[-32,-35],[-50,0],[-41,25],[-22,-45],[38,-35],[47,-78],[-71,-38],[-77,-22],[-11,55],[53,18],[-5,37],[-35,53],[-36,27],[-67,19],[-137,3],[-138,-10],[-255,-36],[-35,3],[-104,-34],[-56,5],[-24,-37],[-56,1]],[[36526,14646],[-18,-73],[-41,21],[59,52]],[[36160,14824],[10,-46],[31,-31],[2,-40],[-70,-6],[-9,-56],[-35,-22],[-132,-24],[-35,-27],[-42,-68],[-117,60],[18,27],[64,32],[-1,33],[68,37],[20,-48],[37,7],[-11,62],[44,-2],[0,-42],[94,9],[5,48],[-28,18],[87,79]],[[35033,14924],[54,-97],[102,-14],[59,16],[38,60],[42,-2],[30,-40],[-53,-11],[-25,-58],[12,-31],[41,-18],[30,-81],[-89,-2],[-71,27],[-101,-24],[-22,31],[19,63],[-22,73],[-73,38],[-65,-8],[-36,39],[82,-5],[43,17],[5,27]],[[36355,15537],[82,-69],[59,-31],[93,-18],[115,14],[-16,-45],[-89,-121],[-12,-63],[64,-73],[-15,-57],[-41,-28],[-88,-37],[-87,-17],[-121,-70],[-44,31],[6,44],[-51,47],[-5,65],[-49,75],[-45,11],[-21,57],[-66,89],[-64,24],[120,65],[60,4],[77,44],[55,1],[83,58]],[[37302,16263],[25,-11],[59,-76],[40,-12],[90,6],[-13,-73],[32,-29],[6,-45],[-87,12],[-45,-5],[-70,33],[-58,-18],[-72,29],[-5,30],[88,75],[-10,68],[20,16]],[[10162,10386],[40,-39],[67,-7],[22,-29],[62,-6],[34,-40],[96,74],[83,-8],[34,-17],[42,15],[57,-10],[141,-64],[35,-3],[40,-46],[17,47],[-9,50],[75,47],[79,8],[134,-16],[43,-16],[26,13],[-4,49],[35,8],[36,-23],[53,-4],[55,34],[47,5],[49,34],[183,17],[38,-20],[37,10],[38,-25],[91,48],[67,0],[-13,58],[85,107],[55,8],[18,26],[235,458]],[[12385,11129],[41,-63],[4,-34],[-42,-41],[15,-35],[-21,-44],[11,-46],[60,-28],[29,29],[20,66],[46,89],[37,-19],[20,-62],[43,-28],[36,30],[-11,47],[24,60],[42,5],[71,48],[52,6],[34,81],[33,24],[18,46],[-4,61]],[[12943,11321],[36,-16],[75,-76],[26,-56],[53,-24],[69,16],[17,-14],[79,4],[34,-17],[67,13],[61,27],[36,-15],[58,-63]],[[13554,11100],[-14,-30],[-121,-62],[-42,-9],[-104,-68],[-10,-27],[-49,-11],[-60,-101],[-23,-17],[15,-63],[-11,-62],[19,-13],[-55,-52],[25,-56],[-75,-43],[-60,-18],[13,-40],[50,-27],[-2,-69],[-30,-42],[-29,11],[-20,-42],[-36,-34],[14,-45],[-76,-30]],[[10829,9399],[-51,20],[-56,3],[-93,-17],[-62,12],[-58,64],[-66,38],[-23,34],[-32,1],[-102,73],[-41,-23],[-39,-88],[-56,12],[-79,-9],[-47,14],[-14,-33],[-55,-62],[-29,-10]],[[9926,9428],[-14,65],[-2,113],[-34,46],[-5,43],[-34,58],[-13,86],[5,52],[44,68],[53,56],[14,67],[27,44]],[[14132,15604],[-21,14],[-57,-19],[-3,42],[-84,-21],[-72,-72],[-43,0],[-84,-31],[-41,-96],[-69,49]],[[13658,15470],[14,75],[-16,39],[-53,72],[-5,29],[28,80],[-3,55],[-20,33],[31,73],[-17,22]],[[13617,15948],[-8,71],[12,44],[54,57],[65,-21],[42,4],[21,33],[-7,39],[-45,40],[47,85],[-4,38]],[[13794,16338],[46,0],[42,48],[83,25],[80,-24]],[[14045,16387],[67,-15],[25,-58],[135,-72],[22,-52],[80,-44],[116,4],[46,-33],[62,3],[100,77]],[[14219,15342],[10,-33],[-50,-103],[-41,-41],[-50,-23],[-4,-61]],[[14084,15081],[-106,3],[-19,-61],[161,-32],[-66,-81],[-49,-16],[-11,-33],[-38,-29]],[[13956,14832],[-394,80]],[[13562,14912],[-13,118],[33,64],[76,40],[41,55],[10,90],[-98,-35],[-35,47],[18,24],[131,-8],[13,39],[-41,19],[-40,72],[1,33]],[[14636,14741],[-66,9],[-47,21],[-116,121],[-55,92],[-7,69],[-52,-15],[-32,34],[-56,-4],[-52,16],[-69,-3]],[[14045,16387],[51,43],[68,31],[57,63],[-27,60],[-31,-13],[-52,113],[34,14],[-21,48],[32,14],[-85,192]],[[14071,16952],[183,8],[52,337],[-5,2]],[[14301,17299],[19,43],[-1,110],[79,3],[38,17],[22,69],[110,64],[72,30],[63,162],[-37,27],[-28,76],[-54,77],[2,22],[-97,81],[-12,51],[-79,42],[-25,89],[-3,77],[21,82],[-2,57],[29,40],[-21,39],[0,74],[33,57],[-6,30]],[[14424,18718],[42,8],[12,69],[58,67],[41,87],[-18,45],[9,53],[34,24]],[[14602,19071],[105,-9],[49,-16],[17,-37],[-26,-71],[-24,-1],[12,-103],[33,-54],[-8,-46],[34,-23],[14,-79],[43,-63],[-4,-41],[-35,-44],[52,-66],[-6,-52],[32,-16],[15,-89],[91,-105],[51,-96]],[[16107,14487],[14,-21],[-25,-49],[19,-54],[28,-26],[111,-52],[18,24],[70,-56],[182,-113],[79,119],[72,-46],[29,10],[139,-1],[161,25],[69,-37],[43,44],[136,32],[-4,73]],[[17248,14359],[27,0],[121,63],[66,-18],[40,-51],[47,16],[78,68],[42,1],[54,24],[30,-6],[67,37]],[[17820,14493],[9,-115],[-48,-81],[-52,-69],[8,-51],[-37,-27],[-68,-22],[-17,-53],[27,-22],[8,-44],[47,-71],[51,-16],[19,-77],[75,-82],[29,-17],[-45,-54],[39,-28],[6,-79],[-51,-78],[-29,-26],[46,-47],[-10,-60],[-36,-16],[-14,-38],[-62,-16],[-56,-101],[-55,1],[-38,-36],[-65,-6],[-49,-73],[-50,-49],[-68,1],[-62,-50],[-48,-1],[-126,23],[-34,27],[-129,-98],[-10,-31],[-63,3],[-60,-34],[-21,24],[-116,-1],[-62,66],[10,41],[-46,86],[-94,36],[-113,-1],[4,-62],[-22,-75],[-29,-48],[-71,-12],[-8,-32],[22,-74],[-94,0],[-6,-46],[-48,-1],[-52,17],[-46,-12],[-31,42],[-5,59],[17,108],[-31,121],[-85,111],[-48,43],[13,52],[-42,12],[-52,-17]],[[8852,7669],[-51,50],[4,83],[30,25],[1,46],[-79,42],[2,155],[-23,39],[10,40]],[[8746,8149],[35,-11],[44,27],[40,-2],[12,36],[68,3],[41,15],[41,-23],[63,47],[30,-1],[31,52],[36,25],[85,4],[-21,107],[52,36],[19,34],[38,-1]],[[9360,8497],[75,-2],[62,-41],[66,-76],[-3,-102],[57,7],[68,-8],[16,15],[79,-21],[36,-53],[-43,-35],[-6,-89],[34,-78],[27,-92],[33,-20],[16,-96],[37,-29]],[[9914,7777],[-127,-92],[-53,5],[-87,-76],[-199,-194],[-24,-15],[-112,-128],[-126,-170],[8,-41]],[[11155,10884],[41,46],[33,-9],[118,33],[78,-29],[133,118],[41,29],[144,-3],[37,39],[113,43],[21,62],[99,71],[82,210],[-7,49]],[[12088,11543],[48,17],[89,-25],[19,-21],[-23,-41],[67,-41],[4,-84],[18,-48],[42,-11],[40,-52],[-17,-63],[10,-45]],[[9926,9428],[-41,-18],[-3,-36],[-109,-90],[-34,-65],[-5,-95],[-58,-33],[-12,-33],[38,-34],[-14,-44],[-112,-77],[-65,6],[-12,-55],[-97,-70],[-39,-75],[-4,-37]],[[9359,8672],[-59,25],[-13,55],[-43,15],[-98,14],[-89,-18],[-22,137],[-342,237]],[[8693,9137],[31,59],[21,115],[-15,12]],[[8730,9323],[117,90],[7,65],[49,87],[58,36],[-2,44]],[[8959,9645],[127,7],[31,-12],[15,122],[83,25],[73,36],[37,46],[15,61],[-7,99],[49,100],[-19,89],[-43,60],[-73,41],[5,81],[31,30],[50,-25],[67,-5]],[[8413,7262],[-16,151],[-20,100],[-30,84],[-82,161],[-57,84],[-40,27],[-117,34],[-68,56],[-45,58],[-67,38],[4,20],[-49,38],[-81,7],[-19,119],[-35,19]],[[7691,8258],[83,78],[50,14],[103,70],[44,-6]],[[7971,8414],[278,-78],[18,14],[114,24],[60,46],[21,-14],[46,25],[52,-23],[21,10],[96,-45],[-3,-37],[33,-19],[34,-66],[-12,-64],[17,-38]],[[11943,11828],[65,-59],[-6,-52]],[[12002,11717],[39,-93],[42,-28],[5,-53]],[[10463,12962],[12,6],[-22,95],[21,58],[57,16],[-5,39],[17,46],[46,-9],[79,76],[201,257],[37,66],[118,138],[52,96],[41,44],[49,84],[-11,97],[38,136],[-20,66],[17,85],[20,48],[-15,197],[-84,178],[-34,85],[-44,59],[-34,102],[-95,104],[-11,63],[-53,76],[-20,58],[8,122],[55,117],[30,32],[47,177],[4,61],[-15,94],[-92,91],[-34,119],[-38,49],[-11,91],[-3,95],[-50,117],[-6,65],[-43,102],[-5,127],[43,65],[-4,20]],[[10706,16872],[52,-25],[129,-45],[42,14],[76,57],[63,1],[47,-80],[-12,-53],[31,-55],[76,-4],[39,-48],[76,-21],[83,-1],[61,-91],[56,-25]],[[11525,16496],[42,-12],[49,-41],[14,-58],[37,-17],[50,-132],[26,-10],[76,-67],[75,-56],[17,-61],[30,-3],[59,-46],[29,-41],[17,-87],[52,-59],[-15,-22]],[[12083,15784],[-12,-51],[-47,-75],[-67,-18],[-36,9],[-48,-16],[-50,50],[-63,16],[-129,1],[-51,-20],[18,-53],[81,-105],[19,-60],[-10,-122],[52,-41],[3,-48],[108,-43],[6,-42],[30,-40],[-19,-39],[12,-91],[-15,-63],[46,-40],[-1,-37],[-31,-120],[16,-24],[-4,-94],[-38,-42],[-37,-72],[-36,-146],[10,-42],[-22,-33],[7,-52],[-6,-155],[-25,-111],[-30,-62],[-7,-44],[-56,-39],[-14,-30],[-43,-4],[-12,-43],[-82,-178],[-48,-81],[-43,3],[-10,-35],[-85,-76],[-70,10],[-21,40],[-112,-104],[38,-16],[-8,-63],[20,-178],[-29,20],[-51,-32],[-11,-60]],[[7351,3219],[-42,49],[-103,41],[-93,7],[-53,-8],[-107,-46],[-67,-67],[-25,-71],[14,-54],[-38,-70],[-8,-64],[-41,-43],[4,-44],[-18,-96],[-110,-39],[-18,-41],[-84,-23],[-34,-37]],[[6528,2613],[-52,87],[24,69],[-58,19],[-60,35],[-39,51],[-63,54],[-13,28],[-63,13],[-38,42],[-97,40],[-30,31],[-74,-9],[-81,59],[0,54],[-25,29]],[[5859,3215],[22,50],[-38,70],[3,48],[68,48],[104,44],[3,46],[-55,45],[-14,29],[67,14],[20,106],[23,29],[27,129],[-78,70],[-46,74],[14,60],[-53,54],[75,53],[18,50],[55,14],[-16,39],[8,41],[-26,75],[0,73],[35,52]],[[6075,4528],[70,-40],[46,-11],[36,16],[57,-24],[25,17],[13,56],[48,2],[93,-35],[14,-46],[-7,-54],[80,19],[41,-33],[15,-45],[31,-5],[23,-49],[22,6]],[[6682,4302],[28,-18],[34,27],[28,-18],[1,-43],[47,2],[34,-74],[-12,-109],[24,-24],[77,-16],[81,-61],[98,-18],[11,-98],[37,-67],[-37,-22],[9,-100],[55,13],[14,-43],[-9,-76],[24,-63],[37,11],[7,37],[42,10],[-12,-67]],[[12083,15784],[25,8],[100,-50],[-19,-28],[23,-61],[42,-69],[-18,-96],[25,-15],[62,-101],[39,-21],[28,-64],[45,11],[48,-60],[17,-58],[58,15],[73,-34],[103,-64],[59,-109]],[[12793,14988],[-29,-83]],[[12764,14905],[-50,-41],[-55,22],[-59,-76],[-57,-31],[-26,-42],[-49,-2],[-28,-21],[-11,-46],[-38,-30],[-3,-54],[-37,-2],[-19,-54],[-44,-28],[-71,-79],[-57,-39],[-47,-3],[-24,-32],[8,-112],[-9,-30],[-71,-68],[51,-62],[26,-5],[40,-73],[7,-55],[-24,-35],[39,-74],[14,-130],[83,-1],[-36,-43]],[[12217,13659],[-85,-46],[15,-30],[-11,-44],[-68,-5],[-47,-90],[-90,-105],[52,-465]],[[12217,13659],[184,18]],[[2508,85],[49,-20],[14,-26],[-43,-39],[-46,33],[26,52]],[[33,1213],[65,-14],[91,6],[31,-10],[41,-73],[-2,-33],[-58,-44],[-69,-5],[-101,-39],[-9,84],[-22,53],[9,52],[24,23]],[[4436,1584],[9,-40],[52,-72],[-20,-112],[52,-45],[-34,-87],[-36,-14],[8,-84],[-12,-31],[30,-35],[23,-70],[31,-40],[1,-52],[-19,-51],[50,-26],[54,-68],[-7,-60],[-33,-48],[31,-42],[6,-45],[41,-18],[-13,-37],[21,-80],[-36,-34],[17,-32]],[[4652,361],[-26,-45],[-31,0],[-71,40],[-115,128],[-86,45],[-44,-8],[-38,25],[-76,-28],[-114,-15],[-13,-29],[-81,27],[-12,29],[-134,124],[-38,9],[-32,62],[-38,44],[8,76],[-34,79],[-40,59],[10,47],[-39,73],[-12,69],[-29,38],[1,47],[-23,61],[-33,25],[-37,123],[11,25],[-25,255],[7,64],[25,47],[29,100]],[[3522,1957],[28,14],[73,-23],[73,21],[48,-31],[27,-66],[49,-60],[54,-24],[16,-32],[3,-66],[153,-16],[43,15],[59,-50],[40,-66],[66,52],[44,-10],[63,17],[75,-48]],[[4436,1584],[62,75],[42,14],[22,53],[33,17],[10,60],[-9,80],[35,50],[70,-18]],[[4701,1915],[18,-36],[-33,-44],[5,-70],[56,-72],[49,-1],[34,-33],[22,-47],[48,-31],[74,-23],[117,60],[27,69],[23,16],[58,-28],[-10,-31],[14,-53],[93,-190],[-2,-64],[-45,-89],[52,-20],[116,21],[43,-20],[34,11],[1,66],[58,35],[63,11],[56,-88],[8,-30],[62,-22],[0,-58]],[[5742,1154],[-24,17],[-103,-30],[-56,11],[-58,-7],[-57,-24],[-42,-51],[-46,15],[-69,-50],[-122,-60],[-41,-1],[-116,-39],[-71,-40],[-11,-102],[-51,-23],[-16,-69],[-27,-21],[-8,-60],[-87,-113],[-22,-62],[-3,-46],[-60,-38]],[[4701,1915],[63,68],[53,-3],[71,56],[46,79],[129,52],[3,20]],[[5066,2187],[95,3],[42,-14],[54,-57],[79,-5],[50,49],[86,34],[59,1],[97,33],[90,-67],[107,-40],[55,36]],[[5880,2160],[-7,-59],[-23,-311],[1,-225],[11,-87],[29,-27],[3,-75],[-21,-46],[-131,-176]],[[6528,2613],[-35,-14],[-89,-93],[-29,-51],[-43,7],[-80,-16],[-107,-10],[-33,19],[-32,-23],[-53,1],[-36,-21],[-72,-95],[-30,-92],[-9,-65]],[[5066,2187],[-2,57],[41,22],[36,47],[3,36],[32,23],[-22,30],[32,133],[23,43],[72,-17],[11,32],[81,15],[20,76],[35,37],[2,39],[-48,53],[45,39],[13,73],[-16,59],[21,72],[26,10]],[[5471,3066],[74,52],[34,79],[52,18],[54,-16],[58,52],[68,1],[48,-37]],[[6682,4302],[-32,28],[-15,72],[22,8],[45,66],[-11,36],[19,34],[35,10],[104,59],[21,-35],[68,-47],[5,34],[66,8],[62,24],[63,-23],[91,12],[71,41],[-118,391]],[[7178,5020],[145,-95],[111,-66],[21,15],[30,-151],[36,-41],[-44,-50],[34,-20],[64,-3],[20,-18],[62,0],[96,-129],[-3,-49],[17,-31],[-2,-81],[-20,-69],[7,-110],[13,-33]],[[7178,5020],[59,54],[185,18],[68,29],[94,114],[75,28]],[[7659,5263],[45,-94],[65,-49],[77,0],[10,-62],[-4,-74],[45,-49],[15,-62],[37,-57],[116,-84],[53,-62],[62,-29]],[[6075,4528],[-28,29],[-64,102],[-131,79]],[[5852,4738],[22,34],[-12,40],[18,94],[-15,111],[-44,75],[10,70],[19,15],[-46,75],[5,46],[-33,47],[-6,35],[-108,65],[24,75],[78,118],[75,87],[38,1],[27,40],[66,9],[30,50]],[[6000,5825],[32,-75],[69,-58],[42,-15],[76,-59],[49,-80],[39,-48],[80,-53],[32,-3],[84,-60],[152,-34],[191,47],[210,95],[55,3],[54,-15],[73,-4],[32,20],[55,61],[56,-5],[56,-61],[96,-56],[81,-22],[17,-21],[28,-119]],[[3138,5533],[42,31],[-9,96],[48,103],[2,111],[34,44],[42,11],[62,92],[35,10],[50,-35],[69,-23],[64,40],[-4,54],[36,56],[34,20],[76,-10],[42,20],[-19,97],[-43,78],[19,60],[-49,38],[-34,76]],[[3635,6502],[41,7],[24,63],[74,11],[54,-46],[39,14],[54,84],[94,72],[-17,43],[23,50],[40,8],[-23,60],[12,38],[-35,37],[42,20],[22,32],[107,15],[37,-8],[34,56],[11,48],[75,-10],[28,26],[40,87],[52,8],[92,39],[102,59],[34,2],[23,36],[76,16]],[[4790,7369],[-35,-16],[-1,-53],[47,-37],[127,0],[80,50],[59,-23],[63,-62]],[[5130,7228],[-51,-181],[-40,-204],[-11,-181],[6,-110],[44,-164],[60,-87],[61,-46],[73,-19],[66,-40],[81,-30],[120,-14],[36,12],[55,-17],[61,-47],[61,-103],[42,-16],[33,-37],[50,-18],[48,-77],[75,-24]],[[5852,4738],[-27,15],[-125,-2],[-67,34],[-50,94],[-95,3],[-5,-35],[-46,-18],[-42,46],[-64,19],[-54,-24],[-53,79],[-46,6],[-26,-23],[-57,4],[-41,-21]],[[5054,4915],[-37,41],[-84,38],[-50,8],[-11,35],[-40,9],[-21,32],[-77,53],[46,46],[-39,56],[-48,-36],[-74,-5],[-27,-56],[-3,-79],[-96,11],[-109,-39],[-44,59],[-54,-25],[-151,15],[-24,13],[-89,-36],[-48,-44],[-40,-12]],[[3934,4999],[-20,70],[-38,42],[-13,48],[-85,115],[-95,111],[-67,44],[-66,10],[-38,40],[-97,2],[-50,18],[-24,-14],[-62,5],[-141,43]],[[4790,7369],[-5,36],[38,24],[-31,44],[-30,102],[30,48],[-26,20],[-52,94],[-18,9],[14,64],[-4,67],[-21,72],[78,68],[55,102],[20,102],[85,99],[40,79],[17,58],[-22,30],[-39,-6],[-36,28],[6,69],[-22,23],[-70,-20],[-18,48],[-91,-2],[-56,60],[-44,11],[-19,28],[9,65],[-13,52]],[[4565,8843],[27,33],[105,18],[12,-16]],[[4709,8878],[35,-41],[86,-33],[54,46],[151,0],[82,137],[42,-9],[97,38],[60,-41],[82,-1],[86,-56],[57,-85],[45,-23],[32,-54],[42,16],[29,-18],[62,-4],[40,44],[43,23],[-3,50],[41,20],[69,-4],[36,-26],[62,16],[97,-96],[41,-24],[211,19],[82,71]],[[6470,8843],[-2,-60],[-39,-51]],[[6429,8732],[-113,13],[-27,-36],[-95,-3],[-93,37],[-48,-27],[-136,-125],[-144,-152],[-84,-101],[-139,-199],[-82,-135],[-154,-299],[-104,-249],[-80,-228]],[[4953,4406],[-37,-46],[-9,-40],[-46,-16],[-4,-72],[-34,-23],[-6,-58],[-64,-4],[-43,-89],[-41,4],[-84,-39],[-99,34],[-59,-4],[-53,-18],[15,-47],[-23,-57],[70,-5],[82,-68],[88,-19],[33,-28],[61,-4],[90,-23],[4,-34],[-46,-66],[-72,-52],[9,-70]],[[4685,3562],[-20,-77],[57,-42],[31,-41],[-11,-51],[9,-50],[-57,-58],[-86,-14],[-45,16],[-70,2],[-18,-12],[-87,24],[-112,8],[-61,71]],[[4215,3338],[13,97],[5,115],[-34,80],[60,40],[13,104],[28,50],[-16,83],[27,62],[-7,102],[-38,168]],[[4266,4239],[43,50],[49,21],[26,-13],[81,12],[72,-44],[67,18],[142,61],[56,-3],[108,72],[43,-7]],[[3522,1957],[28,81],[-10,39],[31,34],[10,165],[22,52],[-1,60],[82,107],[34,80],[52,49],[54,106],[29,25],[51,113],[13,8],[29,111],[2,163],[-17,41],[75,35],[75,-9],[58,-23],[34,38],[42,106]],[[4685,3562],[82,-17],[23,-27],[74,-45],[23,21],[40,-38],[62,-20],[73,-70],[47,2],[48,-63],[14,-40],[68,-35],[55,-65],[43,16],[66,-19],[68,-96]],[[4953,4406],[28,36],[-14,39],[41,29],[-27,95],[-21,127],[51,38],[-7,24],[50,121]],[[4266,4239],[-31,64],[32,94],[-29,34],[-30,143],[-14,28],[-84,27],[13,38],[-30,55],[-22,85],[-53,47],[-12,45],[-64,61],[-8,39]],[[1203,6340],[10,-52],[-3,-93],[-52,-72],[-1,-59],[-29,-48],[-64,-45],[-65,-82],[-24,-66],[-3,-121],[33,-38],[-26,-78],[9,-35],[-23,-53],[-18,-85],[-31,-76],[-6,-70],[-44,-69],[-3,-36],[-58,-63],[-43,-24],[-29,7],[-76,-23],[-38,-54],[-84,42],[-44,33],[-29,-2],[23,114],[-12,54],[12,41],[-13,53],[-28,46],[28,103],[1,49],[-38,78],[-17,64],[-40,57],[32,41],[-25,58],[17,14],[84,122],[-1,52],[55,79],[34,10],[112,-11],[52,43],[44,3],[79,28],[220,48],[70,40],[52,76]],[[3635,6502],[-53,4],[-34,29],[-49,66],[-17,110],[-25,61],[-53,53],[-22,95],[-29,41],[12,52],[-35,134],[-30,44],[3,72],[37,81],[-38,42],[-55,14],[-105,94],[29,12],[53,-19],[49,41],[60,31],[5,94],[43,53],[11,58],[33,13],[4,54],[26,15],[50,96],[-3,50],[-34,67],[-64,47],[-10,72],[61,45],[44,60],[108,52],[21,34],[83,63],[6,76]],[[3717,8508],[39,32],[75,-47],[59,26],[69,15],[122,-39],[60,-59],[42,-4],[31,26],[28,84],[72,32],[-6,29],[16,72],[48,3],[29,91],[-51,55],[17,108],[112,14],[24,-31],[44,-9],[18,-63]],[[3138,5533],[-42,87],[-8,42],[-40,86],[-46,65],[-7,62],[-38,15],[-29,36],[-13,52],[4,67],[-90,79],[-56,-18],[-28,25],[-58,2],[-62,28],[-62,-10],[-10,45],[-66,-2],[-34,33],[-26,75],[-50,48],[-23,78],[53,58],[5,35],[-75,183],[-25,11],[12,112],[29,56],[-13,23],[46,166],[81,24],[34,69],[65,59],[9,48],[67,87],[38,85],[54,191],[-8,80],[17,88],[28,68],[-35,97],[13,98],[-29,27],[11,33],[-15,70],[21,99],[-36,100],[-20,93],[0,73],[-16,76],[-24,25],[-8,74],[-21,49],[10,34],[-10,94]],[[2612,8913],[39,10],[81,-9],[54,-30],[168,36],[127,19],[37,-30],[113,9],[21,-43],[-60,-82],[25,-51],[162,-10],[24,-31],[124,-37],[37,27],[51,-13],[59,-57],[16,-94],[27,-19]],[[2612,8913],[16,40],[87,57],[-2,36],[67,66],[7,64],[31,25],[36,84],[59,30],[101,71],[105,29],[39,30],[82,11],[85,-12],[83,21],[55,-21],[36,29],[68,-39],[81,18],[68,-10],[57,25],[121,93],[8,61],[24,37],[-1,36],[50,21],[93,69],[54,1],[70,71],[61,2],[75,57],[33,88],[-18,29],[74,167],[19,7],[27,62],[20,14]],[[4483,10282],[34,-36],[71,-52],[32,9],[41,-45],[19,-51],[-8,-66],[34,-18],[41,-65],[-20,-68],[23,-62]],[[4750,9828],[-45,-43],[1,-32],[-104,-98],[30,-17],[35,-66],[-10,-59],[53,-68],[-31,-46],[8,-62],[-12,-34],[34,-106],[35,-14],[51,-105],[-38,-93],[32,-21],[3,-36],[-83,-50]],[[4483,10282],[45,76],[29,68],[95,-122],[91,-26],[37,-56],[50,-40],[-6,-52],[16,-65],[32,-54],[109,-5],[123,29],[81,42],[21,58],[9,67],[-34,125],[6,89],[21,40],[95,98],[38,19],[69,72],[65,112],[-1,29]],[[5474,10786],[50,-84],[-11,-58],[42,-51],[-33,-34],[23,-51],[-1,-42],[34,-59],[-18,-42],[29,-40],[-17,-124],[19,-56],[-20,-12],[-27,-73],[-1,-41],[-43,-47]],[[5500,9972],[-61,22],[-61,-16],[-33,14],[-100,-18],[-105,54],[-74,-29],[-14,-40],[61,-22],[-6,-86],[33,-17],[12,-129],[-108,39],[-78,40],[-34,-45],[13,-48],[-41,-15],[-154,152]],[[5500,9972],[-25,-97],[25,-64],[77,-97],[79,-86],[18,-44],[49,-32],[27,28],[114,-17],[52,-59],[46,-2],[88,-45],[148,68],[73,6],[32,-17],[5,-58],[-29,-39],[43,-33],[-14,-34],[33,-72],[-1,-47],[45,-7],[66,-33],[0,-44],[51,-33],[31,-42]],[[6533,9072],[-72,-101],[-53,-36],[3,-23],[62,-45],[-3,-24]],[[5474,10786],[26,13],[76,127],[17,59]],[[5593,10985],[93,38],[89,-30],[64,4],[44,-15],[81,18],[36,21],[68,-51],[64,-16],[70,76],[48,8],[38,-18],[5,-45],[43,-37],[81,17]],[[6417,10955],[111,-36],[53,35],[50,-17],[32,-59],[46,-20],[108,10],[44,-12]],[[6861,10856],[18,-32],[85,22],[26,-63]],[[6990,10783],[-30,-56],[-60,-32],[-25,-51],[11,-25],[-14,-58],[17,-123],[22,-22],[26,-152],[-55,-16],[-47,26],[-66,-64],[18,-45],[-16,-63],[-50,-75],[-55,-122],[2,-75],[-37,-73],[-38,-34],[-30,-72]],[[6563,9651],[17,-35],[0,-74],[22,-133],[34,-26],[-9,-31],[16,-73],[-47,-14],[-42,-53],[31,-28],[-51,-55],[-1,-57]],[[6990,10783],[49,6],[108,-90],[2,-22],[75,-117],[88,-170],[83,53],[-16,25],[23,80],[469,-121]],[[7871,10427],[-34,-37],[-231,-200],[-16,-71],[-100,2],[-3,-49],[-36,2],[-9,-141],[-37,1],[2,-95],[41,-47],[165,-10],[-2,-36],[53,-3],[61,-56],[-80,-13],[-20,-68],[-42,-14]],[[7583,9592],[-39,33],[-44,13],[-100,2],[-77,15],[-71,-4],[-76,-51],[-40,-12],[-75,14],[-109,-22],[-43,22],[-77,8],[-55,-30],[-60,2],[-90,58],[-64,11]],[[7871,10427],[553,-385]],[[8424,10042],[-151,-20],[-94,-19],[-258,-290],[22,-185],[-46,-15],[-49,13],[-101,-26],[-23,-72],[6,-72],[-14,-50]],[[7716,9306],[-2,-55],[-119,-9]],[[7595,9242],[-18,39],[27,28],[-9,75],[38,99],[-10,60],[-40,49]],[[8730,9323],[-61,32],[-15,33],[-51,28],[-85,6],[-45,25],[-59,-16],[-95,11],[-41,33],[-136,50],[-46,-20],[-36,-76],[-164,-55],[-69,-59],[-78,5],[-33,-14]],[[8424,10042],[152,-120],[383,-277]],[[7871,10427],[199,-35],[159,-18],[126,-29],[55,-43],[56,-5],[73,-27],[102,0],[80,24],[99,-8],[67,50],[-10,58],[12,31],[-30,84],[25,44],[203,291],[28,-3]],[[7871,10427],[202,255],[39,-6],[5,75],[-45,82],[-2,30],[35,38],[15,46],[52,60],[17,87],[36,12],[32,45],[62,0],[40,-38],[103,44],[33,79],[-41,59],[-1,36]],[[8453,11331],[115,90],[50,77],[113,3],[31,18],[51,-2],[81,37]],[[6861,10856],[37,87],[46,59],[68,30],[137,4],[79,58],[115,-5],[71,34],[41,51],[-6,42],[45,1],[5,59],[-6,101],[63,102],[48,15],[18,39],[-2,56],[18,34],[19,91],[24,28]],[[7681,11742],[25,17],[45,-10],[32,-30],[34,10],[21,-51],[54,-14],[60,43],[60,-25]],[[8012,11682],[22,-66],[62,-7],[26,-86],[59,-65],[42,18],[79,-10],[89,13],[33,-91],[29,-17],[0,-40]],[[6417,10955],[-21,618],[-43,13],[0,58]],[[6353,11644],[32,50],[7,105],[-6,54]],[[6386,11853],[39,36],[-34,69],[63,104],[0,74],[50,43],[24,45],[62,42],[17,34],[107,29]],[[6714,12329],[56,-38],[67,-85],[30,13],[77,-2]],[[6944,12217],[53,-43],[42,11],[69,-13],[90,-114],[26,-2],[13,-50],[68,-57],[-2,-53],[59,-12],[24,-51],[30,-11],[40,-55],[35,18],[47,-51],[44,-6],[60,19],[39,-5]],[[5593,10985],[80,114],[88,84],[20,55],[71,44],[72,27],[162,116],[75,40],[21,25],[60,26],[25,35],[34,-13],[31,33],[21,73]],[[6386,11853],[-35,21],[-53,-2],[-34,60],[-33,110],[-29,29],[2,38],[-50,81],[-54,41],[-60,22],[3,27],[-31,115],[-47,24],[-27,73]],[[5938,12492],[74,48],[54,153],[86,-36],[24,-26],[52,13],[35,-16],[51,82],[44,4],[89,70]],[[6447,12784],[32,-16],[18,-95],[32,-22],[-10,-83],[-35,-38],[57,-73],[74,14],[68,-52],[-20,-47],[51,-43]],[[5938,12492],[-20,62],[-41,21],[-31,47],[7,38],[-40,22],[-115,96],[-58,25],[-72,54],[-40,46],[-52,26],[-57,91],[-10,45],[-44,84],[-72,68],[12,86],[38,91],[-9,95],[46,49],[15,67],[-39,42]],[[5356,13647],[80,-33],[58,-94],[-26,-91],[53,-7],[38,-74],[79,-11],[43,-31],[58,-12],[34,17],[22,-40],[41,-26],[51,32],[4,30],[86,21],[34,46],[38,16],[32,-69],[1,-59],[65,-73],[73,-7],[129,-32],[22,16]],[[6371,13166],[30,-15],[-3,-40],[37,-42],[-49,-70],[-9,-37],[22,-36],[15,-67],[-7,-41],[40,-34]],[[5356,13647],[58,25],[17,69],[25,46],[9,90],[-4,76],[20,46],[116,-16],[37,19],[65,-10],[45,15],[80,-27],[118,48],[71,61],[-3,37],[29,36],[21,76],[-36,41],[87,15],[27,17],[53,-28],[58,-11],[43,-91],[75,10],[6,-39],[37,-53],[36,-17],[117,-134],[42,-12],[47,-87],[59,-16],[19,-37],[71,-51],[53,8],[71,-15]],[[6925,13738],[-48,-42],[-20,-42],[-51,-18],[-49,-59],[-4,-63],[-30,-62],[-48,-26],[-33,-53],[-54,-36],[-37,5],[-100,-34],[-80,-68],[0,-74]],[[6925,13738],[24,-62],[45,6],[9,-43],[-43,-41],[18,-56],[34,-29],[70,-25],[70,-11],[149,-51]],[[7301,13426],[-16,-48],[7,-56],[-108,-76],[-21,-34],[49,-59],[-11,-28],[29,-29],[36,-75],[-50,-51],[-65,-35],[-74,15],[-26,-10],[-2,-69],[-22,-96],[5,-76]],[[7032,12699],[33,-108],[-36,-62],[40,-77],[-98,-72],[-4,-61],[-25,-15],[2,-87]],[[7032,12699],[67,-1],[38,23],[62,-19],[42,-45],[44,21],[52,-1],[81,46],[31,43],[193,63],[59,0],[40,62],[26,-23],[77,-138],[-13,-37],[18,-29],[59,-28],[73,-78],[15,-47],[-12,-35]],[[7984,12476],[-64,29],[-48,-27],[4,-32],[-43,-31],[-46,8],[-56,-11],[-85,-75],[-9,-74],[0,-110],[38,-67],[69,-44],[32,17],[49,-33],[5,-42],[29,-13],[78,-87],[17,-81],[17,-13],[3,-66],[38,-42]],[[8478,12574],[-39,14],[-28,-39],[-79,14],[-106,-39],[-26,17],[-39,-23],[-90,-80],[-29,25],[-58,13]],[[7301,13426],[92,-11],[119,-110],[101,-52],[21,7],[78,-19],[8,-57],[-16,-22],[2,-77],[80,-55],[129,-6],[154,28],[5,18]],[[12668,12240],[29,-34],[-36,-21],[-5,-46],[-62,-11],[-60,-70],[23,-41],[-42,-53],[-53,4],[-21,-55],[7,-41],[-76,-10],[-63,-60],[-37,11],[-35,-68],[-72,-68],[-2,-29],[-52,-24],[-30,9],[-79,84]],[[13302,14487],[17,62],[39,14],[24,67],[36,51],[27,67],[48,4],[38,36]],[[13531,14788],[43,52],[-20,42],[8,30]],[[13956,14832],[122,50],[79,-41],[-6,-75],[8,-71],[-63,-97],[4,-51],[221,62],[4,28],[85,0],[12,24],[82,0],[29,-18]],[[14482,10678],[-55,-31],[-54,-61],[-44,-6],[-46,-26],[-57,32],[-42,-55],[-41,-30],[-26,31],[-70,11],[-42,78]],[[14005,10621],[-18,59],[-38,60],[-37,83],[-45,37],[-59,14],[-4,56],[-108,53],[-83,52],[-59,65]],[[12943,11321],[-6,125],[-45,56],[4,88],[40,35],[6,125],[-42,87],[46,41],[-6,40],[14,77],[32,-6]],[[12986,11989],[-12,-32],[31,-22],[-3,-57],[122,-80],[11,36],[51,14],[55,-43],[3,-48],[71,-60],[34,-57],[45,-8],[1,-61],[31,-32],[49,37],[22,-39],[13,-65],[-23,-52],[64,-4],[25,-60],[-16,-60],[29,-45],[77,-43],[20,-87],[50,-21],[45,-38],[49,-83],[63,-16],[103,98],[53,-22]],[[12940,12188],[25,-15],[38,-76],[13,-83],[-30,-25]],[[12764,14905],[33,-31],[25,-59],[-66,-61],[46,-44],[38,-59],[-13,-91],[29,-47],[-6,-32],[32,-28],[71,-21],[48,-70],[35,-25],[-66,-126],[12,-36]],[[12793,14988],[56,30],[34,53],[44,24],[5,40],[42,63],[22,0],[36,-50],[37,-10],[26,-51],[85,-63],[132,35],[43,23],[86,-53],[21,-48],[72,-12],[-18,-60],[-1,-57],[16,-64]],[[11525,16496],[15,51],[65,55],[30,-6],[74,70]],[[11709,16666],[61,-69],[86,-15],[94,-3],[79,-28],[12,-39],[68,-42],[9,-55],[85,-25],[59,-41],[67,-15],[62,44],[38,-6],[129,65],[11,51],[74,41],[49,55],[65,12],[50,-14],[21,-62],[28,-25],[51,-12],[141,-91],[118,-19],[40,-16],[73,-8],[34,18],[65,-11],[46,8],[3,-37],[45,-34],[26,-56],[-5,-73],[7,-73],[44,-56],[22,1],[21,-59],[30,-29]],[[13794,16338],[14,42],[-22,66],[-61,24],[0,50],[78,27],[6,68],[-54,79],[-9,53]],[[13746,16747],[32,65],[-27,104],[-15,12]],[[13736,16928],[7,6],[328,18]],[[13736,16928],[-27,-2],[-22,51],[15,107]],[[13702,17084],[59,45],[37,61],[46,30],[32,-50],[34,-3],[8,83],[-7,54],[99,38],[52,36],[81,-3],[66,38],[92,-114]],[[11709,16666],[1,18]],[[11710,16684],[28,-22],[49,6],[46,-25],[79,38],[54,61],[20,43],[83,10],[77,28],[136,63],[60,6],[86,-8],[49,-16],[57,8],[116,58],[6,-46],[106,-27],[45,10],[76,-15],[96,-46],[55,2],[27,-25],[56,-13],[48,-43],[124,-57],[156,76],[46,-4],[98,15],[14,-20],[65,-3],[46,19],[32,-10]],[[13492,17644],[79,-146],[-16,-67],[1,-87],[28,-21],[-5,-112],[-19,-83],[78,-16],[68,1],[-4,-29]],[[11710,16684],[70,8],[110,42],[78,75],[119,72],[58,45],[46,-17],[13,69],[80,53],[42,6],[37,-32],[90,24],[157,-94],[43,35],[17,38],[-35,121],[8,54],[-25,31],[21,73]],[[13634,18328],[54,16],[33,79],[98,13],[62,35],[-11,59],[10,80],[95,114],[100,-11],[98,-30],[33,23],[20,65],[81,-14],[49,13],[68,-52]],[[15759,18302],[29,40],[88,1],[8,67],[29,31],[80,-33],[33,26],[158,33],[29,-32],[108,-24],[134,-11],[47,-69]],[[16779,16607],[140,-43],[104,-50],[130,-93],[92,-135],[68,-10],[95,-43],[208,-151]],[[17616,16082],[-143,-8],[-144,72],[0,-22],[-81,-8]],[[16695,17589],[52,6],[19,36],[72,56],[54,25],[10,37],[33,13],[26,84],[35,31],[22,62],[35,44],[41,18]],[[17094,18001],[98,-61],[53,-13],[27,16],[51,-44],[128,-16],[83,-4],[27,-21],[76,-8],[19,59],[70,-3],[49,-177],[13,-67],[41,-44],[14,-37],[45,-20],[10,-44]],[[17898,17517],[-6,-79],[42,-70],[16,-66],[41,-72],[7,-96],[42,-90],[19,-94]],[[16559,18357],[28,97],[-18,26],[59,62],[17,-43],[57,-18],[37,4],[38,-36],[78,-28],[13,37],[9,101]],[[17105,18683],[36,-99],[-63,-44],[12,-69],[-113,-57],[22,-55],[-16,-33],[61,-97],[43,-18],[70,-97],[0,-28],[-38,-30],[-25,-55]],[[18388,18234],[-85,-101],[-36,29],[-53,-9],[-42,33],[-44,9],[-78,-21],[-33,-28],[2,-53],[-16,-35],[44,-52],[-10,-67],[-19,-30],[-27,-162],[10,-45],[-23,-18],[35,-57],[-115,-110]],[[18964,18398],[6,-62],[47,-8],[2,-35],[-35,-27],[30,-30],[-15,-27],[62,-33],[59,36],[129,-2],[112,46],[92,61],[52,10],[16,-29],[73,-78],[75,-45],[125,46],[89,-72],[8,-27]],[[19891,18122],[-37,-53],[-59,-28],[-19,-54],[-79,-68],[21,-65],[-32,-14],[17,-76],[-48,-15],[15,-121],[-26,-52],[6,-74],[64,-66],[81,-57],[-96,-49],[-38,-55],[20,-38],[-10,-60],[-37,-37],[-2,-50],[23,-74],[70,-76],[44,13],[76,-18],[23,-17],[96,17],[29,-60],[51,6],[32,45],[32,-15],[120,78],[96,1],[33,54],[59,11],[37,-12],[43,-41],[33,-97],[27,-51],[-28,-29],[-6,-48],[-28,-56],[20,-66]],[[20357,15864],[-45,-51],[-98,-32],[-12,-27],[-57,-22],[-6,-23],[-60,-42],[-57,-25],[-54,-2],[-6,-35],[-47,-23],[-38,30],[-62,26],[-58,-93],[-39,-10],[-15,-44],[18,-55],[-53,-43]],[[19668,15393],[-45,1],[-106,39],[-51,36],[-11,-34],[-86,-58],[-76,70],[-27,63],[-79,52],[-76,77],[-81,22]],[[19030,15661],[-20,112],[33,37],[-12,25],[19,59],[-6,48],[12,120],[69,218],[-32,56],[7,51]],[[19100,16387],[-48,37],[-104,-29],[-33,12],[-6,53],[50,75],[-5,55],[-54,-4],[-42,15],[-46,-33],[-37,-1],[-96,-43],[-50,0],[-30,70],[-57,13],[-84,-1],[-77,-19],[-30,6],[-71,-35],[-75,-69]],[[19100,16387],[-37,-14],[-11,-36],[-66,-105],[-40,-36],[5,-27],[-52,-32],[-33,-56],[-53,15],[-48,-11],[-1,-54],[-30,-23],[-92,91],[-54,-36],[-153,-6],[-57,-37],[-50,21],[-84,6],[-61,24],[-45,-5],[-113,35],[-91,10],[-80,-22],[-57,11],[-57,-15],[-124,-3]],[[19030,15661],[-18,-5],[-83,30],[-20,-37],[-59,-5],[0,-39],[-56,-68],[20,-90],[-9,-43],[-69,-57],[-49,10],[-82,51],[-43,-19],[40,-38],[-5,-62],[-42,-20],[-40,-72],[-36,-2],[-22,-33],[-40,-5],[-15,-57],[-239,-180],[-44,-69],[-50,-1],[-22,-83],[1,-52],[-50,-50],[-80,-56]],[[17918,14609],[-59,31],[8,31],[-84,64],[-58,63],[-7,25],[-62,74],[-38,26],[-95,31],[-30,28],[-66,94],[-22,73],[36,27],[-99,93],[-43,20],[-52,-42],[-43,11],[-37,-38],[-40,39],[-76,16],[-82,-66],[-145,30],[-61,38],[-57,89],[-53,65],[-42,34],[-25,69],[-32,-32],[-34,-66],[-43,-7],[-37,47],[-39,-16],[-9,-144],[7,-99],[-22,-31],[-7,-127],[10,-53],[-89,-35]],[[16291,14971],[-30,17],[-48,-27],[-55,-9]],[[17248,14359],[-183,88],[-223,-15],[-171,107],[93,139],[-473,293]],[[17918,14609],[-40,-22],[-38,-68]],[[17840,14519],[-20,-26]],[[17840,14519],[30,-10],[33,-59],[29,-11],[30,-63],[62,-45],[50,-72],[27,-59],[157,-46],[61,27],[41,-76],[-73,-9],[-36,-37],[-20,-112],[-46,-40],[16,-39],[-23,-109],[10,-91],[55,-137],[0,-39],[-30,-15],[-8,-38],[-33,-25],[44,-59],[-44,-45],[14,-105],[21,-48],[44,-11],[78,-75],[-6,-45],[38,-37],[-9,-61],[62,-48],[-77,-82],[13,-20],[1,-103],[-15,-48],[15,-52],[-37,-65],[-40,13],[-41,-57],[32,-37],[-76,-101],[37,-55],[-36,-42],[-51,-29],[3,-35],[61,-45],[38,-57],[13,-47],[-6,-70],[29,-39],[-15,-47],[16,-25],[4,-92]],[[18282,11745],[-72,-58]],[[18210,11687],[-70,34]],[[18140,11721],[-34,49],[-65,59],[-52,-24],[-24,47],[-118,102],[-62,66],[-29,11],[-9,42],[-34,18],[-21,61],[-72,31],[-32,31],[-153,-5],[-27,77],[32,100],[-68,19],[-16,33],[-66,18],[-65,59],[-18,34],[-95,37],[-106,4],[-70,-111],[-74,-26],[15,-67],[-52,-53],[-80,-6],[-41,-63],[-85,-26],[-90,73],[-22,-21],[-86,-11],[-50,29],[-42,51],[-65,-6],[-11,-20],[-58,15],[-4,38],[-43,-13],[-13,-79],[-61,-13],[-18,-27],[0,-120],[-16,-44],[-73,-27],[-45,-65]],[[18140,11721],[-43,-36],[-50,-77],[-42,-25],[-70,-17],[-61,21],[-63,-62],[-75,27],[-109,3],[-26,-37],[-71,-56],[-38,2],[-105,-53],[-50,-129],[-35,-41],[10,-73],[-69,-103],[-47,-4],[-28,-40],[-53,-1],[-18,47],[-40,11],[-21,31],[-55,-23],[-43,-43],[-27,41],[-30,-6],[-32,32],[-61,-61],[-49,17],[-118,-41],[-85,76],[-18,47],[-83,34],[-54,-15],[29,-122],[-34,-46],[-8,-53],[-25,-11],[-30,-50],[-42,-36]],[[16271,10849],[-42,25],[-52,10],[-89,-53],[-25,-1],[-79,49]],[[15984,10879],[45,64],[-1,64],[-66,31],[-43,36],[-10,61],[-50,45],[3,54],[-123,21],[-32,44],[4,43],[51,68],[6,51],[-23,57]],[[15557,18420],[3,45],[40,29],[10,55],[-8,51],[-56,21],[24,60],[-31,140],[-27,54]],[[15718,19015],[62,-15],[116,17],[52,-20],[86,56],[59,50],[68,-6],[28,33],[43,121],[44,-66],[34,-16],[43,34],[85,31],[41,43],[50,80],[10,46],[28,2],[22,72],[53,55]],[[17371,21799],[53,-10],[67,31],[72,-14],[165,22],[22,71],[68,43],[85,139],[45,22],[16,38],[95,-5],[43,-90],[2,-55],[67,-5],[30,22],[53,-58],[39,11],[8,32],[40,24],[158,-58],[89,18],[54,-28],[117,32],[5,-40],[-23,-51],[59,-58]],[[18800,21832],[-58,-42],[-25,-45],[-60,-16],[-31,-35],[-2,-35],[64,-118],[-5,-37],[-29,-25],[25,-64],[-16,-70],[-56,-93],[2,-43],[-36,-9],[-34,-45],[1,-79],[78,4],[37,-23],[-8,-108],[6,-61],[29,-82],[-11,-74],[-16,-26],[12,-48],[103,-37],[35,-58],[38,-12],[39,-63],[-4,-55],[21,-59],[31,-25]],[[18930,20349],[-58,-72],[5,-50],[36,-57],[-19,-38],[21,-28],[-24,-41],[44,-23],[5,-73],[27,-43],[-30,-64],[-76,-35],[-55,25],[-75,-10]],[[15928,21588],[-53,-15],[-74,-59],[-45,19],[-24,41],[-33,4],[-58,55],[-54,-2],[-18,55],[-69,61],[2,34],[-68,72],[-18,65],[-48,25],[-69,-12],[-20,53]],[[15279,21984],[17,63],[49,58],[25,92],[-13,41],[78,27],[-15,64],[14,107],[-51,34],[-6,66],[-41,25],[-11,73],[25,19],[2,70],[-63,48],[-77,86],[0,49],[47,43],[6,48]],[[15265,22997],[128,22],[-17,79],[53,37],[25,62],[138,-2],[62,40],[8,38],[65,88],[95,26],[100,-20],[89,18],[104,70],[87,3],[40,20],[67,-61],[34,-12],[109,37]],[[16452,23442],[-36,-121],[43,-85],[24,1],[73,-63],[23,-53],[120,-30],[55,26],[22,-57],[34,-42],[-7,-67],[33,-46],[49,-4],[12,-77],[81,34],[23,63],[24,26],[27,94],[66,40],[59,-12],[53,15],[30,-22],[-12,-33],[20,-50],[58,-1],[98,-46],[81,30],[71,-23],[104,17],[28,-51]],[[17708,22905],[-9,-66],[55,-17],[-15,-75],[-89,-100],[-8,-53],[8,-70],[53,-39],[-60,-48],[-37,-6],[-40,-60],[-11,-102],[-27,-43],[-64,-53],[-25,-83],[6,-60],[-25,-78],[-37,-71]],[[15265,22997],[-21,48],[20,50],[-28,57],[-80,37],[-23,44],[10,30],[-11,66],[-45,40],[-47,75],[40,102],[22,87],[-90,11],[-16,36],[42,137],[28,29],[69,33],[-11,27],[-59,28],[-42,2],[30,82],[44,87],[28,32],[-12,115],[44,50],[19,76]],[[15176,24378],[94,9],[75,63],[21,92],[96,14],[47,27],[24,-39],[123,-29],[53,30],[43,5],[8,-66],[-13,-73],[17,-100],[65,-2],[26,-32],[62,-41]],[[15917,24236],[-14,-69],[-24,-42],[-12,-102],[32,-12],[15,-56],[69,-81],[16,-118],[56,-5],[26,-24],[86,29],[21,-35],[72,-24],[41,11],[61,-19],[9,-40],[66,-56],[49,-95],[-34,-56]],[[15279,21984],[-47,25],[-39,44],[-47,28],[-45,2],[-26,29],[-51,5],[-56,-24],[-103,-4]],[[14865,22089],[-36,99],[-66,12],[-54,-9],[-33,55],[-37,-5],[-31,59],[-68,65],[-74,120],[52,72],[3,52],[23,28],[-43,57],[5,41],[-23,36],[-19,106],[-58,31],[-31,-8],[-43,25],[-34,44],[-9,49],[36,30],[-1,67],[-58,34],[6,63],[26,25],[-32,30],[0,34],[35,57],[-61,36],[-20,86],[14,27],[-46,77],[39,30],[29,76],[-41,34],[8,99],[-57,63],[-18,85],[-25,36],[47,86],[24,23],[-14,51],[28,58],[-8,23]],[[14200,24248],[54,150],[-21,30],[42,96],[-37,105],[32,53],[19,84],[-23,58],[-36,12],[-38,56],[8,40],[46,27],[0,68],[20,31],[86,16],[6,44],[41,18]],[[14399,25136],[8,-46],[126,-2],[88,22],[142,-2],[33,9],[46,-29],[54,-3],[66,30]],[[14962,25115],[100,-116],[43,-111],[-3,-32],[-48,-38],[8,-37],[73,-18],[4,-42],[-24,-70],[26,-10],[-5,-84],[-39,-76],[13,-58],[42,-10],[24,-35]],[[14602,19071],[-41,18],[-8,37],[42,43],[28,53],[-41,63],[-52,183],[60,57],[38,50],[3,33],[36,36],[-28,21],[-5,52],[19,47],[-23,37],[0,45],[23,51]],[[14653,19897],[18,52],[49,71],[0,43],[-34,52],[-43,-11],[-74,23],[-13,38],[-42,9],[-32,60],[33,34],[-34,76]],[[14481,20344],[38,28],[85,24],[-26,104],[-21,41],[-63,50],[-39,-31],[-21,46],[24,33],[-44,105],[80,39],[78,57],[-38,74],[30,42],[-26,46],[-2,38],[39,68],[-68,60],[-62,10],[-25,69]],[[14420,21247],[-1,69],[-16,38],[15,48],[-28,29],[-27,61],[77,74],[-3,34],[102,23],[15,37],[40,19],[36,45],[32,9],[14,65],[45,36],[33,-15],[59,16],[36,100],[-4,51],[22,37],[-2,66]],[[10706,16872],[39,48],[34,75],[57,47],[46,113],[8,99],[54,74],[60,35],[30,34],[63,16],[124,85],[67,19],[60,50],[48,-19],[83,20],[62,2],[21,19],[66,116],[51,26],[53,-11],[43,-39],[36,20],[13,41],[44,-14],[40,9],[15,49],[55,10],[37,32],[31,66],[50,17],[56,133]],[[12383,18686],[47,103],[13,107],[-9,35],[10,72],[-2,282],[-12,157],[-35,296],[4,85],[23,52],[-2,186],[-10,148]],[[12410,20209],[60,31],[100,11],[65,-65],[51,2],[21,-37],[88,-96],[4,-35],[-36,-68],[41,-34],[98,-31],[93,-104],[33,-49],[3,-58],[30,-88],[-40,-65],[28,-48],[52,-50],[83,-19],[63,-34],[44,24],[21,37],[-3,61],[62,29],[20,37],[47,-7],[95,-39],[28,-28],[97,-12],[58,37],[59,19],[22,57],[79,16],[9,-33],[76,-21],[28,62],[-23,26],[21,32],[-23,58],[4,36],[44,5],[68,-35],[100,49],[81,-30],[73,17],[31,31],[63,-32],[75,70],[41,90],[109,-31]],[[12410,20209],[-9,78],[19,157],[-21,126],[2,30],[-36,197],[7,37],[-10,105],[78,25],[55,58],[36,63],[27,102]],[[12558,21187],[75,-37],[143,-120],[-4,-52],[18,-40],[60,-4],[54,-87],[74,-5],[31,-18],[5,-81],[164,-50],[138,-55],[76,13],[64,-18],[73,-3],[64,-27],[4,-27],[72,-42],[63,14],[39,-34],[73,-24],[51,-75],[63,-38],[1,-44],[33,-20],[48,5],[81,-14],[-2,-50],[27,-5],[45,-50],[32,-4],[59,47],[76,4],[26,29],[5,75],[50,37],[42,-43]],[[12558,21187],[45,135],[35,22],[44,61],[14,95],[84,93],[58,77],[58,123]],[[12896,21793],[63,-41],[75,-25],[11,-45],[38,-49],[30,-75],[31,-19],[41,8],[29,-26],[38,4],[154,-30],[26,-23],[99,33],[48,28],[7,53],[48,95],[-26,55],[49,46],[76,12],[15,21],[130,62],[45,46]],[[13923,21923],[47,25],[43,-46],[96,-37],[13,-71],[38,-34],[37,-71],[55,-49],[-3,-49],[44,-118],[9,-110],[16,-73],[34,-43],[68,0]],[[10649,21861],[5,-32],[42,-40],[-85,-118],[-134,-21],[-8,49],[18,26],[59,29],[37,51],[66,56]],[[11179,21890],[17,-92],[-16,-38],[-55,-3],[-117,23],[-51,-4],[11,54],[121,43],[90,17]],[[12896,21793],[43,130],[30,150],[20,271],[-7,143],[14,47],[10,129],[30,62],[26,7],[24,44],[26,106],[13,130],[13,268]],[[13138,23280],[24,-43],[76,8],[12,-41],[38,-14],[6,-55],[65,-83],[78,4],[43,-14],[6,-32],[81,-34],[54,24],[36,-15],[42,17],[33,-15],[95,-11],[44,-40],[-27,-48],[-5,-64],[41,-46],[10,-62],[-6,-69],[-26,-61],[16,-165],[-85,-36],[-38,-66],[-53,-35],[6,-44],[41,-10],[41,-32],[-33,-49],[16,-38],[-20,-42],[17,-25],[59,-5],[-1,-33],[63,-24],[-4,-30],[40,-29]],[[13138,23280],[-2,132],[-22,236],[-23,151],[-16,38],[12,47],[-40,265],[-63,298]],[[12984,24447],[364,80],[119,37],[6,63],[-12,57],[29,28],[44,-93],[11,-69],[40,-81],[64,-3],[-21,-59],[33,-121],[29,-69],[-1,-34],[63,-51],[55,27],[44,-22],[75,26],[47,54],[94,8],[39,19],[94,4]],[[12984,24447],[-47,200],[-40,149],[-56,149]],[[12841,24945],[20,27],[-17,86],[-42,143],[-15,91],[-31,105],[-25,30],[-5,45],[95,95],[62,18],[91,99],[26,17],[61,0],[98,48],[130,8],[68,-22],[26,15],[93,9],[40,-38],[4,-55],[42,-64],[25,-104],[5,-62],[-15,-108],[12,-20],[118,-47],[58,-9],[48,-42],[-47,-45],[103,-62],[6,54],[101,19],[22,-90],[72,32],[44,61],[45,34],[34,1],[19,-90],[60,-39],[43,64],[46,28],[38,-41]],[[14517,28655],[70,-62],[118,-72],[165,-120],[176,-110],[91,-62],[73,-86],[67,-106],[185,-230],[194,-263],[114,-139],[148,-161],[175,-199]],[[16093,27045],[-137,-101],[-36,10],[-87,78],[-80,38],[-91,57],[-39,8],[-31,32],[-36,-6],[-6,-48],[-24,-31],[-41,-3],[-70,-31],[-39,29],[-33,-5],[-68,-72],[-34,-57],[3,-105],[-91,-34],[17,-72],[49,-21],[4,-62],[41,-4],[17,-142],[31,-50],[-7,-64],[-63,-27],[-31,-98],[15,-71],[-99,-23]],[[15127,26170],[-95,67],[-16,29],[-57,36],[-21,62],[13,22],[-84,42],[-47,2],[-32,42],[-87,-30],[-37,-24],[-65,-88],[-11,-34],[-65,-32],[-78,137],[-63,14],[-53,51],[-52,2]],[[14277,26468],[-6,51],[-64,5],[-30,50],[13,61],[-8,49],[47,43],[32,3],[21,43],[43,17],[23,33],[-7,47],[-31,29],[-10,74],[-24,63],[1,52],[-70,22],[3,55],[-77,86],[8,20],[69,31],[18,54],[33,34],[-30,86]],[[16093,27045],[48,-52],[167,-199],[24,-16],[91,-116],[121,-122],[94,-87],[89,-104],[100,-107],[26,-13],[92,4]],[[16945,26233],[-60,-37],[-85,-13],[-34,-35],[26,-62],[51,-52],[1,-36],[32,-34],[-69,-49],[28,-70],[-65,-10],[-28,-87],[-34,-19],[-64,33],[-26,33],[-76,-50],[-19,-70],[-54,-31]],[[16469,25644],[-54,4],[-41,36],[1,94],[-50,100],[-81,-19],[-65,53],[-84,-16],[-101,38],[-78,10],[-31,38],[-128,-23],[-67,-67],[-65,-5],[-30,-42],[2,-45],[-89,-12],[-4,-31],[-121,-5],[48,-53],[-66,-59],[-21,-42],[-39,-12],[-72,16],[-68,-21],[-30,20]],[[15135,25601],[20,78],[-54,71],[-4,51],[-27,83],[10,44],[50,31],[27,61],[3,54],[-75,1],[5,41],[37,54]],[[14962,25115],[2,26],[-36,34],[21,101],[53,29],[23,99],[-21,67],[47,41],[23,49],[61,40]],[[16469,25644],[16,-51],[42,-14],[-32,-50],[19,-31],[-4,-56],[30,-49],[-29,-120],[-42,-32],[-23,-66],[10,-35],[-41,-47],[6,-45],[-45,-55],[9,-64],[-44,-33],[-43,10],[-39,-54],[-48,3],[-25,37],[-47,-34],[-8,-32],[-67,-48],[-48,-70],[2,-69],[-63,-25],[-20,-40],[-11,-139],[43,-28],[4,-54],[-39,-41],[-15,-76]],[[16945,26233],[-22,-67],[41,-75],[58,-26],[2,-30],[70,-36],[-2,-105],[49,-60],[-24,-28],[45,-98],[33,-9],[52,-51],[26,-58],[66,-55],[8,-98],[56,-57],[-18,-41],[-1,-87],[115,-155],[84,-73],[48,-11],[18,-34],[-3,-45],[57,-72],[27,-83],[28,-40],[18,-61],[81,-34],[41,-66],[4,-32],[102,-112],[-2,-63],[93,-78],[47,-108],[51,-70],[94,-73],[42,-57],[51,-33],[26,-62],[35,-15],[48,-70],[62,-57],[54,-17],[4,-23],[92,-89],[50,-25]],[[18751,23594],[-40,-44],[-21,-75],[-37,-44],[-72,-53],[-96,-98],[-6,-19],[-133,-7],[-25,-33],[-58,39],[-59,9],[-49,-18],[-53,-45],[-99,-17],[-32,-61],[-57,-32],[21,-49],[-12,-50],[-87,-37],[-76,-5],[-52,-50]],[[14277,26468],[-9,-32],[-48,-44],[-35,26],[-34,-21],[-32,-61],[-32,-15],[-70,44],[-45,-21],[-84,59],[-52,-28],[-38,6],[-98,-24],[-83,8],[-73,45],[-171,-240],[-81,-15],[-62,19],[-27,-23],[-96,31],[-31,-5],[-29,39],[-35,-1],[-3,83],[-16,33],[-89,48],[-76,-8],[-316,-217],[-62,-125]],[[12450,26029],[-77,171],[-120,254],[-74,146],[-117,246],[-36,94],[-32,114]],[[8729,29093],[65,-82],[30,-63],[71,-62],[80,-14],[103,39],[20,33],[-17,127],[87,-73],[31,-82],[63,-118],[-28,-10],[-28,-89],[10,-90],[-10,-70],[12,-54],[6,-107],[-6,-82],[-22,-60],[-29,-18],[39,-150],[-62,-172],[12,-48],[-4,-72],[-113,-29],[-46,67],[43,46],[10,44],[-34,118],[-74,81],[-24,46],[12,29],[-23,62],[-2,55],[-27,81],[-27,36],[-36,107],[43,21],[-30,71],[8,47],[26,30],[-25,38],[39,56],[-15,64],[-50,44],[-83,22],[46,34],[10,30],[-50,38],[-1,79]],[[10218,26520],[-46,-26],[-57,21],[4,35],[-123,63],[-60,76],[-71,25],[-77,66],[-23,65],[-48,34],[-18,54],[-43,22],[-29,107],[23,29],[-57,22],[61,34],[10,33],[-37,41],[2,47],[-19,50],[53,74],[37,4]],[[9700,27396],[43,-66],[49,-31],[163,-29],[31,-22],[66,-99],[68,-19],[71,-44],[31,-127],[22,-26],[-3,-64],[32,-20],[-28,-154],[-2,-88],[-37,-50],[12,-37]],[[9700,27396],[37,76],[77,23],[30,33],[16,49],[54,48],[62,-4],[93,-43],[50,-42],[-2,-50],[37,-23],[106,9],[58,-36],[23,41],[56,-33],[15,-56],[74,-23],[39,-38],[113,-220],[25,-166],[1,-78],[-36,-21],[-83,-87],[8,-27],[-42,-35],[-31,-1],[-11,-41],[-36,-33],[4,-30],[-37,-24],[-25,26],[-144,-52],[-13,-18]],[[12841,24945],[3,53],[-29,101],[-74,211],[-108,286],[-183,433]],[[25222,17936],[70,10],[91,-27],[17,-75],[44,-68],[-8,-41],[70,-25],[38,18],[92,89],[6,22],[322,-132],[-35,-55],[9,-34],[45,-23],[12,-42],[49,-51],[56,-28],[-14,-58],[30,-95],[74,5],[15,-75],[-12,-30],[62,-86],[16,-60],[-15,-96],[38,-154],[46,-77],[7,-32],[55,-48],[144,-24],[62,0],[19,20],[70,6],[18,-17]],[[26715,16653],[1,-12]],[[26716,16641],[-46,-12],[-98,-82],[-41,-20],[-95,-23],[-28,-29],[-6,-44],[25,-42],[-37,-20],[-63,-91],[-58,-35],[-28,-61],[-64,-43],[-22,-35],[-24,-123],[4,-46],[-30,-44]],[[26105,15891],[-20,-7],[-77,67],[-62,-2],[-28,58],[-75,70],[-65,-3],[-97,13],[-6,44],[-26,21],[-59,93],[19,45],[-9,103],[33,108],[-47,60],[-35,21],[7,47],[-35,33],[-52,90],[3,28],[-47,79],[28,18],[-70,108],[-70,67],[-76,34],[-88,-123],[-26,-13],[-122,-131],[-74,11],[-20,-18],[-62,-3],[-57,18],[-38,-31],[-62,26],[-55,-50],[-100,70],[-57,3]],[[24935,14943],[-116,47],[-93,8],[-24,23],[13,47],[-43,23]],[[24672,15091],[-50,28],[19,67],[-19,23],[-58,6],[7,56],[-16,58],[-67,18],[-32,34],[-65,32],[-65,-65],[-43,8],[-1,31],[-111,74],[-57,65],[-44,16],[-22,30],[-59,126],[-5,50],[-88,33],[-29,45],[-34,6],[-26,109],[-70,72],[-1,48]],[[23736,16061],[22,22],[1,118],[34,10],[39,-27],[66,52],[84,-14],[18,44],[27,6],[28,73],[-44,45],[-51,18]],[[26105,15891],[-1,-64],[47,-133],[6,-49],[42,-27],[-15,-34],[15,-71],[-10,-86],[-61,-87]],[[32092,21145],[-36,-44],[-28,-68],[15,-114],[-33,-40],[0,-45],[-27,-71],[22,-62],[-39,-148],[-67,-41],[6,-37],[-45,-46],[-35,-81],[-40,-24],[-18,-136],[45,-46],[-25,-64],[34,-28],[-73,-51],[-7,-83],[-68,1],[-78,-25],[-55,-48],[-52,-8],[-37,-68],[-98,-42],[-91,-24],[-21,-72],[-51,-19],[-44,-89],[-58,2],[-49,-95],[-7,-56],[-98,-113],[-42,-120],[-40,-18],[-25,-46],[-73,-33],[-119,-8],[-40,-44],[-14,-98],[-30,-44],[0,-62],[-58,-20],[-67,7],[-56,-61],[-28,-66],[-27,-32],[-8,-59],[-46,-53],[8,-84],[35,-64],[-96,-56],[-17,-44],[-91,-76],[-44,-12],[-84,-1],[-97,-28],[-37,-31],[-10,-42],[-50,-4],[4,-49],[-65,-105],[-89,-49]],[[29628,17858],[58,-46],[90,-27],[-14,-30],[17,-85],[-44,-36],[-5,-40],[-60,-49],[-41,-5],[14,-67],[-42,-10],[-46,-65],[4,-59],[19,-39],[-46,-85],[-32,21],[-48,-16],[-31,74],[-41,15],[-16,-35],[-62,10],[-5,-37],[-39,-23],[21,-40],[-7,-48],[-44,-63],[-29,-20],[-173,-40],[-48,-1],[-45,23],[-130,9]],[[28803,17044],[-363,424],[-162,84],[-11,154],[-17,-3],[-14,201],[-315,-19]],[[27921,17885],[-17,288]],[[27904,18173],[264,-26],[310,-6],[9,18],[67,-11],[110,3],[262,33],[123,24],[147,40],[52,75],[131,49],[27,22],[-3,55],[75,94],[63,19],[106,65],[28,41],[37,16],[119,103],[11,34],[40,46],[50,152],[66,-7],[64,59],[15,49],[44,13],[47,60],[64,16],[91,93],[17,38],[-5,59],[55,55],[49,27],[72,15],[2,18],[69,63],[83,54],[116,100],[36,52],[57,11],[48,39],[42,69],[96,51],[54,55],[59,22],[54,40],[83,40],[45,59],[48,86],[49,121],[44,73],[-4,35],[41,47],[101,90],[38,24],[-2,30],[53,60],[66,49],[30,90],[105,67],[21,49],[19,98],[82,84],[46,-27]],[[28803,17044],[-13,-48],[1,-94],[16,-73],[-8,-28],[20,-58],[-10,-70],[35,-56],[14,-124]],[[28858,16493],[-80,-36],[-70,-78],[8,-56],[-99,-26],[-112,-80],[-34,-48],[-64,-21],[-36,-72],[-42,-1],[-37,63],[-69,5],[-69,-103],[-49,-7],[7,-68],[-120,-62]],[[27992,15903],[-41,53],[-78,34],[-46,-36],[-51,28],[-28,72],[-34,59],[12,58],[-44,115],[-56,5],[-85,34],[2,39],[-26,88]],[[27517,16452],[45,55],[-14,32],[-13,102],[38,136],[-7,104],[15,17],[2,71],[22,46],[78,6],[-30,457],[73,6],[-4,70],[220,17],[-21,314]],[[26883,18417],[188,-69],[147,-41],[292,-71],[107,-21],[287,-42]],[[27517,16452],[-37,53],[-50,7],[-44,41],[-152,33],[-109,-29],[-95,-37],[-62,6],[-51,73],[-121,39],[-47,-13],[-33,16]],[[26715,16653],[179,110],[25,33],[14,72],[-3,58],[20,27],[20,89],[37,76],[9,75]],[[23736,16061],[-81,-45],[-102,19],[-14,114],[-43,7],[-37,29],[-63,-36],[-78,29],[-20,-38],[-36,-17],[-29,-41],[-35,17],[-83,-10],[-15,48],[-86,43],[-74,-15]],[[22940,16165],[-45,43],[110,116],[92,12],[41,36],[63,32],[-26,40],[38,52],[-52,72],[-7,84],[44,10],[-11,121],[-37,-3],[-35,357],[6,6]],[[22940,16165],[34,-107],[-72,-72],[-6,-45],[-76,-21],[-61,5],[-93,-44],[-19,-19],[-142,26],[-58,-74],[-31,-113],[8,-53],[-52,-75],[-21,-53],[-68,6],[-72,-46],[-36,-58],[-55,-24],[-7,-56],[-39,-93]],[[22074,15249],[-110,52],[-41,44],[-59,27],[-27,55],[-23,5],[-32,50],[-52,39],[-46,-16],[-29,31],[-60,25],[-62,-15],[-30,-26],[-70,37],[-25,-11],[-26,50],[-106,-73],[-88,0],[-54,29],[-99,21],[-42,38],[-41,-25],[-98,-33]],[[20854,15553],[-54,27],[-8,97],[10,44],[-68,4],[-22,61],[-46,-8],[-79,20],[-67,64]],[[22737,18354],[-71,19],[-18,51],[13,52],[82,40],[-19,40],[23,63],[-12,35]],[[22735,18654],[51,7],[63,36],[156,-14],[31,-45],[59,33],[-19,44],[58,55],[11,38],[55,10],[40,31],[49,-1],[40,-39],[84,-18],[10,44],[-15,32],[26,75],[91,179],[19,51],[13,129],[-2,61],[32,27],[1,63],[-29,16],[14,68],[-12,48],[181,167]],[[19891,18122],[45,5],[-2,76],[80,63],[89,82],[8,50],[61,50],[-32,126],[-55,33],[26,53],[-3,38],[86,25],[33,-1],[40,31]],[[21791,19452],[438,-178],[23,5],[1,85],[51,-5],[3,-67],[76,38],[6,34],[93,50],[126,-19],[38,15],[27,-48],[39,-14],[-49,-98],[11,-36],[-13,-82],[9,-31],[-25,-85],[12,-21],[-59,-61],[-8,-27],[35,-80],[5,-67],[-18,-43],[52,-32],[30,8],[41,-39]],[[22584,20517],[100,-46],[263,-110],[13,-17],[331,-141],[251,-96],[204,-70]],[[18930,20349],[22,-21],[69,-15],[76,39],[30,-24],[28,-73],[103,29],[27,-26],[46,0],[92,38],[75,86],[41,3],[21,94],[1,85],[98,55],[75,54],[138,56],[64,47]],[[19936,20776],[100,19],[14,-29],[54,-6]],[[19936,20776],[-14,52],[-56,29],[2,58],[-22,26],[-60,21],[-14,80],[-33,26],[-7,76],[41,72],[-30,65],[26,37],[-1,50],[-114,178],[-47,-10],[-89,-41],[-60,4],[-38,22],[-62,-10],[-38,-28],[-84,-27],[-64,41],[-14,33],[-98,32],[-29,-22],[-38,28],[-82,144],[-4,26],[-73,26],[20,65]],[[18854,21829],[34,27],[43,-34],[56,43],[29,45],[83,62],[25,63],[52,-43],[4,-47],[39,-52],[85,31],[42,-41],[56,3],[23,-23],[85,16],[40,-16],[59,39],[22,43],[89,44],[44,-55],[70,-14],[35,29],[6,42],[74,18],[22,29],[80,41],[60,80],[21,94]],[[20132,22253],[123,-81],[153,-110],[332,-214],[68,-13],[6,-67],[30,-52],[174,-118],[53,-32]],[[18800,21832],[54,-3]],[[18751,23594],[54,-66],[56,-40],[45,-72],[117,-71],[18,-42],[116,-124],[50,2],[29,-50],[2,-57],[52,-41],[10,-48],[56,-21],[12,-37],[99,-150],[97,-100],[225,-165],[63,-40],[56,-3],[30,-69],[98,-79],[96,-68]],[[7595,9242],[-6,-61],[-61,-48],[-2,-23],[-48,-31],[19,-27],[0,-66],[30,-77],[31,-28],[18,-47],[56,-3],[-19,-53],[-55,5],[-1,-70],[-45,-45],[-31,1],[-44,-47]],[[7437,8622],[-22,20],[-60,3],[-9,53],[-71,28],[-48,5],[-91,-8],[-39,9],[-74,-19],[-53,3],[-140,-57],[-116,-32],[-47,-39],[-68,25],[-24,31],[-65,21],[-81,67]],[[7971,8414],[24,161],[70,272],[342,137],[27,54],[-9,55],[44,48],[58,3],[152,-30],[14,23]],[[9359,8672],[12,-126],[-11,-49]],[[11139,8643],[-210,-128],[-210,-139],[-75,-60],[-49,-58],[-49,-18],[-145,-110],[-350,-303],[-47,-44],[-90,-6]],[[14679,10723],[50,-36],[13,-61],[35,-31],[34,8],[-14,-112],[33,-73],[-1,-62],[20,-32],[-60,-69],[-40,-22],[17,-46],[-26,-45],[-15,-71],[-81,-69],[-8,-64],[-36,-16],[-20,-66],[-47,-13],[-35,-47],[-17,-100],[-55,-14],[-63,-60],[-45,-20],[-49,-45],[-55,-98],[17,-50],[-3,-120],[37,-96],[-29,-74],[-43,-21],[-47,24],[-62,-32],[-100,30],[-59,9],[-44,-21],[-43,-88],[6,-72],[-80,-40],[-38,-3],[-54,-39],[-12,-42],[-62,-36],[-8,-62]],[[13590,8726],[-294,135],[-7,44],[-56,-9],[-60,-59]],[[13317,9522],[3,94],[-14,33],[46,10],[44,36],[42,54],[4,81],[16,38],[43,32],[-6,66],[19,37],[61,17],[43,48],[64,103],[10,43],[60,63],[50,35],[34,52],[9,79],[38,70],[42,0],[80,108]],[[7691,8258],[23,60],[-41,85],[-60,72],[-72,42],[-104,105]],[[15984,10879],[-61,-67],[26,-113],[-55,-91],[18,-36],[-35,-35],[26,-55],[13,-69],[-25,-43],[5,-111],[-15,-14],[-1,-74],[-33,-27],[-2,-99],[-111,-57],[-35,-38],[-33,-4],[-17,-42],[-50,-41],[-85,-2],[-35,-20],[-56,3],[1,-73],[-52,-44],[11,-29],[-120,-26],[-26,-101],[4,-37],[-99,-59],[-37,-61],[10,-28],[-21,-38],[-52,-18],[1,-77],[-50,-35],[-5,-87],[-43,-60],[-39,-116],[-20,-182],[-52,-16],[-100,-64],[-35,-51],[-94,-24],[-33,13],[-72,-90]],[[14500,8541],[-66,-59],[-71,-11],[-48,-32],[-6,-43],[-83,35],[-71,3],[-18,-69],[-65,-50]],[[14072,8315],[3,19],[-61,55],[-78,42],[-30,52],[-63,49],[-29,6],[-80,123],[-144,65]],[[17922,9886],[-150,4],[-85,37],[1,36],[-43,82],[-34,-4],[-106,68],[-46,12],[-100,65],[-34,118],[-38,49],[-101,-19],[-71,-31],[-20,-36],[-105,-41],[-18,-17],[9,-54],[-18,-41],[-32,-5],[-24,-40],[-68,-21],[-29,13],[-127,-24],[-46,68],[-82,10],[-92,27],[-52,30],[-68,-24],[-40,15],[-17,55],[38,107],[38,57],[-6,89],[33,23],[7,44],[-14,71],[-37,25],[-53,-7],[-25,47],[5,60],[-26,46],[25,69]],[[18210,11687],[21,-51],[28,-7],[71,-52],[-8,-84],[-37,-17],[-29,-73],[38,-84],[18,-9],[-3,-66],[42,-42],[27,0],[30,-77],[-38,-48],[-79,-149],[36,-35],[45,-146],[76,-23]],[[18448,10724],[13,-40],[-39,-27],[-45,-59],[-82,5],[-70,-33],[-62,-81],[-15,-115],[-49,-107],[7,-88],[-27,-59],[18,-55]],[[14500,8541],[63,-70],[-44,-59],[80,-45],[55,28],[60,-52],[27,-8],[80,-69],[50,50],[66,16],[9,45],[79,46],[33,60],[32,30],[59,1],[34,33],[28,87],[21,5],[18,55],[56,78],[78,39],[11,35],[53,41],[6,52],[75,40],[78,5],[33,47],[28,-61],[60,6],[45,44],[23,51],[46,1],[28,-48],[45,-43],[75,-14],[64,-43],[39,2],[55,29],[76,-38],[30,3],[38,39],[134,12],[27,21],[44,-23],[42,23],[57,-1],[44,-33],[76,-33],[58,-8],[65,53]],[[16839,8970],[48,-58],[10,-60],[49,-21],[-141,-47],[-38,8],[-28,-85],[-55,-64],[-110,-70],[-137,-1],[-40,-64],[-22,1],[-50,-53],[-13,-43],[-49,17],[-29,-17],[-81,28],[-73,-17],[-39,19],[-20,-27],[26,-34],[6,-56],[-27,-68],[-60,-7],[-85,-133],[20,-127],[-22,-39],[2,-52],[-27,-16],[-4,-53],[-21,-35],[-63,-44],[3,-32],[-51,-25],[-3,-37],[-85,-39],[-21,9],[-49,-36],[-54,2],[-36,-39],[-33,10]],[[15437,7565],[-28,35],[-47,28],[-6,47],[-69,69],[-180,95],[-102,32],[-130,21],[-149,10],[-55,-3],[-42,54],[-146,39],[-88,16],[-46,45],[-18,55],[-79,68],[-100,51],[-80,88]],[[17965,9802],[-19,-45],[3,-44],[-77,-54],[-20,43],[-81,24],[-68,-17],[-93,17],[-35,-19],[-35,20],[-38,65],[-34,-11],[-41,16],[-37,-13],[-29,-59],[-56,1],[-30,-47],[-22,-103],[-60,-14],[8,-74],[-38,-23],[15,-55],[-14,-27],[24,-36],[-41,-53],[43,-57],[-41,-48],[16,-88],[-79,-51],[-36,21],[-61,-16],[-70,12],[-48,-42],[-32,-55]],[[18334,9415],[-52,-93],[-14,-50]],[[18268,9272],[-77,27],[-110,-58],[-63,-9],[-41,21],[-125,-55],[-54,-69],[-16,-45],[-55,-34],[-47,-57],[-84,-68],[-32,-59],[-93,6],[-66,-13],[-7,-23],[-92,-14],[-26,-32],[29,-50],[-42,-64],[-2,-58],[-29,-55],[-17,-64],[55,-84],[-29,-53],[36,-51],[-3,-56],[-73,-66],[-10,-89],[-30,-41],[-43,-28],[-51,13],[-34,-53],[-83,-21],[-34,-60],[-44,-23],[-66,-145],[-26,-18],[8,-49],[-61,-24],[-64,-47],[-59,-62],[-20,-38],[-49,-39],[-39,-51],[-13,-41],[-49,-26],[-191,-157],[-48,-15],[-33,-39],[-69,-36],[-60,-84]],[[16037,7016],[-76,69],[-106,54],[-35,38],[-91,60],[-8,34],[-50,68],[-130,127],[-89,62],[-15,37]],[[19594,7204],[34,-65],[21,-66],[80,-41],[14,-59],[61,-68],[45,-1],[38,-110],[59,-59],[51,-28],[12,-75],[60,-21],[95,-15],[32,-42],[-7,-51],[32,-87]],[[20221,6416],[-92,-89],[-50,-5],[-48,-33],[-33,8],[-39,-99],[-79,-20],[-136,28],[-41,-22],[-8,-34],[-51,9],[-75,-33],[-27,-36],[-66,9],[-53,-35],[-39,23],[-32,-47],[-92,-15],[-19,18],[-41,-30],[-17,-35],[-35,-18],[-16,-35],[-107,-50],[-11,-47],[-40,-31],[-17,-55],[22,-44],[-88,-82],[-24,-78]],[[18867,5538],[-122,31],[-76,-4],[-66,12],[-70,62],[-139,68],[-39,37],[-38,65],[-67,18],[-62,-2],[-69,52],[-68,16],[-64,-4],[-34,37],[-120,5],[-114,122]],[[17719,6053],[22,63],[39,25],[59,14],[-12,57],[75,52],[85,6],[78,59],[40,55],[68,73],[27,15],[-19,55],[37,33],[18,62],[27,25],[-1,64],[48,66],[40,10],[7,54],[-17,133],[27,34],[-7,36],[49,54],[41,74],[1,35],[39,51],[-51,79],[25,65],[-36,26],[-25,61],[8,144],[89,27],[48,0],[69,31],[25,37],[55,27],[45,-18],[56,39],[83,1],[17,42],[-6,38],[73,18]],[[18965,7875],[34,-85],[55,-36],[28,-123],[40,-4],[70,21],[35,-33],[84,-15],[17,-91],[38,-26],[51,-62],[19,-75],[59,-56],[46,-72],[53,-14]],[[20221,6416],[83,-13],[87,-44],[-7,-82],[70,-102],[27,-21],[69,3],[40,-33],[3,-56],[28,-82],[39,-60]],[[20660,5926],[-33,-6],[-83,-43],[-8,-61],[-24,-33],[35,-56],[-5,-48],[66,-128],[-9,-42],[-46,-14],[-43,-63],[31,-55],[68,-11],[72,-51],[-43,-63],[-22,25],[-77,-22],[-28,-87],[-62,-49],[-173,-24],[-131,13],[-49,17],[-72,-33],[-33,-58],[-33,-28]],[[19958,5006],[-33,30],[-283,126],[-47,30],[-9,48],[-50,39],[-57,15],[-57,85],[-8,29],[-56,27],[-117,29],[-76,2],[-56,44],[-33,-6],[-88,14],[-56,-7],[-65,27]],[[20660,5926],[37,-15],[76,-74],[52,30],[54,-8],[51,-39],[20,-53],[67,2],[3,-42],[171,32],[33,-35],[104,-17]],[[21328,5707],[-3,-66],[-25,-106],[-11,-92],[23,-67],[-25,-60],[-45,-174],[-1,-71],[23,-111],[-12,-49],[-85,-32],[-33,-69],[6,-38],[-69,-37],[-28,-31],[-61,-102],[-55,-164],[-26,-102],[-19,-173],[25,-49],[7,-51],[-26,-6],[-66,83],[-35,21],[-41,69],[-107,51],[-10,38],[-55,21],[-22,46],[-82,66],[-15,100],[-61,91],[-17,53],[-64,75],[-84,51],[-35,41],[-46,18],[-43,47],[-147,78]],[[18268,9272],[23,-45],[-6,-88],[39,-46],[30,-12],[17,-107],[95,-12],[38,-50],[25,-117],[51,-57],[8,-76],[28,-34],[44,-16]],[[18660,8612],[13,-49],[4,-104],[89,-29],[44,3],[57,-26],[-11,-129],[-27,-23],[-3,-47],[46,-42],[35,-59],[75,-11],[30,-63],[-6,-52],[-24,-35],[-17,-71]],[[17719,6053],[-58,39],[-53,58],[-69,18],[-42,43],[-92,57],[-28,27],[-82,10],[-32,17],[-107,28],[-195,115],[-64,-11],[-103,61],[-127,146],[-5,34],[-68,47],[-111,24],[-61,-8],[-62,52],[-131,60],[-44,67],[-148,79]],[[20383,11303],[-86,81],[-7,36],[-47,85],[-108,148],[-33,32],[-46,-1],[-86,46]],[[19970,11730],[-36,363],[-121,58],[182,680],[405,-100]],[[20400,12731],[331,-82],[-3,-48],[27,-58],[-32,-121],[-33,-54],[-10,-88],[204,-32],[46,278],[395,-63],[20,-61],[9,-95],[-26,-40],[50,-44],[58,-9]],[[21436,12214],[-18,-65],[5,-90],[20,-7],[62,-157],[-19,-58],[31,-23],[85,-223],[-40,-71],[14,-27],[-18,-54],[-134,-35],[-30,22],[-58,-34],[-1,-68],[-29,-34],[17,-36],[-12,-53]],[[21311,11201],[-35,-28],[-1,-40],[-45,-12],[-68,54],[-53,23],[-55,-14],[-110,-11],[-29,14]],[[20400,12731],[-22,31],[-86,67],[-41,50],[-27,58],[22,118],[-32,45],[8,56],[-49,82],[1,33],[-46,87],[17,60]],[[20145,13418],[248,-58],[188,-50],[405,-100],[-23,-44],[578,-92],[62,-17],[-13,-63],[100,-14]],[[21690,12980],[-18,-68],[9,-257],[67,-87],[15,-71],[55,-28]],[[21818,12469],[-154,-209],[-163,-32],[-34,-25],[-31,11]],[[20854,15553],[-47,-124],[31,-106],[-5,-37],[38,-93],[-55,-42],[-21,-40],[-47,-143],[16,-63],[-40,-74],[60,-50],[76,-94],[-28,-40],[68,-100],[-3,-83],[-28,-35],[6,-48],[41,7],[20,-69],[45,0],[55,-31],[59,1],[26,-44],[8,-63],[25,-45],[88,-54],[58,-84],[-3,-54],[-38,-23],[9,-47],[369,-56],[80,-48],[16,-35],[65,-45],[-53,-304],[47,-4]],[[21792,13383],[-42,-81],[-14,-95],[29,-49],[-59,-38],[21,-59],[-37,-81]],[[20145,13418],[73,196],[17,172],[58,83],[70,40],[-8,81],[-28,16],[-37,97],[-60,68],[-38,14],[6,51],[-86,125],[-42,40],[-71,11],[-31,-39],[-83,7],[-43,37],[-76,41]],[[19766,14458],[1,75],[-26,27],[20,48],[-28,54],[27,98],[24,40],[-19,62],[47,75],[26,64],[-15,39],[-58,65],[-45,145],[-69,45],[-10,38],[27,60]],[[19970,11730],[-43,37],[-218,131]],[[19709,11898],[-110,95],[-69,68],[-50,25],[-55,48],[-114,137],[-16,57],[-57,53],[-25,95],[5,28]],[[19218,12504],[-5,76],[-20,69],[12,51],[-24,34],[29,26],[-12,39],[72,114],[48,1],[28,57],[-1,94],[45,-15],[45,16],[20,90],[-43,48],[79,42],[8,37],[34,28],[-58,44],[7,41],[-31,24],[39,73],[-31,55],[29,39],[1,57],[-30,27],[29,69],[32,44],[36,114],[91,35],[20,84],[-36,80],[-30,22],[-4,38],[28,21],[17,71],[-11,63],[63,17],[40,50],[4,47],[28,32]],[[19218,12504],[-66,-14],[-8,-60],[23,-34],[-17,-44],[16,-41],[-178,-38],[50,-124],[-213,-61],[28,-57],[-11,-48],[-36,-23],[-1,-52],[-68,10],[-86,-24],[-51,7],[-44,-36],[-52,-23],[-40,-48],[-67,-35],[-115,-14]],[[19709,11898],[16,-156],[-157,-16],[33,-338],[-199,-20],[-16,-18],[77,-71],[22,15],[62,-57],[24,-75],[-54,-29],[5,-30],[-97,35],[-123,-39],[37,-28],[22,37],[39,-2],[-67,-78],[28,-84],[-39,-52],[-61,-55],[-71,-22],[-2,-36],[80,-31],[-30,-53],[63,-34],[-86,-149],[-56,18],[-67,61],[-59,-40],[-124,38],[-106,5],[-88,44],[-35,59],[-79,16],[-36,50],[-117,-39]],[[20616,9525],[-41,-23],[-107,-220],[-132,-205],[-85,-67],[33,-40],[-123,-99],[28,-45],[-67,-54],[-40,47],[-111,-38],[-77,-1],[-82,-42]],[[19812,8738],[-73,-8],[-23,26],[-79,-47],[-23,-43],[-102,15],[-34,15],[-39,-32],[-63,-20],[-40,29],[-51,-23],[-24,-45],[-56,-63],[-53,9],[-37,48],[-90,-10],[-77,15],[-70,53],[-90,9],[-36,-30],[-92,-24]],[[20923,9710],[194,-49],[-27,-73],[-13,-143],[-84,-327],[42,-55],[176,-23],[10,-36],[-47,-235],[-38,5],[-78,-34],[-93,-63],[-143,-68],[-38,5]],[[20784,8614],[-90,22],[-274,8],[-59,17],[-98,-7],[-45,-14],[-100,48],[-62,-20],[-134,13],[-27,-11],[-83,68]],[[20784,8614],[-20,-36],[62,-33],[-34,-63],[98,-51],[9,17],[97,-51],[8,16],[190,-99],[212,89],[97,-50],[34,-35],[33,10],[46,-149],[148,42],[2,14],[249,74],[-17,38],[-30,9],[-81,98],[-3,20],[-58,36],[-28,40],[-12,64],[13,41],[-48,94],[-45,25],[-42,-32],[-89,37],[4,52],[-41,62],[41,106],[-5,43],[-32,45],[27,54]],[[21569,9141],[20,35],[96,-7],[-13,65],[45,20],[48,78],[42,34],[63,-40],[42,-47],[30,10],[-1,-63],[31,-68],[42,-23],[82,-84],[36,49],[51,-34],[-24,-44],[-1,-47],[99,-48],[-19,-27],[51,-70],[37,-24],[52,15],[-28,-62],[36,-62],[-21,-43],[32,-21]],[[22397,8633],[-158,-227],[-270,-367],[-61,-96],[1,-16],[-179,-299],[-57,-115]],[[21673,7513],[-15,32],[-88,38],[-10,39],[-58,22],[-38,-21],[-103,43],[-17,31],[-39,-14],[-56,22],[-12,25],[-128,6],[-66,-27],[-43,22],[-43,-19],[-40,19],[-124,-33],[-92,8],[-50,-26],[-24,-51],[-115,1],[-24,-17],[-70,-2],[-34,-45],[-32,6],[-36,-27],[-64,-5],[-45,29],[-45,4],[-29,-22],[-82,27],[-47,-9],[-27,35],[-40,0],[-69,-35],[-42,-39],[-35,4],[-28,-50],[6,-91],[-86,-63],[-89,-126]],[[21673,7513],[-173,-347],[-28,-93],[-37,-59],[-94,-221],[-1,-60],[33,-17],[-30,-51],[-33,15],[3,-95],[-60,-163],[-10,-124],[35,-53],[5,-62],[27,-27],[-10,-77],[28,-42],[63,-34],[-16,-70],[15,-16],[-14,-107],[-48,-103]],[[21311,11201],[104,35],[125,-3],[57,15],[34,-35],[-9,-55],[58,-68],[104,-65],[88,-96],[94,-170]],[[21966,10759],[-289,-26],[38,-374],[-243,-252],[-7,-316],[-70,-112],[-31,-104],[17,-33],[-32,-74],[19,-55],[-5,-40],[43,-86],[-6,-63],[77,1],[50,-33],[42,-51]],[[21818,12469],[150,-109],[26,5],[33,-58],[79,-102],[59,-31],[160,-121],[250,137],[14,-13]],[[22589,12177],[-10,-47],[23,-29],[14,-100],[87,-65],[5,-31],[44,-23],[3,-35],[-30,-77],[-34,-56],[-21,-70],[7,-78],[30,-39],[4,-49],[-36,-24],[-60,-72],[27,-98],[38,-16],[7,-128],[-29,-23],[-25,-92],[-44,-17],[-53,-62],[5,-45]],[[22541,10901],[-201,-89],[-125,-36],[-52,1],[-197,-18]],[[22541,10901],[-1,-31],[72,-42],[42,-41],[18,-42],[53,-23],[-72,-85],[-39,1],[-31,-68],[56,-112],[4,-41],[55,-39],[-18,-49],[36,-49],[64,-23],[-40,-380],[32,-65],[-7,-87],[63,-34],[-39,-55],[47,-100],[20,-16],[77,-3],[21,35],[77,9],[26,-16],[47,34],[60,-1],[25,-17],[99,60]],[[23288,9621],[-100,-103],[-115,-106],[-47,-55],[-54,-41],[-168,-185],[-121,-139],[-286,-359]],[[21792,13383],[353,-32],[68,-32],[68,3],[76,-46],[94,23],[66,-53],[58,-98],[31,-28],[7,-40],[36,-78],[51,21],[0,63],[421,262],[37,-61],[105,-74],[56,-10],[37,-75],[116,-61],[49,28],[32,37],[79,1],[98,15],[46,-50],[57,-5]],[[23833,13093],[-15,-74],[-69,-46],[1,-65],[30,-33],[-4,-37],[-50,2],[-26,-34]],[[23700,12806],[-74,-11],[-57,21],[-86,-38],[-42,-44],[-95,-5],[-131,-94],[-9,-30],[-72,-12],[-59,-59],[-92,-67],[-62,-12],[-37,-21],[-27,-47],[-43,-4],[-14,-58],[-54,-31],[-86,-6],[-39,-32],[13,-31],[-45,-48]],[[24985,14308],[-66,-35],[-37,-6],[-27,-32],[-37,0],[-58,-23],[-30,-38],[-43,13],[-6,-54],[-73,-46],[-24,-46],[-65,20],[-15,-43],[-32,10],[-31,-48],[-55,-32],[9,-47],[-43,-18],[-49,-63],[-47,8],[-45,-37],[-93,-124],[-107,46],[-7,-42],[14,-163],[-38,-12],[-42,-49],[-4,-47],[-50,13],[-14,-126],[-32,-8],[-20,-93],[36,-29],[3,-37],[-24,-27]],[[22074,15249],[-39,-428],[478,88],[187,-75],[65,80],[32,-6],[53,58],[96,-20],[102,-42],[53,-37],[88,-107],[54,-16],[52,11],[55,44],[36,-12],[27,28],[53,-47],[24,25],[33,-30],[-60,-70],[5,-38],[-32,-49],[-60,-11],[9,-44],[-35,-114],[-29,19],[-63,-28],[-30,-47],[-52,7],[-21,-61],[-25,-10],[-19,-58],[24,-50],[72,8],[26,-96],[86,-22],[92,21],[68,91],[113,19],[1,74],[43,-4],[18,45],[34,32],[38,-1],[79,55],[6,71],[30,-8],[36,36],[43,78],[-40,59],[44,76],[10,66],[67,50],[12,52],[-51,70],[97,58],[-53,92],[37,30],[90,-32],[58,-42],[13,-36],[101,-12],[33,-22],[141,22],[56,22],[60,2],[16,19],[61,9]],[[24243,10536],[-109,-98],[-138,-144],[-18,-29],[-90,-85],[-37,-24],[-111,-105],[-58,-75],[-22,-5],[-126,-113],[-117,-117],[-129,-120]],[[23700,12806],[-3,-28],[40,-34],[-23,-71],[-13,-87],[-41,-27],[-30,-55]],[[27075,12166],[-9,70],[34,68],[-31,68],[24,53]],[[27093,12425],[334,55],[16,-7],[158,12],[101,-46],[44,16],[47,-92],[48,13],[-11,-53],[21,-34],[2,-77],[27,-61],[5,-82],[41,-32],[2,-80],[-46,-67],[36,-82],[48,29],[25,-8]],[[27991,11829],[34,-43],[-10,-125],[-27,-19],[11,-36],[55,-75],[207,-33],[139,-12],[232,73],[138,27],[-9,55],[84,19]],[[28845,11660],[-38,-100],[-7,-60],[33,-50],[50,-21],[55,-91],[48,-11],[155,-125],[-22,-16],[-129,-6],[-155,6],[-183,29],[-103,5],[-52,42],[-56,12],[-77,-6],[-58,39],[-115,-2],[-70,-14],[-106,11],[-58,-5],[-67,-22],[-119,32],[-82,-22],[-80,-46],[-71,-16]],[[27991,11829],[66,83],[56,88],[41,40],[38,-23],[79,46],[50,4],[54,98],[-2,43],[99,162],[101,21],[2,36],[-46,74],[-18,5],[-4,86],[-12,19],[-24,107],[65,29],[28,-41],[-21,-23],[14,-42],[68,16],[8,49],[81,47],[18,34],[34,-4],[89,41],[-4,81],[111,80],[140,-19],[72,-62],[64,-18],[13,-30],[56,12],[-22,86],[-38,39],[-19,49],[-91,66],[-82,20],[-26,33],[-47,5],[-29,38],[27,23],[24,61],[-49,216],[-22,50],[-39,37],[-62,21],[-129,79],[-48,-1],[-11,66],[-49,54],[-2,68],[-63,36],[3,86],[-26,96],[14,44]],[[28521,14140],[44,-13],[16,-45],[38,-24],[43,34],[37,-25],[103,-111],[20,-57],[63,1],[109,-68],[43,8],[10,-33],[91,-6],[16,-18],[128,-8],[57,-11],[96,-44],[33,-66],[82,-41],[50,34],[41,-27],[87,-89],[82,-59],[27,-88]],[[29837,13384],[-18,-24],[94,-74],[-23,-28],[143,-112],[-91,-109],[56,-45],[-115,-139],[120,-95],[19,-62],[93,-28],[54,-40],[59,-22],[19,-28],[82,-46],[-48,-28],[-77,-121],[2,-58],[41,-76],[-5,-42],[-77,-25],[-22,-72],[-39,-35],[41,-42],[4,-56],[22,-42],[57,-43],[-6,-48],[31,-24],[-9,-48],[21,-52],[-2,-113]],[[30263,11607],[-74,-40],[-43,-46],[-63,-4],[-35,32],[-31,-20],[-61,39],[-63,12],[-43,-26],[-45,0],[-58,22],[-95,-33],[-30,12],[-5,46],[-31,29],[-67,25],[14,37],[-56,64],[-80,6],[26,60],[-13,70],[98,105],[-136,62],[-60,12],[-80,-2],[-94,-24],[-43,-31],[-78,-103],[-88,-90],[-84,-161]],[[29616,11377],[30,-23],[-38,-58],[-41,18],[49,63]],[[32031,12880],[-54,-43],[-55,30],[-47,7],[-69,-18],[-75,-38],[-114,-42],[-95,-69],[-31,-50],[-126,-43],[-97,26],[-29,60],[-48,16],[-125,-40],[-77,-77],[-49,-10],[-51,-95],[-15,-109],[6,-57],[24,-79],[32,-16],[67,5],[21,-15],[113,29],[-12,-50],[-41,-56],[-88,-6],[-55,65],[-93,8],[-58,-37],[-39,-70],[13,-45],[-25,-29],[7,-62],[-139,-36],[-51,-63],[-62,-1],[-48,-19],[-1,-38],[-32,-21],[35,-66],[-31,-70],[-71,-47],[-57,-19],[-26,17]],[[29837,13384],[113,33],[53,-6],[82,-71],[53,-22],[68,-11],[59,-66],[90,-61],[59,-6],[60,36],[-1,32],[48,53],[56,25],[63,49],[44,-19],[132,-12],[15,-18],[60,7],[54,-20],[54,24],[46,52],[42,-7],[39,60],[57,45],[64,6],[29,-19],[56,8]],[[27093,12425],[26,18],[5,43],[71,43],[14,23],[64,15],[61,98],[-7,30],[27,48],[-22,85],[-33,0],[-48,120],[49,67],[28,59],[3,44],[-27,40],[-12,69],[-30,46],[-34,16],[14,44],[-63,65],[-66,13],[-29,31],[-20,51],[-32,12],[-41,58],[-53,35],[-22,53],[5,123],[-22,28],[14,51],[-9,100],[-45,42],[-9,35],[-93,101],[-45,78],[-65,18],[-107,14],[-37,44],[70,136],[-14,37],[-60,96],[-16,93],[-74,58],[-39,8],[-61,49],[-45,66],[-52,36]],[[26212,14864],[60,1],[20,-46],[38,-37],[67,-31],[28,16],[115,-36],[59,24],[14,-49],[77,-43],[67,8],[26,-15],[38,22],[127,-216],[91,2],[31,-36],[174,109],[-3,63],[54,59],[39,2],[21,-38],[102,-25],[15,-20],[56,-8],[66,-49],[63,10],[61,-57],[-4,-49],[43,-24],[79,4],[-21,89],[-30,54],[147,83],[-20,33],[22,51],[13,123],[33,44],[57,48],[-20,48],[3,74],[25,50],[-32,41],[0,46],[109,5],[-81,138],[-33,88],[-39,42],[-64,111],[25,37],[71,64],[36,61]],[[28037,15735],[61,3],[53,-27],[74,-20],[291,-167],[408,-433]],[[28924,15091],[-354,-311],[-87,28],[-55,5],[-32,-57],[-25,-15],[26,-51],[-43,-20],[0,-54],[37,-42],[-6,-39],[64,-84],[41,-103],[-10,-44],[15,-65],[19,-15],[7,-84]],[[27992,15903],[23,-60],[-6,-34],[28,-74]],[[26163,11633],[-123,-29],[-128,-38],[-100,-37],[-204,-96],[-72,-57],[-119,-60],[-47,6],[-221,-112],[-183,-120]],[[28924,15091],[56,46],[57,-59],[43,-24],[49,18],[112,-32],[88,-1],[111,14],[22,18],[96,-25],[131,13],[66,46],[178,-185],[53,8],[50,47],[38,6],[82,-12],[285,251],[34,70],[-137,146],[73,15],[75,61],[93,-5],[51,8],[19,25],[128,29],[116,73]],[[30893,15642],[89,17],[22,-16],[67,69],[25,-9],[34,63],[63,24],[33,63],[0,70],[24,28],[74,40],[26,-37]],[[31350,15954],[-20,-49],[85,-82],[36,-4],[-19,-81],[51,-72],[-9,-65],[69,-108],[12,-51],[23,-20],[22,-82],[2,-103],[26,-160],[24,-66],[32,-139],[6,-117],[46,-159],[37,-99],[101,-207],[58,-97],[81,-105],[116,-123],[86,-74],[99,-70],[36,-64],[27,-21]],[[31600,15996],[0,9]],[[31600,16005],[129,-29],[173,-48],[137,-59],[53,-45],[42,-67],[23,-95],[-27,-61],[-55,-41],[-62,-15],[-108,11],[22,46],[-8,50],[63,-13],[83,-3],[44,61],[0,55],[-33,39],[2,36],[-39,27],[-50,7],[-60,42],[-131,-61],[-3,58],[-53,-8],[-29,37],[1,43],[-114,24]],[[28858,16493],[59,-11],[46,73],[101,26],[35,30],[86,-17],[46,-29],[39,-2],[22,50],[74,8],[17,-22],[51,-2],[143,-55],[51,-11],[15,-73],[36,-45],[344,-156],[372,-175],[33,33],[124,20],[25,38],[47,9],[57,-33],[31,6],[7,-62],[-51,-64],[-7,-29],[-50,-61],[97,-106],[185,-191]],[[29628,17858],[73,22],[41,42],[123,42],[2,29],[73,36],[93,5],[81,-40],[112,-31],[131,-90],[56,-81],[53,-21],[138,-5],[36,-27],[59,12],[29,-14],[86,8]],[[30814,17745],[-34,-151],[-59,-146],[-62,-39],[-46,-53],[14,-99],[-24,-43],[25,-100],[5,-94],[22,-73],[86,-117],[50,-43],[11,-53],[64,-122],[67,-105],[23,-72],[36,-43],[27,-80],[-4,-36],[43,-49],[71,-38],[276,-112],[83,-23],[112,-49]],[[31600,15996],[-82,4],[-47,47],[-64,16],[-68,-3],[23,-48],[-12,-58]],[[32092,21145],[35,-13],[-19,-57],[7,-46],[44,-28],[8,-41],[-29,-30],[20,-87],[-7,-28],[41,-80],[53,-134],[-24,-94],[-51,-32],[-26,-37],[12,-60],[-17,-23],[9,-47],[-57,-66],[-25,-59],[1,-57],[-23,-42],[-50,-24],[-12,-45],[-46,-52],[-28,-59],[-33,-11],[-25,-59],[-52,-53],[-101,-73],[-44,-87],[-29,-119],[-26,-43],[-28,-98],[27,-148],[-36,-41],[3,-30],[-87,-149],[-95,-56],[-29,-57],[-95,-92],[-19,-60],[-80,-86],[-43,-36],[-30,-78],[-39,-22],[-33,-85],[-33,-44],[-18,-81],[-30,-45],[-11,-63],[-36,-39],[-30,-92],[-56,-70],[-11,-36],[15,-69],[-18,-54],[28,-83]]],"transform":{"scale":[0.00018705419837420593,0.00014128885081541605],"translate":[139.33467128365294,41.353696108588565]},"objects":{"municipalities":{"type":"GeometryCollection","geometries":[{"arcs":[[0,1,2,3,4,5,6,7,8,9,10,11]],"type":"Polygon","properties":{"code5":"01100","name":"札幌市"}},{"arcs":[[12,13,14,15]],"type":"Polygon","properties":{"code5":"01202","name":"函館市"}},{"arcs":[[-9,16,17,18,19]],"type":"Polygon","properties":{"code5":"01203","name":"小樽市"}},{"arcs":[[20,21,22,23,24,25,26,27,28,29,30,31]],"type":"Polygon","properties":{"code5":"01204","name":"旭川市"}},{"arcs":[[32,33,34]],"type":"Polygon","properties":{"code5":"01205","name":"室蘭市"}},{"arcs":[[[35,36,37]],[[38,39,40,41,42,43,44]]],"type":"MultiPolygon","properties":{"code5":"01206","name":"釧路市"}},{"arcs":[[45,46,47,48,49,50,51,52]],"type":"Polygon","properties":{"code5":"01207","name":"帯広市"}},{"arcs":[[53,54,55,56,57,58,59,60,61,62,63,64]],"type":"Polygon","properties":{"code5":"01208","name":"北見市"}},{"arcs":[[65,66,67,68,69,70,71,72,73]],"type":"Polygon","properties":{"code5":"01209","name":"夕張市"}},{"arcs":[[-71,74,75,76,77,78,79,80,81]],"type":"Polygon","properties":{"code5":"01210","name":"岩見沢市"}},{"arcs":[[-54,82,83,84]],"type":"Polygon","properties":{"code5":"01211","name":"網走市"}},{"arcs":[[85,86,87,88,89]],"type":"Polygon","properties":{"code5":"01212","name":"留萌市"}},{"arcs":[[90,91,92,93,94]],"type":"Polygon","properties":{"code5":"01213","name":"苫小牧市"}},{"arcs":[[95,96,97]],"type":"Polygon","properties":{"code5":"01214","name":"稚内市"}},{"arcs":[[-81,98,99,100,101,102]],"type":"Polygon","properties":{"code5":"01215","name":"美唄市"}},{"arcs":[[-29,103,104,105,106,-73,107,-102,108,109,110,111,112]],"type":"Polygon","properties":{"code5":"01216","name":"芦別市"}},{"arcs":[[-12,113,114,-78,115,116,-1]],"type":"Polygon","properties":{"code5":"01217","name":"江別市"}},{"arcs":[[-112,117,118,119,120]],"type":"Polygon","properties":{"code5":"01218","name":"赤平市"}},{"arcs":[[121,122,123,124,125]],"type":"Polygon","properties":{"code5":"01219","name":"紋別市"}},{"arcs":[[126,127,128,129,130,131,132,133,134,135]],"type":"Polygon","properties":{"code5":"01220","name":"士別市"}},{"arcs":[[-127,136,137,138,139]],"type":"Polygon","properties":{"code5":"01221","name":"名寄市"}},{"arcs":[[-72,-82,-103,-108]],"type":"Polygon","properties":{"code5":"01222","name":"三笠市"}},{"arcs":[[[140]],[[141]],[[142,143,144]],[[145]],[[146]],[[147]],[[148]],[[149]]],"type":"MultiPolygon","properties":{"code5":"01223","name":"根室市"}},{"arcs":[[-4,150,151,152,153,-94,154,155]],"type":"Polygon","properties":{"code5":"01224","name":"千歳市"}},{"arcs":[[-120,156,157,158,159,160]],"type":"Polygon","properties":{"code5":"01225","name":"滝川市"}},{"arcs":[[-119,161,162,163,164,-157]],"type":"Polygon","properties":{"code5":"01226","name":"砂川市"}},{"arcs":[[-111,165,-162,-118]],"type":"Polygon","properties":{"code5":"01227","name":"歌志内市"}},{"arcs":[[-30,-113,-121,-161,166,167,168,169,170]],"type":"Polygon","properties":{"code5":"01228","name":"深川市"}},{"arcs":[[-106,171,172,173]],"type":"Polygon","properties":{"code5":"01229","name":"富良野市"}},{"arcs":[[-35,174,175,176,177]],"type":"Polygon","properties":{"code5":"01230","name":"登別市"}},{"arcs":[[-3,178,179,-151]],"type":"Polygon","properties":{"code5":"01231","name":"恵庭市"}},{"arcs":[[[-5,-156,180,181,182,183,184]],[[-34,185,186,187,-175]]],"type":"MultiPolygon","properties":{"code5":"01233","name":"伊達市"}},{"arcs":[[-2,-117,188,189,-179]],"type":"Polygon","properties":{"code5":"01234","name":"北広島市"}},{"arcs":[[-10,-20,190,191,192,193]],"type":"Polygon","properties":{"code5":"01235","name":"石狩市"}},{"arcs":[[-13,194,195,196,197,198]],"type":"Polygon","properties":{"code5":"01236","name":"北斗市"}},{"arcs":[[-11,-194,199,200,201,202,-114]],"type":"Polygon","properties":{"code5":"01303","name":"当別町"}},{"arcs":[[-79,-115,-203,203]],"type":"Polygon","properties":{"code5":"01304","name":"新篠津村"}},{"arcs":[[[204]],[[205]],[[206,207,208]]],"type":"MultiPolygon","properties":{"code5":"01331","name":"松前町"}},{"arcs":[[-207,209,210,211]],"type":"Polygon","properties":{"code5":"01332","name":"福島町"}},{"arcs":[[-211,212,213,214]],"type":"Polygon","properties":{"code5":"01333","name":"知内町"}},{"arcs":[[-196,215,-214,216,217]],"type":"Polygon","properties":{"code5":"01334","name":"木古内町"}},{"arcs":[[-14,-199,218,219]],"type":"Polygon","properties":{"code5":"01337","name":"七飯町"}},{"arcs":[[-15,-220,220,221]],"type":"Polygon","properties":{"code5":"01343","name":"鹿部町"}},{"arcs":[[-198,222,223,224,-221,-219]],"type":"Polygon","properties":{"code5":"01345","name":"森町"}},{"arcs":[[225,226,227,228,-224,229,230,231]],"type":"Polygon","properties":{"code5":"01346","name":"八雲町"}},{"arcs":[[-228,232,233,234,235,236]],"type":"Polygon","properties":{"code5":"01347","name":"長万部町"}},{"arcs":[[237,238,239,240]],"type":"Polygon","properties":{"code5":"01361","name":"江差町"}},{"arcs":[[-209,241,-239,242,-217,-213,-210]],"type":"Polygon","properties":{"code5":"01362","name":"上ノ国町"}},{"arcs":[[-197,-218,-243,-238,243,-230,-223]],"type":"Polygon","properties":{"code5":"01363","name":"厚沢部町"}},{"arcs":[[-231,-244,-241,244]],"type":"Polygon","properties":{"code5":"01364","name":"乙部町"}},{"arcs":[[245]],"type":"Polygon","properties":{"code5":"01367","name":"奥尻町"}},{"arcs":[[246,247,-233,-227]],"type":"Polygon","properties":{"code5":"01370","name":"今金町"}},{"arcs":[[-247,-226,248,249]],"type":"Polygon","properties":{"code5":"01371","name":"せたな町"}},{"arcs":[[-250,250,251,252,-234,-248]],"type":"Polygon","properties":{"code5":"01391","name":"島牧村"}},{"arcs":[[-252,253,254,255]],"type":"Polygon","properties":{"code5":"01392","name":"寿都町"}},{"arcs":[[-235,-253,-256,256,257]],"type":"Polygon","properties":{"code5":"01393","name":"黒松内町"}},{"arcs":[[-255,258,259,260,261,262,263,-257]],"type":"Polygon","properties":{"code5":"01394","name":"蘭越町"}},{"arcs":[[-263,264,265,266]],"type":"Polygon","properties":{"code5":"01395","name":"ニセコ町"}},{"arcs":[[-266,267,268,269,270]],"type":"Polygon","properties":{"code5":"01396","name":"真狩村"}},{"arcs":[[-184,271,-269,272]],"type":"Polygon","properties":{"code5":"01397","name":"留寿都村"}},{"arcs":[[-6,-185,-273,-268,273]],"type":"Polygon","properties":{"code5":"01398","name":"喜茂別町"}},{"arcs":[[-7,-274,274,275]],"type":"Polygon","properties":{"code5":"01399","name":"京極町"}},{"arcs":[[-262,276,277,278,-275,-265]],"type":"Polygon","properties":{"code5":"01400","name":"倶知安町"}},{"arcs":[[-261,279,280,281,282,283,-277]],"type":"Polygon","properties":{"code5":"01401","name":"共和町"}},{"arcs":[[-260,284,-280]],"type":"Polygon","properties":{"code5":"01402","name":"岩内町"}},{"arcs":[[-282,285,286,287]],"type":"Polygon","properties":{"code5":"01403","name":"泊村"}},{"arcs":[[-287,288,289,290]],"type":"Polygon","properties":{"code5":"01404","name":"神恵内村"}},{"arcs":[[-290,291,292]],"type":"Polygon","properties":{"code5":"01405","name":"積丹町"}},{"arcs":[[-283,-288,-291,-293,293,294,295]],"type":"Polygon","properties":{"code5":"01406","name":"古平町"}},{"arcs":[[-278,-284,-296,296,297]],"type":"Polygon","properties":{"code5":"01407","name":"仁木町"}},{"arcs":[[-18,298,-297,-295,299]],"type":"Polygon","properties":{"code5":"01408","name":"余市町"}},{"arcs":[[-8,-276,-279,-298,-299,-17]],"type":"Polygon","properties":{"code5":"01409","name":"赤井川村"}},{"arcs":[[-77,300,-189,-116]],"type":"Polygon","properties":{"code5":"01423","name":"南幌町"}},{"arcs":[[-101,301,302,-164,303,-109]],"type":"Polygon","properties":{"code5":"01424","name":"奈井江町"}},{"arcs":[[-110,-304,-163,-166]],"type":"Polygon","properties":{"code5":"01425","name":"上砂川町"}},{"arcs":[[-69,304,305,-153,306,307]],"type":"Polygon","properties":{"code5":"01427","name":"由仁町"}},{"arcs":[[-76,308,-307,-152,-180,-190,-301]],"type":"Polygon","properties":{"code5":"01428","name":"長沼町"}},{"arcs":[[-70,-308,-309,-75]],"type":"Polygon","properties":{"code5":"01429","name":"栗山町"}},{"arcs":[[-80,-204,-202,309,-99]],"type":"Polygon","properties":{"code5":"01430","name":"月形町"}},{"arcs":[[-100,-310,-201,310,-302]],"type":"Polygon","properties":{"code5":"01431","name":"浦臼町"}},{"arcs":[[-158,-165,-303,-311,-200,-193,311,312]],"type":"Polygon","properties":{"code5":"01432","name":"新十津川町"}},{"arcs":[[-160,313,314,315,-167]],"type":"Polygon","properties":{"code5":"01433","name":"妹背牛町"}},{"arcs":[[-168,-316,316,317]],"type":"Polygon","properties":{"code5":"01434","name":"秩父別町"}},{"arcs":[[-159,-313,318,319,-314]],"type":"Polygon","properties":{"code5":"01436","name":"雨竜町"}},{"arcs":[[-87,320,-317,-315,-320,321]],"type":"Polygon","properties":{"code5":"01437","name":"北竜町"}},{"arcs":[[-86,322,-169,-318,-321]],"type":"Polygon","properties":{"code5":"01438","name":"沼田町"}},{"arcs":[[-21,323]],"type":"Polygon","properties":{"code5":"01452","name":"鷹栖町"}},{"arcs":[[-27,324,325]],"type":"Polygon","properties":{"code5":"01453","name":"東神楽町"}},{"arcs":[[-24,326,327,328]],"type":"Polygon","properties":{"code5":"01454","name":"当麻町"}},{"arcs":[[-23,329,-132,330,-327]],"type":"Polygon","properties":{"code5":"01455","name":"比布町"}},{"arcs":[[-131,331,-328,-331]],"type":"Polygon","properties":{"code5":"01456","name":"愛別町"}},{"arcs":[[-25,-329,-332,-130,332,333,-61,334,335,336,337]],"type":"Polygon","properties":{"code5":"01457","name":"上川町"}},{"arcs":[[-26,-338,338,-325]],"type":"Polygon","properties":{"code5":"01458","name":"東川町"}},{"arcs":[[-28,-326,-339,-337,339,340,341,-104]],"type":"Polygon","properties":{"code5":"01459","name":"美瑛町"}},{"arcs":[[-173,342,-341,343,344]],"type":"Polygon","properties":{"code5":"01460","name":"上富良野町"}},{"arcs":[[-105,-342,-343,-172]],"type":"Polygon","properties":{"code5":"01461","name":"中富良野町"}},{"arcs":[[-74,-107,-174,-345,345,346,347,348]],"type":"Polygon","properties":{"code5":"01462","name":"南富良野町"}},{"arcs":[[-66,-349,349,350,351]],"type":"Polygon","properties":{"code5":"01463","name":"占冠村"}},{"arcs":[[-22,-324,-32,352,-135,353,-133,-330]],"type":"Polygon","properties":{"code5":"01464","name":"和寒町"}},{"arcs":[[-134,-354]],"type":"Polygon","properties":{"code5":"01465","name":"剣淵町"}},{"arcs":[[-128,-140,354,355,356]],"type":"Polygon","properties":{"code5":"01468","name":"下川町"}},{"arcs":[[-138,357,358,359,360,361]],"type":"Polygon","properties":{"code5":"01469","name":"美深町"}},{"arcs":[[-360,362,363,364]],"type":"Polygon","properties":{"code5":"01470","name":"音威子府村"}},{"arcs":[[-359,365,366,367,368,369,-363]],"type":"Polygon","properties":{"code5":"01471","name":"中川町"}},{"arcs":[[-31,-171,370,371,372,373,-366,-358,-137,-136,-353]],"type":"Polygon","properties":{"code5":"01472","name":"幌加内町"}},{"arcs":[[-88,-322,-319,-312,-192,374]],"type":"Polygon","properties":{"code5":"01481","name":"増毛町"}},{"arcs":[[-90,375,376,-371,-170,-323]],"type":"Polygon","properties":{"code5":"01482","name":"小平町"}},{"arcs":[[-372,-377,377,378]],"type":"Polygon","properties":{"code5":"01483","name":"苫前町"}},{"arcs":[[[-373,-379,379,380,381]],[[382]],[[383]]],"type":"MultiPolygon","properties":{"code5":"01484","name":"羽幌町"}},{"arcs":[[-381,384,385]],"type":"Polygon","properties":{"code5":"01485","name":"初山別村"}},{"arcs":[[-367,-374,-382,-386,386,387]],"type":"Polygon","properties":{"code5":"01486","name":"遠別町"}},{"arcs":[[-368,-388,388,389]],"type":"Polygon","properties":{"code5":"01487","name":"天塩町"}},{"arcs":[[-96,390,391,392,393]],"type":"Polygon","properties":{"code5":"01511","name":"猿払村"}},{"arcs":[[-392,394,395,396,397]],"type":"Polygon","properties":{"code5":"01512","name":"浜頓別町"}},{"arcs":[[-364,-370,398,-397,399]],"type":"Polygon","properties":{"code5":"01513","name":"中頓別町"}},{"arcs":[[-361,-365,-400,-396,400,401]],"type":"Polygon","properties":{"code5":"01514","name":"枝幸町"}},{"arcs":[[-97,-394,402,403]],"type":"Polygon","properties":{"code5":"01516","name":"豊富町"}},{"arcs":[[404]],"type":"Polygon","properties":{"code5":"01517","name":"礼文町"}},{"arcs":[[405,406]],"type":"Polygon","properties":{"code5":"01518","name":"利尻町"}},{"arcs":[[-407,407]],"type":"Polygon","properties":{"code5":"01519","name":"利尻富士町"}},{"arcs":[[-369,-390,408,-403,-393,-398,-399]],"type":"Polygon","properties":{"code5":"01520","name":"幌延町"}},{"arcs":[[-56,409,410,411,412]],"type":"Polygon","properties":{"code5":"01543","name":"美幌町"}},{"arcs":[[-45,413,414,415,-57,-413,416]],"type":"Polygon","properties":{"code5":"01544","name":"津別町"}},{"arcs":[[417,418,419,420,421]],"type":"Polygon","properties":{"code5":"01545","name":"斜里町"}},{"arcs":[[-420,422,423,424,425]],"type":"Polygon","properties":{"code5":"01546","name":"清里町"}},{"arcs":[[-84,426,-421,-426,427,-411,428]],"type":"Polygon","properties":{"code5":"01547","name":"小清水町"}},{"arcs":[[-58,-416,429,430]],"type":"Polygon","properties":{"code5":"01549","name":"訓子府町"}},{"arcs":[[-59,-431,431,432,433]],"type":"Polygon","properties":{"code5":"01550","name":"置戸町"}},{"arcs":[[-63,434,435]],"type":"Polygon","properties":{"code5":"01552","name":"佐呂間町"}},{"arcs":[[-62,-334,436,-123,437,-435]],"type":"Polygon","properties":{"code5":"01555","name":"遠軽町"}},{"arcs":[[-64,-436,-438,-122,438]],"type":"Polygon","properties":{"code5":"01559","name":"湧別町"}},{"arcs":[[-124,-437,-333,-129,-357,439,440]],"type":"Polygon","properties":{"code5":"01560","name":"滝上町"}},{"arcs":[[-125,-441,441,442,443]],"type":"Polygon","properties":{"code5":"01561","name":"興部町"}},{"arcs":[[-356,444,-442,-440]],"type":"Polygon","properties":{"code5":"01562","name":"西興部村"}},{"arcs":[[-139,-362,-402,445,-443,-445,-355]],"type":"Polygon","properties":{"code5":"01563","name":"雄武町"}},{"arcs":[[-55,-85,-429,-410]],"type":"Polygon","properties":{"code5":"01564","name":"大空町"}},{"arcs":[[-236,-258,-264,-267,-271,446,447]],"type":"Polygon","properties":{"code5":"01571","name":"豊浦町"}},{"arcs":[[-176,-188,448,-182,449]],"type":"Polygon","properties":{"code5":"01575","name":"壮瞥町"}},{"arcs":[[-93,450,-177,-450,-181,-155]],"type":"Polygon","properties":{"code5":"01578","name":"白老町"}},{"arcs":[[-68,451,452,-91,453,-305]],"type":"Polygon","properties":{"code5":"01581","name":"厚真町"}},{"arcs":[[-187,454,-447,-270,-272,-183,-449]],"type":"Polygon","properties":{"code5":"01584","name":"洞爺湖町"}},{"arcs":[[-95,-154,-306,-454]],"type":"Polygon","properties":{"code5":"01585","name":"安平町"}},{"arcs":[[-67,-352,455,456,457,-452]],"type":"Polygon","properties":{"code5":"01586","name":"むかわ町"}},{"arcs":[[[-52,458,-350,-348,459,460]],[[-457,461,462,463]]],"type":"MultiPolygon","properties":{"code5":"01601","name":"日高町"}},{"arcs":[[-51,464,-462,-456,-351,-459]],"type":"Polygon","properties":{"code5":"01602","name":"平取町"}},{"arcs":[[-50,465,466,467,-463,-465]],"type":"Polygon","properties":{"code5":"01604","name":"新冠町"}},{"arcs":[[468,469,470,471,472]],"type":"Polygon","properties":{"code5":"01607","name":"浦河町"}},{"arcs":[[-470,473,474,475]],"type":"Polygon","properties":{"code5":"01608","name":"様似町"}},{"arcs":[[-475,476,477]],"type":"Polygon","properties":{"code5":"01609","name":"えりも町"}},{"arcs":[[-467,478,479,-472,480]],"type":"Polygon","properties":{"code5":"01610","name":"新ひだか町"}},{"arcs":[[-46,481,482,483,484,485]],"type":"Polygon","properties":{"code5":"01631","name":"音更町"}},{"arcs":[[-484,486,487,488,489]],"type":"Polygon","properties":{"code5":"01632","name":"士幌町"}},{"arcs":[[-60,-434,490,491,-488,492,493,-335]],"type":"Polygon","properties":{"code5":"01633","name":"上士幌町"}},{"arcs":[[-483,494,495,496,-493,-487]],"type":"Polygon","properties":{"code5":"01634","name":"鹿追町"}},{"arcs":[[-336,-494,-497,497,-346,-344,-340]],"type":"Polygon","properties":{"code5":"01635","name":"新得町"}},{"arcs":[[-347,-498,-496,498,-460]],"type":"Polygon","properties":{"code5":"01636","name":"清水町"}},{"arcs":[[-53,-461,-499,-495,-482]],"type":"Polygon","properties":{"code5":"01637","name":"芽室町"}},{"arcs":[[-49,499,500,-479,-466]],"type":"Polygon","properties":{"code5":"01638","name":"中札内村"}},{"arcs":[[-48,501,502,-500]],"type":"Polygon","properties":{"code5":"01639","name":"更別村"}},{"arcs":[[-473,-480,-501,-503,503,504,505,506]],"type":"Polygon","properties":{"code5":"01641","name":"大樹町"}},{"arcs":[[-469,-507,507,-477,-474]],"type":"Polygon","properties":{"code5":"01642","name":"広尾町"}},{"arcs":[[-47,-486,508,509,-504,-502]],"type":"Polygon","properties":{"code5":"01643","name":"幕別町"}},{"arcs":[[-485,-490,510,511,512,-509]],"type":"Polygon","properties":{"code5":"01644","name":"池田町"}},{"arcs":[[-505,-510,-513,513,514]],"type":"Polygon","properties":{"code5":"01645","name":"豊頃町"}},{"arcs":[[-489,-492,515,516,517,-511]],"type":"Polygon","properties":{"code5":"01646","name":"本別町"}},{"arcs":[[-44,518,-516,-491,-433,519,-414]],"type":"Polygon","properties":{"code5":"01647","name":"足寄町"}},{"arcs":[[-415,-520,-432,-430]],"type":"Polygon","properties":{"code5":"01648","name":"陸別町"}},{"arcs":[[-37,520,-514,-512,-518,521]],"type":"Polygon","properties":{"code5":"01649","name":"浦幌町"}},{"arcs":[[-41,522,523,524,525]],"type":"Polygon","properties":{"code5":"01661","name":"釧路町"}},{"arcs":[[[-525,526,527,528,529]],[[530]]],"type":"MultiPolygon","properties":{"code5":"01662","name":"厚岸町"}},{"arcs":[[-143,531,-529,532]],"type":"Polygon","properties":{"code5":"01663","name":"浜中町"}},{"arcs":[[-524,533,534,535,536,-527]],"type":"Polygon","properties":{"code5":"01664","name":"標茶町"}},{"arcs":[[-39,-417,-412,-428,-425,537,-535]],"type":"Polygon","properties":{"code5":"01665","name":"弟子屈町"}},{"arcs":[[-40,-534,-523]],"type":"Polygon","properties":{"code5":"01667","name":"鶴居村"}},{"arcs":[[-38,-522,-517,-519,-43,538]],"type":"Polygon","properties":{"code5":"01668","name":"白糠町"}},{"arcs":[[[-144,-533,-528,-537,539,540,541]],[[542,543]]],"type":"MultiPolygon","properties":{"code5":"01691","name":"別海町"}},{"arcs":[[-424,544,-540,-536,-538]],"type":"Polygon","properties":{"code5":"01692","name":"中標津町"}},{"arcs":[[-419,545,546,-543,547,-541,-545,-423]],"type":"Polygon","properties":{"code5":"01693","name":"標津町"}},{"arcs":[[-418,548,-546]],"type":"Polygon","properties":{"code5":"01694","name":"羅臼町"}}]}}}