{"type":"Topology","arcs":[[[154414,150131],[0,53],[57,36],[19,35],[94,54],[227,89],[56,0],[0,53],[38,53],[113,71],[57,71],[38,89],[38,36],[37,-36],[38,36],[19,53],[-57,71],[95,142],[56,36],[38,0],[57,53],[94,124],[57,0],[19,36],[56,-18],[76,71],[-19,18],[75,53],[0,53],[38,36],[0,35],[57,18],[113,0],[76,53],[94,18],[57,71],[0,89],[75,89],[189,0],[19,18],[207,35],[151,53],[38,36],[38,-18],[113,0],[57,18],[75,-36],[189,-17],[57,17],[0,-53],[94,-18],[94,-53],[0,-18],[151,-142],[-18,-89],[-38,-106],[-95,-71],[-207,-89],[-38,-53],[-19,-107],[19,-89],[38,18],[38,-53],[75,-18],[0,-35],[94,-72],[38,-71],[-19,-88],[-56,-18],[0,-36],[-38,-35],[0,-36],[-76,-53],[-18,-36],[18,-35],[-18,-53],[-38,-18],[-57,18],[-132,-18],[-151,-89],[-94,53],[-151,54],[-95,-18],[-434,0],[-19,-36],[-75,36],[-57,-18],[-113,-71],[-113,-35],[-76,-36],[-75,-18],[-133,-106],[-56,0],[-38,-54],[-57,-35],[-94,-36],[-19,-71],[19,-35],[-76,-54],[-18,36],[-76,18],[-75,-71],[-151,0],[-76,-36],[-38,-35],[-94,-54],[-170,-71],[-208,0],[-94,-17],[-151,-54],[-151,-89],[-38,-35],[0,-53],[-151,-18],[-189,-124],[19,-36],[-113,-53],[-19,-54],[-75,0],[-95,-17],[-56,-54],[-76,-17],[-75,-71],[-95,-36],[-38,-35],[-151,-72],[-56,-71],[0,-35],[-76,-36],[0,-53],[-56,-35],[-19,-54],[-76,-18],[-75,-88],[-113,-107],[-38,-71],[-57,-18],[0,-53],[-56,-36],[18,-35],[-302,-142],[-19,-36],[-75,-17],[0,-36],[-57,-18],[0,-35],[-37,-36],[-57,0],[0,36],[-57,18],[-37,-36],[-76,18],[-94,-18],[-19,18],[-321,-125],[-94,0],[-57,18],[-170,107],[-113,89],[19,106],[-19,71],[-151,18],[-132,-18],[-227,-106],[-113,-125],[-38,-53],[-38,-107],[0,-53],[38,-53],[76,-18],[37,-35],[76,0],[19,-54],[-57,-18],[-75,-53],[-95,-124],[-38,-107],[-56,-53],[-19,-107],[-132,-124],[-76,-53],[-19,-53],[-56,-36],[-114,18],[-113,-54],[-94,-71],[0,-71],[-57,-53],[-226,-35],[-76,-36],[-38,-53],[-56,0],[-113,-71],[-38,-54],[-76,-17],[-75,-54],[-76,-106],[-56,0],[-38,-54],[-57,0],[-38,-35],[-18,-71],[-38,0],[-38,-53],[0,-36],[-94,-124],[-76,-54],[-132,-159],[-38,-178],[-56,-53],[-38,-71],[-38,-18],[-94,-89],[-114,-89],[-75,0],[-151,-35],[-76,-36],[-56,0],[-151,36],[-57,35],[-38,0],[-151,-71],[-113,-106],[-75,-54],[-114,-124],[-132,-195],[-19,-54],[-56,-89],[-38,-88],[19,-36],[-132,-124],[-114,-71],[-94,35],[-132,0],[-76,18],[-75,36],[-94,0],[-57,53],[-38,89],[38,106],[38,54],[0,106],[56,53],[57,107],[38,18],[113,0],[57,35],[151,142],[37,54],[-94,142],[-38,35],[0,125],[19,53],[-19,35],[19,54],[76,124],[18,-18],[57,-231],[19,-35],[113,-107],[76,0],[94,54],[95,88],[37,267],[-94,53],[-76,71],[19,36],[76,0],[38,17],[75,-35],[57,18],[56,-36],[19,-35],[57,-18],[56,-71],[95,18],[113,35],[76,36],[113,124],[38,18],[113,106],[75,36],[57,124],[57,231],[0,89],[-38,89],[-113,-18],[-76,18],[-19,35],[-75,0],[-38,-18],[-94,18],[0,54],[-57,17],[-38,54],[-56,124],[0,53],[56,71],[113,54],[76,0],[38,-36],[56,0],[38,-53],[76,-18],[75,-71],[38,-53],[56,0],[208,53],[57,53],[75,231],[38,36],[-19,71],[19,53],[113,71],[38,-18],[57,36],[226,89],[208,88],[132,89],[113,107],[57,35],[38,54],[132,124],[56,71],[170,107],[95,0],[94,71],[-19,71],[19,35],[-38,125],[57,71],[0,106],[38,107],[37,0],[0,124],[-37,71],[-170,71],[56,54],[76,-54],[94,-18],[208,0],[38,-35],[-38,-36],[94,-88],[170,-18],[76,0],[0,-36],[56,0],[133,36],[207,106],[38,54],[-19,89],[19,71],[-38,53],[19,53],[57,53],[19,125],[113,53],[38,36],[0,71],[37,35],[57,0],[132,36],[76,71],[132,0],[75,53],[76,0],[38,-18],[37,-53],[76,18],[56,71],[57,35],[-19,54],[57,71],[38,124],[-95,18],[0,142],[38,89],[-76,106],[-37,178],[19,106],[-57,89],[57,107],[75,89],[38,88],[38,-17],[151,195],[94,71],[75,-53],[76,-36],[38,-35],[56,0],[19,-178],[57,-53],[-38,-18],[38,-124],[57,-125],[113,-106],[-57,-18],[0,-53],[38,-36],[38,-71],[-19,-53],[19,-71],[37,-36],[38,18],[57,-124],[56,-36],[151,-35],[38,-18],[302,-18],[340,18],[434,53],[113,36],[321,71],[151,53]],[[113300,149332],[-56,160],[0,248],[151,160],[94,142],[57,125],[-19,88],[37,36],[133,160],[56,106],[19,125],[-19,53],[-94,107],[-19,71],[0,142],[19,106],[38,107],[94,-89],[19,18],[75,-124],[38,-18],[-19,-89]],[[113904,150966],[19,-18]],[[113923,150948],[57,-18],[75,0],[19,-53],[132,18],[95,35],[18,72],[57,-36],[95,-36],[151,18],[207,89],[151,107],[95,106],[37,89],[-19,18],[0,71],[38,71],[0,71],[76,53],[19,71],[94,54],[75,0],[114,17],[75,-35],[38,-36],[38,-89],[0,-71],[38,-53],[75,-71],[57,-71],[37,0],[95,-53],[38,-36],[0,-89],[75,-35],[-19,-36],[19,-53],[94,-107],[76,-71],[208,-106],[151,-89],[264,-178],[94,-88],[208,-249],[113,-124],[170,-214],[510,-497],[151,-160],[113,-106],[19,-36],[226,-195],[133,-125],[132,-142],[75,-53],[57,0],[56,-107],[76,-53],[19,-35],[75,-36],[0,-107],[38,-17],[0,-71],[19,-54],[76,-71],[56,-17],[19,-71],[76,-54],[0,-89],[75,-53],[-38,-35],[0,-71],[19,-54],[95,-106],[113,-89],[75,-36],[0,-53],[76,-89],[75,-177],[57,-36],[38,0],[75,-124],[76,-71],[0,-54],[75,-53],[114,-178],[94,-88],[38,-18],[37,-53],[76,-54],[19,-35],[75,-53],[76,-89],[75,-36],[114,-106],[75,-36],[57,-53],[56,-18],[57,-107],[132,-53],[19,-53],[151,-124],[38,0],[38,-36],[0,-53],[56,-54],[113,-142],[208,-231],[302,-177],[94,-36],[19,-35],[170,-125],[189,-106],[19,-18],[245,-142],[321,-178],[38,0],[38,-53],[-19,-53],[75,-36],[38,-35],[170,-107],[359,-178],[94,-35],[76,-89],[-19,-89],[75,-88],[283,-178],[472,-231],[397,-160],[358,-142],[189,-71],[585,-213],[189,-53],[57,-36],[283,-71],[226,-71],[170,-36],[585,-142],[19,0],[472,-71],[57,18],[113,0],[19,-36],[132,-53],[321,-53],[57,0],[94,-36],[38,0],[132,36],[38,53],[38,-18],[37,-53],[19,-124],[-19,-89],[19,-36],[-19,-53],[57,-18],[-38,-124],[19,-53],[76,-71],[94,-18],[-38,-36],[0,-35],[113,-124],[-18,-72],[132,-71],[264,-124],[264,-71],[548,-124],[528,-54],[246,-17],[264,0],[491,35],[283,53],[75,89],[170,71],[0,54],[95,88],[170,71],[75,72],[170,124],[19,53],[94,178],[38,-36],[113,107],[95,53],[37,36],[57,17],[113,125],[-19,18],[38,71],[95,53],[56,0],[95,89],[56,35],[38,0],[57,89],[75,18],[38,71],[75,18],[76,53],[0,18],[75,53],[57,18],[57,53],[94,53],[132,54],[95,124],[56,124],[38,36],[19,89],[94,88],[113,71],[0,36],[133,107],[56,71],[-19,17],[38,54],[57,0],[37,53],[0,53],[38,71],[95,71],[94,-53],[-19,-18],[0,-71],[57,-53],[-38,-36],[19,-124],[38,-53],[0,-53],[75,-54],[-38,-142],[-75,-71],[-19,-89],[19,-35],[-94,-107],[0,-71],[-19,-53],[-57,-18],[-94,-142],[-76,-71],[-38,-53],[-132,-89],[-56,-107],[-38,-106],[-57,-125],[0,-71],[19,-89],[-38,-71],[-94,-142],[-38,-17],[-75,-72],[-19,-35],[-19,0],[-76,-71],[-37,-71],[-132,-125],[-19,-71],[-57,-17],[-38,-89],[-56,-53],[-57,-178],[-38,-53],[-75,-142],[-38,-36],[19,-89],[-19,-35],[19,-107],[-38,-178],[-57,-88],[-132,-107],[19,-89],[-19,-106],[38,-196],[38,-71],[113,-106],[19,-54],[170,-231],[56,-142],[38,-88],[38,-54],[623,-213],[283,-71],[189,-71],[94,-71],[57,-142],[-38,-53],[-75,-54],[-246,0],[19,36],[57,18],[0,53],[94,0]],[[136028,137946],[57,-18],[19,36]],[[136104,137964],[56,17],[-19,71],[-94,-35],[-57,35],[19,36],[57,35],[-76,18],[0,36],[-56,0],[-132,-54],[18,72],[-75,0],[-151,-54],[132,89],[-19,18],[-113,35],[-94,0],[-38,36],[-113,35],[-38,-35],[0,-71],[-19,-53],[75,-89],[38,17],[0,-106],[38,-53],[0,-54],[151,-284],[0,-195],[57,-178],[37,-195],[38,-142],[132,-249],[113,-178],[152,-160],[0,-17],[226,-160],[38,-18],[75,-89],[-37,-35],[151,0],[415,-142],[56,0],[19,-36],[95,89],[37,89],[76,53],[19,53],[57,36],[94,35],[0,54],[94,35],[114,71],[0,54],[75,53],[151,53],[19,36],[75,35],[38,89],[38,35],[113,18],[76,-18],[37,-35],[76,0],[132,-18],[57,53],[94,18],[57,54],[38,0],[18,-72],[57,18],[57,-35],[132,0],[56,-18],[-37,-53],[-38,-107],[-76,0],[-94,-106],[-132,-54],[-94,0],[0,-35],[-38,-36],[-57,53],[-94,-17],[-19,-36],[-95,-18],[-75,-53],[-76,0],[-113,18],[-132,-36],[-75,-35],[-19,-53],[19,-54],[-76,-18],[0,-53],[-57,-71],[-18,53],[-95,0],[-19,-71],[-37,-71],[-38,-177],[-38,-89],[57,-53],[-57,-36],[-75,-18],[-38,-53],[38,-71],[-38,-53],[-38,17],[-76,0],[-37,-35],[56,-36],[57,-71],[-19,-17],[-151,-54],[0,54],[57,17],[0,36],[-114,89],[-94,17],[-226,-17],[-170,0],[-283,-54],[-95,0],[-38,-35],[-56,0],[-38,-36],[-57,0],[-94,36],[-302,-107],[-57,-35],[-75,-71],[-132,-54],[-114,18],[-75,71],[0,18],[-170,-53],[-76,-71],[-56,-18],[-57,-53],[-19,-142],[38,-125],[0,-35],[-113,-18],[-57,-89],[-19,-71],[19,-71],[-170,-36],[-56,-71],[-114,-17],[-56,-54],[38,-53],[-38,-89],[-132,-71],[-38,18],[-76,-36],[-18,-35],[-170,0],[-76,35],[-75,18],[-38,-35],[-57,0],[-38,35],[-132,-35],[-37,0],[-38,71],[-95,35],[19,36],[-37,53],[-76,18],[-38,124],[76,71],[38,36],[-57,35],[-132,36],[-132,0],[-114,-36],[-75,-71],[-132,-142],[-114,-178],[-37,-124],[19,-53],[75,-36],[57,-71],[56,-17],[19,-36],[57,-18],[94,-71],[-56,-35],[-170,0],[-189,17],[-38,18],[-207,18],[-95,35],[-113,0],[-57,36],[-358,0],[-133,-18],[-132,36],[-75,-36],[-189,-53],[-132,35],[-113,0],[-38,54],[-76,0],[-37,18],[-151,35],[-19,53],[-38,18],[-94,-18],[0,125],[-57,35],[0,18],[-19,18],[-189,0],[-37,53],[-57,18],[-264,-18],[-246,-36],[-56,-17],[-302,-71],[-284,-125],[-75,-53],[-113,-53],[-57,0],[-208,-89],[-264,-142],[-528,-320],[-359,-266],[-227,-213],[-358,-302],[-95,-72],[0,-17],[-339,-267],[-189,-177],[-113,-89],[-265,-249],[-358,-391],[-95,-88],[-396,-498],[-151,-195],[-378,-604],[-113,-249],[-76,-124],[-94,-196],[-19,-35],[0,-124]],[[123890,128905],[-38,-125],[-37,-53],[0,-107],[37,-71],[0,-53],[38,-142],[76,-53],[0,-196],[-76,-124],[0,-53],[-38,-196],[38,-18],[-75,-319],[19,-71],[-19,-107],[-95,-53],[-56,-107],[-57,-17],[-94,-143],[-76,-213],[-38,-142],[19,-124],[38,-71],[-38,0],[-170,195],[-113,36],[-19,35],[-189,142],[-37,142],[-38,36],[-19,53],[-38,36],[-113,106],[-132,71],[-19,36],[-113,35],[-76,54],[-283,124],[-113,36],[-19,53],[-57,53],[-56,0],[-95,124],[-207,54],[-57,-18]],[[121455,127750],[-38,36],[-19,35],[-245,0],[-132,36],[-113,17],[-76,0],[-189,107],[-94,35],[0,36],[-57,53],[-94,18],[-76,0],[-75,71],[-132,0],[-95,53],[-75,-17],[-76,53],[-56,71],[-170,124],[-38,0],[-189,125],[-75,17],[-76,0],[-132,54],[-189,89],[-75,0],[-113,53],[-19,35],[-114,107],[-56,71],[-113,35],[-114,0],[-132,72],[-94,35],[-76,89],[-151,53],[-75,71],[-151,71],[-114,89],[0,18],[-207,195],[-113,71],[-19,54],[-76,53],[-19,35],[-75,71],[-113,71],[-133,36],[-188,36],[-284,35],[-37,36],[-246,53],[-132,124],[0,18],[-132,53],[-132,107],[-57,71],[-94,71],[0,18],[-132,53],[-114,142],[-169,89],[-302,106],[-76,36],[-57,-53],[0,71],[-321,71],[-56,0],[-208,35],[-189,0],[0,18],[-245,-18],[57,36],[188,89],[151,53],[-18,35],[-151,-71],[-19,0],[-227,-88],[-38,-54],[-37,0],[-19,-17],[-76,0],[-396,-89],[-246,-71],[-471,-196],[-416,-231],[-170,-124],[-19,0],[-226,-160],[-208,-160],[-245,-177],[-38,-18],[-75,0],[-133,-89],[-37,18],[-340,-267],[-76,-53],[-245,-284],[-113,-124],[-38,-18],[-57,-71],[-56,-107],[19,-18],[-57,-53],[-38,0],[-75,36],[-76,0],[-19,53],[-94,36],[-19,-18],[-57,53],[-56,89],[38,18],[37,53],[57,0],[75,-89],[38,0],[0,-53],[57,0],[38,18],[-57,142],[19,53],[-151,18],[-57,35],[-56,0],[-76,36],[-38,0],[-56,53],[-57,302],[-170,284],[-56,36],[-151,35],[-114,125],[-75,35],[-19,53],[-132,18],[-19,107],[-38,35],[38,71],[-132,142],[-95,54],[-37,53],[-114,53],[-37,54],[-189,35],[-95,0],[-132,-18],[-113,-35],[-19,-18],[-170,-35],[-56,-36],[-95,18],[-38,35],[-132,71],[-132,36],[-38,-36],[-94,0],[-19,-17],[-94,35],[-113,-53],[-284,-267],[-245,-284],[-132,-213],[-208,-373],[-132,-320],[0,-17],[-75,-249],[-38,-178],[0,-213],[75,-195],[57,-71],[57,-36],[75,-18],[132,-71],[170,-17],[94,0],[95,-54],[56,-89],[133,-88],[75,-71],[76,-36],[37,-71],[76,-53],[132,-71],[113,-142],[114,-36],[75,-53],[208,-54],[56,0],[38,36],[38,0],[132,35],[38,0],[94,54],[95,18],[188,-18],[95,89],[37,0],[57,-54],[94,-53],[133,-53],[37,-125],[57,-88],[113,-71],[57,17],[0,-142],[38,-35],[37,-89],[57,-53],[76,-36],[75,-71],[170,-89],[38,-35],[56,-18],[95,-89],[0,-35],[37,-72],[76,-71],[38,-53],[0,-53],[37,-71],[57,0],[38,-107],[170,-106],[37,0],[38,-36],[38,0],[57,-35],[188,0],[151,-54],[38,0],[57,-35],[94,-18],[76,-35],[56,-72],[170,-71],[-19,-35],[0,-89],[19,-35],[132,-89],[38,17],[57,-35],[0,-107],[-132,-53],[-38,-53],[-113,-18],[-38,36],[-113,-18],[-95,-71],[-38,-89],[-94,-89],[-19,-71],[-75,-35],[-38,0],[-57,-71],[-56,17],[-38,-71],[-38,0],[-38,36],[-56,-54],[-57,-17],[-19,35],[-170,-53],[-94,35],[-38,72],[-94,71],[-189,88],[-113,36],[-57,0],[-94,53],[-38,-18],[-75,0],[-133,54],[-113,35],[-132,18],[-170,-18],[-75,-35],[-95,-89],[-19,-53],[-56,-36],[-38,0],[-57,160],[76,89],[132,-36],[0,71],[19,54],[-57,71],[0,35],[-38,36],[-37,0],[-19,53],[-246,35],[-132,-35],[-94,-53],[-38,-71],[0,-71],[-38,-125],[-56,-53],[-19,-71],[0,-71],[-132,-71],[-95,-36],[-170,-124],[-56,-71],[-189,0],[-75,-18],[-114,0],[-37,-18],[-76,-71],[-57,-106],[-19,-89],[0,-142],[-18,-373],[0,-160],[56,-53],[-56,-107],[-38,-35],[-38,-72],[-57,-53],[-56,18],[-113,-36],[-95,0],[-56,-17],[-57,-54],[-57,18],[-170,-89],[-302,-88],[-18,-89],[-57,-54],[-19,-53],[-38,-35],[-19,-71],[-56,-72],[-57,-124],[-75,-53],[-19,-36],[-95,18],[-132,124],[-113,71],[-38,-17],[-56,17],[-95,-17],[-75,0],[-76,-54],[-75,36],[-114,107],[-113,53],[-75,106],[18,54],[-75,142],[-19,124],[-38,36],[0,35],[-37,89],[-76,142],[-19,0],[0,107],[-19,53],[0,231],[57,178],[0,35],[38,53],[56,267],[0,71],[95,106],[19,71],[37,18],[95,142],[37,18],[38,89],[38,35],[38,107],[0,178],[-19,53],[75,18],[38,-18],[57,18],[38,-36],[56,36],[57,88],[19,107],[-19,89],[19,35],[-38,89]],[[104428,125938],[57,36],[56,160],[-19,53],[38,142],[-57,213],[-37,107],[37,53],[-37,36],[-19,142],[-19,35],[-94,18],[-38,142],[-76,89],[0,35],[-75,71],[-38,54],[0,35],[-76,125],[-169,195],[-95,53],[-94,18],[-38,36],[-94,17],[-227,0],[-19,18],[-75,0],[0,36],[-95,142],[0,53],[-56,53],[0,71],[-57,18],[-38,53],[0,89],[-94,89],[-76,-18],[-37,36],[-76,18],[-113,0],[-19,35],[-75,0],[-95,142],[-38,36],[-18,53],[56,89],[0,53],[-38,36],[-18,71],[-57,53],[19,18],[0,89],[75,248],[38,0],[76,36],[18,53],[57,53],[38,71],[0,36],[56,18],[95,248],[19,142],[-19,71],[56,36],[0,53],[-37,71],[19,89],[-38,53],[0,71],[19,125],[-57,106],[-19,125],[19,18],[-38,88],[-37,142],[0,71],[-19,54],[56,71],[57,18],[0,35],[75,53],[19,71],[38,36],[38,89],[170,89],[113,35],[57,36],[170,0],[113,17],[75,-17],[76,17],[38,-35],[132,35],[37,-17],[95,35],[113,89],[19,107],[38,53],[132,53],[113,36],[0,35],[95,0],[75,36],[57,106],[-19,18],[75,178],[76,89],[75,124],[76,-53],[38,-54],[132,-35],[19,-36],[56,-35],[19,-125],[38,-53],[57,-18],[151,18],[151,71],[18,142],[-37,89],[19,124],[56,54],[170,124],[94,160],[19,0],[57,89],[38,35],[19,71],[56,107],[132,89],[19,53],[95,71],[113,36],[19,17],[189,107],[37,35],[76,18],[56,36],[19,0],[57,35],[19,89],[19,18],[0,160],[-76,35],[-38,0],[-18,71],[-38,71],[-38,36],[0,35],[-38,36],[-19,53],[-56,36],[-38,0],[-38,35],[-37,142],[-57,18],[0,36],[-38,71],[0,35],[-94,53],[19,54],[-57,0],[-189,142],[-75,35],[-114,89],[-56,71],[-19,53],[-38,36],[0,36],[-75,53],[-19,89],[56,106],[-18,107],[56,35],[19,89],[94,267],[-37,124],[132,0],[19,-18],[75,18],[57,-18],[38,36],[113,-36],[170,71],[56,36],[-18,35],[56,89],[-38,36],[0,35],[76,0],[94,18],[114,-53],[0,-54],[37,-17],[76,17],[19,-71],[75,-71],[95,-71],[75,-35],[19,-54],[38,-35],[56,-18],[19,-35],[76,-54],[113,0],[38,-18],[38,-53],[56,-35],[-38,-36],[19,-71],[76,-35],[75,-18],[151,-53],[114,0],[56,-18],[95,-89],[56,0],[38,-53],[57,-18],[75,0],[38,-18],[-19,-71],[0,-71],[94,-71],[151,0],[170,35],[38,0],[38,36],[19,53],[94,-35],[132,35],[113,0],[38,36],[0,35],[38,36],[132,0],[76,35],[37,36],[95,18],[207,0],[-18,-54],[37,-53],[-37,-35],[0,-36],[-57,-18],[-19,-71],[38,0],[19,-71],[56,0],[38,-35],[57,-18],[19,-36],[94,0],[94,-17],[19,-18],[113,-36],[57,0],[132,-71],[19,-35],[76,0],[132,-71],[132,35],[302,142],[264,142],[38,54],[57,17],[18,72],[19,-18],[76,71],[38,18],[226,231],[113,142],[0,17],[76,71],[245,302],[0,71],[-19,18],[38,142],[0,89],[19,124],[-19,214],[-94,195],[-76,89],[-56,124],[-114,125],[0,53],[-75,106],[19,71],[0,89],[75,125],[76,195],[-19,124],[-113,107],[-19,89],[-76,89],[19,53],[-19,124],[-75,124],[0,36],[-38,124],[0,107],[57,124],[18,0],[57,107],[38,18],[56,106],[19,107],[95,124],[132,53],[132,71],[76,18],[37,36],[57,17],[151,0],[75,18],[76,125],[75,35],[114,-53],[56,71],[38,-36],[38,18],[57,71],[56,0],[57,71],[75,54],[38,106],[113,124],[38,71],[19,89],[-38,18],[19,53],[38,0],[38,71],[0,107],[37,107],[0,35],[38,36],[19,88],[0,89],[19,54],[-19,355],[-38,302],[0,195],[19,0],[0,373],[-19,71],[19,142],[0,89],[-57,267],[0,177],[76,0],[113,142],[38,107],[57,124],[37,18],[38,53],[19,107],[94,89],[132,195],[57,160],[38,337],[0,214],[38,142],[37,88],[19,0],[57,143],[19,408],[0,178],[-38,373],[-38,213],[-94,391],[-57,195],[-38,178],[-56,142],[-95,266],[-245,569],[-113,231],[-208,390],[-38,89],[-226,426],[-38,125]],[[113923,150948],[-19,18]],[[113904,150966],[19,-18]],[[109978,150025],[-57,0],[-38,71],[38,35],[19,53],[-19,89],[-132,142],[19,36],[-57,178],[-75,159],[37,18],[-18,107],[37,35],[-37,71],[37,18],[0,53],[-56,71],[-95,18],[57,53],[57,0],[56,-71],[76,-17],[94,17],[76,36],[19,35],[-38,54],[0,53],[75,-36],[132,-230],[-56,-125],[0,-89],[-19,-17],[38,-178],[0,-89],[-57,-124],[38,-124],[-38,-89],[-38,-36],[0,-142],[-19,-35],[-56,0]],[[110695,149669],[19,71],[57,36],[75,18],[0,35],[76,71],[37,18],[133,-53],[56,-54],[19,-53],[38,-18],[113,0],[76,-35],[18,35],[76,-17],[0,-54],[113,-53],[57,-53],[19,-54],[75,-124],[38,-231],[-113,-89],[-19,-53],[-57,-53],[-38,0],[-37,-89],[-38,-36],[-38,36],[-151,-53],[-75,-36],[-57,0],[0,36],[-113,53],[-95,89],[-56,18],[-114,71],[-18,53],[-57,35],[-19,71],[-57,18],[-37,107],[19,35],[-32,48],[50,6],[-18,106],[-38,53],[56,72],[57,17]],[[141804,144145],[57,0],[19,-53],[283,-71],[38,-54],[226,0],[19,18],[189,18],[151,-18],[189,0],[415,71],[132,71],[0,36],[151,71],[-132,-178],[-56,-160],[-57,-88],[0,-89],[-113,-107],[-95,-18],[-75,-88],[-76,71],[-94,71],[-76,35],[-94,-18],[-227,-88],[-94,-71],[-57,-71],[-37,-125],[19,-35],[-95,0],[-38,-18],[-37,-71],[-76,-36],[-75,-71],[-57,-17],[-38,-54],[0,-35],[-75,0],[-151,-36],[-76,0],[-19,-18],[-75,0],[-76,18],[-113,0],[-38,-18],[-94,0],[-76,18],[-132,-53],[-94,18],[-94,-18],[-133,-89],[-151,-124],[-113,-160],[-38,-195],[-94,0],[-38,-54],[-113,-35],[-19,17],[-75,-17],[-76,-36],[-38,-71],[-37,-35],[-38,35],[-76,-18],[-226,-213],[-38,-71],[-19,-71],[19,-53],[-57,0],[-19,-53],[-56,-18],[-19,-71],[-38,-36],[-56,-124],[18,-160],[38,-53],[-94,-18],[0,71],[-95,18],[-75,-36],[-94,-106],[-76,-160],[-57,-89],[-18,-124],[18,-89],[-75,-89],[-57,-18],[-75,-53],[-113,-36],[-170,-71],[-76,0],[-132,-35],[-76,35],[-132,-53],[-75,-89],[-19,-53],[-38,18],[-113,-107],[-57,0],[-94,-177],[0,-107],[-38,-178],[19,-195],[-19,-178],[-56,-231],[-38,-302],[0,-53],[-57,-71],[-38,0],[-18,124],[18,125],[57,213],[-19,53],[-113,18],[-189,0],[-113,-36],[-19,-17],[-170,-18],[-38,-36],[-37,0],[-57,89],[-38,142],[57,160],[-95,302],[-75,71],[38,107],[188,53],[57,36],[38,124],[75,124],[114,89],[75,36],[113,35],[114,71],[0,36],[94,53],[76,71],[94,18],[75,35],[57,142],[76,18],[113,89],[94,36],[57,71],[113,53],[38,35],[19,71],[132,54],[170,89],[94,88],[0,107],[-19,18],[0,195],[57,36],[19,53],[75,71],[0,18],[114,106],[37,54],[227,177],[132,178],[57,142],[132,160],[56,53],[265,178],[37,18],[57,71],[76,53],[169,195],[19,54],[38,17],[0,107],[57,142],[-19,71],[94,71],[19,53],[170,160],[38,89],[56,89],[57,142],[0,35],[76,89],[75,36],[151,142],[113,35],[57,-17],[57,53],[18,-53],[114,-54],[37,-71],[76,-35],[113,-36],[95,-160],[37,-35],[19,-71],[113,-18]],[[112356,144039],[-75,0],[-189,35],[94,71],[38,-18],[132,36],[19,-36],[0,-71],[-19,-17]],[[111563,143932],[0,53],[133,89],[75,71],[38,-89],[-19,-35],[-57,-36],[0,-35],[-170,-18]],[[144089,138905],[-19,53],[37,18],[-113,71],[-56,89],[0,124],[-38,36],[-38,-53],[57,-54],[-19,-53],[-38,0],[-94,35],[-38,36],[19,71],[113,107],[0,53],[-75,35],[-57,143],[0,35],[57,0],[94,71],[94,0],[76,36],[170,53],[19,-18],[75,0],[113,36],[76,-18],[57,18],[113,-36],[-38,53],[-75,0],[18,89],[133,71],[94,89],[57,36],[113,0],[19,35],[151,-106],[56,53],[-56,53],[37,71],[57,-17],[57,17],[113,-89],[19,-35],[57,-36],[113,-142],[94,-17]],[[145693,139918],[57,-54],[-76,-89],[0,-71],[-37,-53],[-114,53],[-94,-35],[0,-18],[-113,0],[-38,18],[-76,-71],[57,-71],[57,18],[19,-36],[-57,-18],[-76,0],[-19,36],[-94,0],[-19,-54],[-75,0],[-38,-35],[38,-36],[-38,-88],[-57,35],[-75,-89],[-57,18],[-75,-35],[-57,0],[-19,-107],[-56,0],[-95,71],[-56,18],[-38,-36],[0,-35],[-38,-36]],[[144334,139118],[0,-35]],[[144334,139083],[19,-36],[-76,-53],[0,-53],[-75,17],[-38,-35],[-75,-18]],[[144976,139207],[-19,18],[38,89],[56,0],[19,-54],[-94,-53]],[[144410,139047],[-19,53],[-57,-17]],[[144334,139083],[0,35]],[[144334,139118],[38,18],[38,-36],[0,-53]],[[142333,138319],[-132,0],[-76,35],[-75,-17],[-76,17],[-151,0],[-19,36],[114,0],[56,18],[95,71],[-19,71],[38,0],[75,-89],[151,0],[0,-71],[19,-71]],[[136028,137946],[76,18]],[[136104,137964],[-76,-18]],[[140880,137182],[18,89],[-75,53],[0,89],[-151,124],[-19,54],[-38,35],[-75,18],[113,71],[38,0],[207,53],[76,54],[57,0],[94,-89],[94,-18],[208,0],[-132,-124],[-38,-89],[76,-89],[-19,-36],[-76,-53],[-170,-35],[-113,-71],[-57,0],[-18,-36]],[[139577,136916],[-38,53],[0,106],[-75,54],[-114,0],[-37,35],[56,18],[38,-18],[57,36],[37,-36],[0,-35],[57,-18],[132,0],[19,53],[38,18],[75,0],[19,-53],[-75,-18],[0,-71],[113,-89],[-19,-18],[-151,0],[-38,36],[-56,-18],[-38,-35]],[[140426,136791],[-37,36],[-57,0],[19,89],[38,-18],[56,89],[76,-54],[38,36],[132,0],[0,71],[-19,35],[113,36],[38,-107],[-57,0],[-56,-35],[-19,-53],[-38,-18],[-94,0],[-57,-18],[-19,-71],[-57,-18]],[[140275,136614],[-56,-107],[-57,0],[-75,71],[56,18],[57,-18],[75,36]],[[137727,135406],[-57,0],[0,53],[38,53],[95,-71],[-76,-35]],[[134858,134429],[19,35],[-57,54],[38,17],[94,-17],[132,17],[19,-35],[-75,0],[-19,-53],[-151,-18]],[[134688,134269],[0,53],[113,0],[0,-18],[-113,-35]],[[133272,133576],[57,89],[37,-18],[-56,-71],[-38,0]],[[100350,127253],[-37,71],[-95,53],[-37,0],[18,107],[0,142],[-37,53],[37,160],[-113,195],[38,36],[-19,71],[151,248],[38,18],[170,0],[56,54],[114,17],[188,54],[57,0],[76,35],[56,107],[19,-54],[0,-124],[-57,-124],[-37,-54],[-38,-17],[-76,-71],[-56,-107],[0,-124],[19,-18],[0,-124],[-95,-231],[-19,-71],[-56,-107],[-114,-71],[-75,0],[-57,-53],[-19,-71]],[[99690,123309],[-19,54],[0,71],[-19,35],[38,53],[75,-17],[114,17],[56,-53],[19,-53],[-57,-53],[-94,-18],[-113,-36]],[[102484,122315],[18,88],[76,-17],[0,-36],[-38,-35],[-56,0]],[[109506,114499],[-38,36],[-19,71],[38,53],[19,106],[-57,18],[-19,53],[76,54],[19,160],[56,71],[-37,88],[37,18],[19,-53],[76,0],[19,35],[56,36],[-19,53],[19,71],[-56,125],[0,106],[-38,89],[38,71],[-76,36],[-57,-36],[-75,0],[-76,18],[-18,-36],[-57,-17],[-38,35],[-75,-18],[-38,18],[-57,-18],[-56,18],[-132,89],[94,426],[19,18],[0,71],[-57,-18],[-207,-35],[-57,-54],[-38,0],[-75,-106],[0,-124],[-38,-107],[-57,0],[-38,53],[-94,-35],[-57,0],[-56,-89],[-132,0],[19,-36],[0,-124],[-57,0],[-57,71],[-94,18],[-76,-18],[0,-53],[-132,-53],[-19,-36],[-56,-18],[-132,0],[19,36],[-57,106],[-76,0],[-56,54],[-95,35],[0,-53],[-75,0],[-19,-18],[-94,0],[-19,-35],[94,-142],[-57,-36],[-37,36],[-114,35],[-18,36],[-57,0],[0,53],[38,0],[-19,89],[-95,-18],[-94,53],[-94,36],[19,35],[-19,36],[-114,35],[-75,-17],[-57,-36],[-19,107],[-19,35],[19,71],[-94,18],[-113,-53],[-57,71],[-38,17],[-56,-71],[-95,18],[-113,-124],[0,-71],[-19,-54],[-38,-35],[-113,0],[-94,53],[-113,0],[-76,-35],[-113,17],[-19,-35],[-151,-53],[-57,17],[-19,36],[-94,-36],[-57,71],[-207,-71],[-19,36],[-76,0],[-75,-18],[-95,0],[-56,89],[0,36],[-57,53],[-94,18],[-38,35],[-94,-18],[-19,-35],[-76,0],[-38,-53],[-56,-36],[38,-71],[-19,-53],[-38,-18],[19,-71],[-95,89],[-75,17],[-19,-35],[-94,-18],[-114,53],[-94,-29]],[[103333,115784],[0,136],[19,18],[19,106],[0,142],[19,36],[0,178],[-38,231],[-57,88],[-37,107],[-57,71],[-76,0],[-37,-36],[-76,18],[-94,-18],[-38,54],[0,35],[-19,36],[0,124],[170,89],[38,71],[38,35],[56,-17],[95,17],[14,58],[42,14],[0,71],[76,35],[94,89],[19,107],[57,35],[75,124],[19,89],[57,36],[18,35],[114,54],[75,71],[95,53],[75,0],[57,-53],[94,-36],[19,-53],[113,-54],[76,18],[132,71],[132,107],[132,71],[38,35],[57,18],[18,-35],[76,-18],[75,35],[95,89],[151,284],[57,160],[132,409],[0,53],[94,533],[19,320],[0,284],[-94,160],[-57,53],[-57,18],[-37,35],[-95,-17],[-94,17],[0,71],[38,54],[37,-36],[95,36],[56,-18],[57,-53],[94,35],[-19,71],[57,0],[38,71],[38,107],[18,89],[-18,89],[18,88],[-18,71],[0,89],[18,54],[38,17],[19,54],[-19,88],[38,0],[38,-35],[113,-53],[75,-54],[76,-35],[38,-107],[75,-35],[57,-54],[38,-71],[113,-71],[57,0],[37,-35],[95,0],[94,35],[151,142],[38,89],[75,-18],[57,71],[113,-35],[76,0],[94,-53],[38,0],[94,-125],[76,-35],[75,-89],[0,-71],[-19,-142],[-37,-125],[0,-213],[37,-302],[38,-88],[19,-125],[19,-195],[57,-373],[56,-213],[38,-196],[57,-160],[75,-88],[0,-18],[76,-53],[37,0],[38,-54],[76,-53],[132,0],[19,35],[94,-35],[113,35],[76,36],[75,89],[19,53],[57,36],[19,35],[75,18],[19,71],[57,18],[0,89],[37,35],[19,71],[0,231],[-56,-18],[-95,36],[0,18],[114,35],[-19,107],[56,17],[19,36],[0,53],[57,107],[0,53],[75,0],[76,-18],[19,-35],[94,-71],[94,18],[57,-18],[0,-36],[76,-89],[132,-106],[-38,-71],[19,-36],[-38,-17],[0,-54],[151,18],[38,-36],[94,-17],[76,-71],[56,-36],[76,18],[57,-18],[75,-106],[38,-89],[75,-71],[57,-36],[38,18],[37,-18],[76,0],[208,124],[169,214],[38,88],[151,285],[57,213],[57,320],[0,230],[37,54],[0,160],[38,17],[19,71],[57,36],[37,53],[19,107],[19,35],[-19,107],[-56,160],[-114,231],[-151,195],[-113,107],[-94,71],[-38,-18],[-76,35],[-75,-35],[0,-36],[-151,-195],[56,-18],[19,-35],[-132,-125],[-56,-35],[-76,0],[-170,-89],[-75,-107],[-38,-17],[-113,17],[-114,72],[-75,17],[-57,-17],[-94,17],[-57,-17],[-75,-72],[-76,-88],[-38,17],[-56,-17],[-113,17],[-114,-88],[-132,17],[-75,-17],[-76,-54],[-132,-71],[-19,-35],[-75,-71],[-57,-18],[-38,35],[-56,-17],[-114,106],[0,89],[19,89],[-19,160],[19,53],[57,53],[38,178],[0,142],[37,142],[57,125],[0,88],[38,71],[-38,54],[38,71],[56,35],[38,107],[19,124],[19,0],[0,107],[19,106],[38,71],[0,71],[75,36],[38,71],[56,18],[0,71],[95,53],[-19,18],[38,71],[75,53],[57,125],[19,71],[-57,159],[57,36],[19,124],[56,-35],[19,-53],[170,-89],[75,-71],[38,-89],[95,-36],[94,-71],[113,0],[19,-17],[264,0],[95,-72],[75,-35],[57,0],[113,-124],[76,-107],[56,-18],[57,-89],[75,-53],[151,-177],[114,-72],[226,-106],[114,-36],[188,-35],[189,18],[264,106],[246,142],[264,249],[38,53],[38,-89],[-38,-35],[19,-89],[-38,0],[-38,-35],[57,-71],[-19,-54],[-57,-71],[-75,-231],[-170,-586],[-113,-586],[0,-195],[37,-125],[-18,-106],[0,-71],[37,0],[-37,-107],[0,-71],[-38,-515],[0,-426],[19,-89],[0,-71],[19,-231],[37,-356],[95,-586],[94,-462],[38,-71],[75,-248],[132,-373],[76,-142],[38,17],[19,-88],[56,-89],[38,18],[19,-54],[75,-71],[38,0],[38,-35],[56,0],[38,53],[38,18],[38,35],[75,0],[38,-35],[0,-36],[57,-89],[113,-53],[38,-53],[94,-71],[-19,-18],[38,-53],[208,-196],[75,-35]],[[113923,115938],[-75,-89],[-95,-71],[-38,0],[-37,-36],[-114,-17],[-56,-36],[-95,-18],[-37,-53],[-38,0],[-19,-53],[0,-89],[19,-36],[-19,-53],[-113,-89],[-76,-17],[-38,-54],[-169,0],[-76,89],[-38,-18],[-19,54],[-56,17],[-19,36],[-132,0],[-38,-18],[-75,18],[-133,-89],[-75,-35],[-38,53],[-38,0],[-37,-53],[0,-36],[-57,-71],[-57,-36],[-132,-53],[0,53],[-94,54],[19,35],[0,71],[-38,0],[-76,89],[-56,-53],[-95,-18],[0,-89],[-94,-53],[-75,53],[-38,-53],[-113,-53],[-57,-54],[-38,0],[-38,-88],[-75,-18],[-38,-36],[-75,0],[-95,18],[-94,-53],[-113,-18],[-19,-36],[-76,-35],[-94,-71],[-38,0],[57,-142],[-38,-36],[-76,-17],[-94,0],[-113,-107],[-95,-18],[-94,-53],[0,-36],[-75,-35],[-57,0],[-76,35],[-75,-17],[-19,35],[-57,18],[0,71],[-56,35],[-19,36]],[[113621,105475],[-57,18],[-113,89],[-94,18],[-76,-18],[-56,71],[-38,-18],[-38,18],[-113,0],[-76,-35],[-75,88],[-95,-35],[-37,0],[-38,-142],[57,-213],[-38,-89],[38,-142],[-19,-54],[-132,-106],[0,-36],[-95,-89],[0,-88],[76,-36],[-57,-71],[-38,-89],[19,-71],[0,-106],[-94,17],[-38,-17],[38,-54],[-19,-53],[19,-89],[-95,-17],[19,-54],[-37,-18],[-38,18],[19,89],[-114,36],[-18,71],[-38,0],[-38,-36],[-57,89],[-56,0],[-57,35],[-75,-35],[-38,0],[-95,106],[-75,-17],[0,-107],[-19,-89],[-113,36],[-19,-36],[-57,36],[-19,-71],[-37,0],[0,-53],[-38,-54],[0,-71],[-113,-53],[-19,-53],[-113,17],[-38,36],[-38,106],[-132,107],[-76,-53],[-37,35],[-95,18],[-56,36],[18,159],[-56,0],[-57,89],[-38,-18],[-37,18],[-38,-18],[0,107],[113,-18],[76,71],[75,89],[-19,89],[-37,53],[-95,18],[-94,-18],[-38,54],[-38,17],[-56,-35],[-95,-18],[-113,18],[-57,-36],[-56,0],[-19,36],[-151,-36],[-57,18],[-56,-36],[-19,36],[-76,53],[-19,89],[-56,53],[-114,54],[-37,0],[-38,35],[-38,-35],[-38,0],[-18,71],[-38,18],[-151,0],[-95,88],[-132,54],[-37,53],[-76,53],[-189,0],[-56,-35],[-57,0]],[[108411,105387],[-19,35],[19,36],[-76,142],[38,35],[-38,36],[95,71],[38,71],[56,71],[19,53],[-19,36],[95,106],[-57,36],[19,71],[-19,36],[-76,17],[-113,0],[-94,54],[56,159],[-37,18],[0,53],[56,0],[19,36],[-56,53],[-38,0],[-19,54],[94,88],[57,107],[57,-18],[18,54],[57,35],[19,-18],[57,36],[-76,71],[-38,0],[-75,35],[-76,18],[0,71],[-19,36],[38,71],[38,0],[75,35],[0,71],[-56,36],[-57,71],[-94,35],[-19,36],[-94,18],[-76,35],[-19,54],[-19,124],[-37,0],[-38,35],[-57,0],[19,71],[-19,18],[19,107],[76,18],[-38,71],[-76,35],[-19,36],[19,53],[-56,18],[-38,53],[19,89],[-57,18],[-94,53],[19,53],[37,36],[-18,71],[94,35],[38,0],[19,125],[-57,71],[75,124],[114,71],[113,53],[-38,18],[-38,71],[0,36],[57,35],[19,107],[75,18],[19,88],[0,89],[-56,36],[-19,35],[19,71],[37,-18],[57,36],[38,0],[56,124],[95,18],[19,107],[94,-18],[38,71],[0,53],[38,36],[-19,53],[56,89],[19,53],[19,125],[-19,88],[19,36],[-75,71],[0,71],[-19,18],[-76,0],[-38,89],[-75,88],[113,36],[57,35],[19,71],[113,143],[132,124],[-38,89],[-75,35],[-38,36],[-57,18],[-37,-18],[-114,53],[-18,36],[0,88],[18,125],[-37,53],[113,107],[57,-18],[94,35],[170,-124],[57,36],[94,17],[0,89],[-57,89],[0,71],[-75,107],[19,35],[-38,36],[19,53],[0,106],[-57,18],[0,107],[19,142],[0,107],[38,35],[-38,124],[38,89],[-38,125],[-38,88],[57,36],[19,53],[38,-18],[56,36],[57,124],[0,54],[-57,0],[19,53],[-38,53],[95,196],[-95,17],[-56,89],[75,36],[132,106],[-19,53],[76,107],[19,53],[75,0],[151,36],[-19,89],[19,35],[76,18]],[[113923,115938],[76,-107],[37,-18],[38,-88],[38,-18],[56,-89],[-18,-35],[37,-36],[57,-89],[75,-53],[57,-89],[-19,-53],[114,-71],[0,-71],[18,-89],[57,-53],[0,-36],[38,-35],[19,-72],[75,-71],[38,-53],[38,-89],[0,-53],[37,-35],[0,-36],[38,-71],[0,-107],[-75,-17],[-76,-36],[-38,-53],[0,-54],[38,-17],[-56,-54],[56,-53],[76,-18],[75,0],[95,-71],[75,-35],[76,-125],[37,-17],[-37,-71],[-76,-18],[-57,18],[-94,-89],[-38,-160],[19,-36],[-19,-53],[38,-89],[94,-124],[38,0],[38,-36],[75,-17],[57,-54],[0,-53],[76,-71],[18,-53],[57,-53],[76,-18],[94,18],[0,-36],[38,-36],[38,-71],[37,-17],[0,-196],[38,-89],[-94,0],[-38,-53],[19,-89],[-19,-53],[57,-53],[56,-160],[76,-18],[19,-89],[18,-17],[0,-125],[-18,-35],[37,-54],[0,-88],[38,17],[19,-71],[-38,-106],[19,-36],[19,-18],[-38,-53],[76,-89],[0,-35],[-38,-89],[38,-89],[-38,0],[-57,-106],[0,-36],[38,-35],[-19,-36],[19,-53],[-75,-54],[0,-53],[-38,-53],[94,0],[19,-36],[-94,-142],[56,-71],[-19,-53],[-37,18],[-38,-54],[0,-35],[38,-53],[-38,-18],[0,-89],[-57,-53]],[[115584,109952],[-56,-36],[0,-53],[37,-36],[38,0],[113,178],[38,18],[76,106],[56,54],[0,35],[76,89],[56,0],[0,-107],[-18,-35],[0,-142],[37,0],[-19,-71],[38,-54],[0,-53],[-38,-71],[38,-35],[151,0],[0,-89],[76,0],[0,-142],[-19,-54],[-76,-17],[38,-36],[-19,-35],[-113,71],[-57,-54],[0,-106],[-56,-54],[-38,0],[-38,-53],[19,-18],[0,-88],[-38,0],[-75,35],[-113,-18],[-114,-35],[0,-53],[38,-72],[0,-53],[57,-18],[19,-53],[37,-18],[57,71],[75,36],[38,71],[113,71],[57,71],[76,-18],[75,-71],[0,-17],[-75,-72],[0,-53],[-57,-35],[0,-89],[19,-53],[-57,-72],[-56,18],[-57,54],[-38,0],[0,-72],[-19,-35],[-56,-18],[-95,0],[19,125],[-38,0],[-113,-143],[-38,-71],[-56,-35],[-19,-71],[38,-71],[56,35],[76,0],[-19,-53],[-57,-36],[19,-35],[-38,-36],[-75,-35],[-76,35],[-75,18],[-19,-35],[19,-36],[-76,-35],[-19,-54],[38,-53],[38,18],[38,-18],[37,53],[95,-35],[57,53],[18,18],[76,0],[38,-18],[94,89],[57,18],[-95,-107],[-37,-89],[18,-17],[-37,-54],[-76,36],[-19,-36],[-56,18],[-57,-53],[-19,17],[-75,-35],[-76,0],[-19,35],[-113,-71],[75,0],[57,-35],[0,-36],[76,-17],[37,-36],[-19,-35],[38,-72],[-113,0],[-38,36],[-113,0],[94,-107],[-75,-71],[151,0],[0,-53],[56,-18],[19,71],[114,0],[37,-17],[-18,-54],[18,-88],[-37,-54],[-38,36],[-76,0],[-37,-54],[-114,-71],[-37,36],[-76,-53],[-75,35],[-38,-18],[0,-88],[94,0],[0,-54],[246,0],[0,-53],[-227,-160],[-132,0],[-57,18],[-94,-71],[94,-71],[132,-53],[-18,-36],[18,-53],[133,0],[18,17],[95,-88],[-132,-89],[-19,-36],[-76,18],[-37,36],[-57,0],[-19,53],[-151,0],[-19,35],[-94,36],[-38,-89],[0,-89],[76,-53],[18,-53],[76,0],[38,18],[75,-36],[95,0],[18,-53],[-56,-36],[-38,18],[-57,-18],[-207,0],[19,-71],[170,-71],[18,-71],[-94,-36],[-57,18],[-37,-18],[-38,18],[-94,0],[-19,18],[19,89],[-38,-53],[-76,-36],[-56,36],[-38,-107],[-76,0],[-19,35],[-75,-17],[-38,53],[38,36],[0,106],[38,53],[-38,71],[-38,0],[-38,-71],[19,-106],[-56,-53],[-38,-72],[38,-35],[75,-36],[19,36],[0,-36],[38,-71],[0,-35],[38,-53],[-95,-18],[-38,0],[0,53],[-56,-18],[-19,-106],[-57,-18],[-19,-53],[38,-18],[57,18],[56,-36],[38,-53],[-19,-36],[-75,0],[-76,-88],[-19,53],[-37,0],[-19,71],[0,71],[-95,53],[-37,54],[19,53],[75,71],[-38,35],[-56,18],[-151,0],[-76,-18],[-19,-53],[19,-35],[-19,-71],[38,-72]],[[113621,105475],[38,-53],[-38,-35],[0,-54],[38,-53],[38,-18],[-19,-88],[56,-72],[0,-106],[76,-71],[0,-89],[75,-107],[-19,-53],[-132,71],[-19,89],[-75,53],[0,71],[-57,-35],[-56,-36],[-19,-53],[-57,0],[-38,89],[-56,0],[-19,106],[-38,0],[0,-17],[38,-89],[57,-18],[-38,-89],[-38,-177],[38,-125],[56,-17],[-37,-72],[-57,18],[-38,-35],[0,-54],[-94,0],[-95,-106],[-75,-18],[-76,-53],[-18,-53],[0,-107],[75,-89],[76,-53],[-38,-18],[56,-18],[0,-53],[114,53],[0,-71],[-38,-35],[0,-71],[57,-18],[-19,-53],[-38,0],[-76,53],[-56,-18],[-38,53],[-57,-53],[19,-35],[-37,-54],[0,-53],[-57,-18],[-38,18],[-75,0],[37,-71],[-56,-36],[-76,36],[-37,-36],[-57,-17],[-57,17],[-19,-71],[19,-53],[-37,-53],[18,-53],[38,17],[38,-35],[38,53],[113,-35],[38,17],[94,-53],[76,18],[75,-18],[-19,-53],[0,-89],[-19,-53],[-37,-36],[-57,0],[0,-35],[-57,-54],[-113,-71],[-57,18],[-56,-36],[0,-71],[38,-53],[56,-18],[57,-35],[0,-89],[56,-71],[57,18],[57,71],[37,-36],[38,54],[38,-36],[-19,-71],[57,0],[37,-71],[-37,-36],[-19,-71],[19,-53],[-38,-18],[19,-53],[-76,0],[0,53],[-56,-17],[0,142],[-57,-36],[-57,0],[-94,89],[-38,-36],[76,-35],[19,-89],[37,0],[-18,-89],[37,-53],[-56,-71],[-76,0],[0,-36],[113,-53],[0,-53],[95,0],[-107,-65],[-63,-24],[-38,36],[-61,-12],[-33,47],[-57,0],[-38,-35],[57,-18],[38,-36],[56,-53],[19,-89],[-37,-89],[75,-17],[113,124],[38,-36],[-19,-35],[95,-71],[132,35],[0,-71],[-57,-53],[-38,53],[-94,0],[0,-53],[-132,-18],[-19,-35],[38,-54],[37,18],[114,0],[37,-35],[19,-125],[57,-53],[0,-36],[-38,-53],[0,-35],[76,-36],[19,-71],[-19,-35],[-57,-18],[-38,-142],[0,-54],[-56,18],[-57,160],[-57,-35],[0,88],[-37,18],[-114,0],[-18,-18],[-95,71],[38,54],[57,0],[18,88],[-37,0],[-19,107],[-76,-71],[-19,89],[-75,-71],[-57,18],[-56,71],[56,17],[38,54],[57,0],[19,35],[-38,36],[-19,53],[-38,-18]],[[112375,101301],[-19,36],[57,71],[-19,18],[-94,-36],[-38,71],[-38,-53],[-94,-71],[-76,-18],[-56,53],[18,125],[-56,35],[-189,0],[-75,-18],[-19,18],[-95,0],[-188,53],[-19,-88],[-114,-18],[-226,-89],[-208,-124],[-75,-71],[0,-107],[0,18],[19,0]],[[110771,101106],[18,-36],[19,-17],[0,-72],[-19,-53],[-94,-18],[-57,18],[-56,53]],[[110582,100981],[0,36],[94,18],[-38,89],[19,35],[-75,0],[38,71],[-38,53],[-95,18],[-56,36],[0,-107],[-57,53],[-75,18],[-57,-18],[-38,-53],[-37,0],[-19,-71],[0,-71],[-38,-18],[-76,0],[-37,-53],[37,-36],[19,0],[0,18],[19,0],[19,-35],[-57,-71],[-37,0],[56,-71],[76,0],[38,71],[75,-18],[38,-107],[38,-17],[-19,-54],[-76,0],[-38,-35],[-18,-54],[-133,-35],[0,-36],[-75,18],[-57,-18],[-94,18],[-38,-35],[151,-18],[19,-18],[-19,0],[-56,-89],[-114,-142],[-189,-337],[-37,-125],[-95,-248],[-94,-320],[-38,-284],[0,-89],[-38,-213],[0,-160],[57,-426],[38,-178]],[[109355,97873],[-57,-18],[-38,36],[-75,0],[-57,35],[-132,-35],[-75,-54],[-19,-35],[19,-36],[-19,-35],[38,-89],[-76,-89],[19,-53],[0,-142],[19,-53],[-19,-54],[19,-17],[-19,-72],[-132,0],[-76,36],[-38,-36],[-226,89],[-19,-71],[38,-35],[56,-18],[76,-89],[-38,-35],[-94,71],[-95,17],[-75,0],[-57,18],[-75,-35],[-38,71],[-94,71],[-76,0],[-19,53],[-37,36],[0,106],[-38,53],[56,36],[19,107],[-37,53],[18,35],[-37,36],[0,35],[56,18],[0,36],[-151,53],[-37,36],[-95,-36],[-113,36],[-38,88],[-94,0],[-76,-53],[-94,53],[-57,71],[-19,-71],[-188,-53],[-95,18],[-75,-18],[-57,-35],[-75,0],[-38,53],[-57,124],[0,89],[38,53],[-76,54],[-75,-18],[-19,53],[-94,-35],[-95,71],[-38,0],[0,71],[-75,0],[-57,-36],[-19,-106],[-113,35],[-56,0],[0,-35],[-57,-18],[-113,53],[-76,0],[-75,71],[-76,18],[-56,35]],[[105410,98441],[-38,36],[0,89],[75,106],[-37,107],[-38,35],[0,54],[56,89],[-37,53],[19,18],[132,-36],[75,36],[19,-18],[132,0],[57,-18],[38,36],[94,-18],[57,53],[18,53],[114,0],[0,18],[75,36],[38,53],[-19,124],[38,71],[0,36],[38,53],[94,18],[-19,89],[113,106],[38,0],[19,89],[57,71],[-19,142],[-38,107],[19,53],[-38,71],[19,18],[-19,53],[19,71],[0,125],[19,17],[113,36],[19,35],[-19,54],[0,89],[57,17],[19,71],[94,-17],[57,53],[0,53],[-38,53],[-19,107],[38,53],[56,36],[57,0],[19,71],[38,35],[56,0],[19,36],[76,71],[-38,53],[-19,89],[57,107],[0,71],[75,18],[38,-36],[57,53],[37,71],[-37,36],[0,71],[-19,89],[-38,35],[-151,71],[-57,107],[38,106],[-75,18],[-19,89],[37,0],[19,53],[38,36],[-19,53],[76,53],[-57,89],[19,36],[-19,53],[-75,18],[18,89],[-56,35],[-57,71],[-19,71],[38,107],[57,-18],[37,18],[76,-89],[94,-18],[76,36],[19,71],[56,89],[0,53],[38,18],[19,71],[0,124],[-94,18],[0,124],[94,89],[0,36],[38,53],[38,106],[56,54],[-38,71],[-56,-18],[-76,18],[-19,35],[-56,0],[-57,196],[19,106],[-38,71],[-38,0],[-113,89],[-38,0],[-18,53],[-38,36],[-57,0],[-19,106],[57,36],[0,53]],[[107033,104889],[38,-71],[37,-35],[114,53],[37,0],[19,53],[38,-17],[76,0],[37,53],[114,-36],[37,-35],[38,35],[151,54],[19,53],[76,89],[56,17],[38,36],[38,-18],[56,36],[76,160],[170,71],[113,0]],[[113583,104481],[-56,53],[-38,107],[-38,53],[19,35],[-38,54],[19,17],[113,36],[76,-36],[-19,-71],[-57,-17],[38,-160],[-19,-71]],[[112979,101710],[-56,53],[0,124],[18,18],[57,-89],[19,-71],[-38,-35]],[[110506,101017],[57,36],[0,-36],[19,-36]],[[110582,100981],[-19,0],[-19,-35],[-57,0],[0,35],[-37,-35],[-19,71],[38,0],[18,18],[19,-18]],[[113262,100520],[-18,35],[-95,71],[-38,125],[114,53],[132,-71],[-57,-89],[38,-71],[-76,-53]],[[112262,100626],[-19,36],[38,53],[-19,53],[38,54],[37,-36],[19,-89],[-37,-53],[-57,-18]],[[112621,100502],[-57,0],[19,106],[94,0],[38,-35],[38,-89],[0,-35],[56,-18],[-19,-53],[-94,0],[-38,17],[-37,107]],[[107033,104889],[0,18],[-76,71],[-56,-18],[-57,18],[-56,-35],[-76,17],[-19,54],[-56,71],[-76,0],[-57,17],[0,72],[-56,71],[0,142],[-19,35],[19,53],[-38,18],[0,54],[-38,0],[-56,71],[-95,0],[-38,17],[-94,-17],[-75,35],[-95,71],[-19,89],[-37,35],[-170,72],[-57,-18],[0,-36],[-38,-89],[-113,36],[-38,53],[-94,36],[-38,0],[-38,35],[-56,-53],[-38,18],[-94,-36],[-57,36],[-113,18],[19,35],[-19,53],[19,36],[-38,71],[-132,-36],[-38,-35],[-38,18],[-38,-36],[-37,0],[-38,89],[-38,35],[-56,-17],[-76,35],[-19,54],[-75,53],[-151,18],[-76,35],[19,36],[-38,124],[0,142],[-321,-89],[-56,-35],[-19,-71],[-283,71],[-19,-36],[-246,53],[-226,0]],[[102899,106523],[57,18],[0,36],[37,35],[-19,54],[19,53],[57,53],[57,107],[18,124],[0,89],[-75,18],[0,88],[38,36],[19,53],[75,142],[-19,36],[0,71],[57,124],[38,54],[207,35],[38,18],[75,124],[76,160],[38,107],[94,231],[0,71],[19,17],[57,160],[113,604],[19,71],[56,515],[19,71],[0,71],[19,445],[-38,426],[-19,71],[-37,0],[-19,71],[38,71],[-19,89],[-38,0],[-19,53],[19,36],[-57,142],[-113,213],[-94,124],[-189,196],[-151,88],[-132,54],[-151,17],[-38,-35],[-151,0],[-76,-89],[19,-35],[-19,-18],[38,-36],[19,-53],[-75,-18],[-76,0],[-38,36],[-56,-18],[0,-53],[-57,0],[-132,71],[-57,-18],[-19,-35],[-37,17],[-114,0],[-75,36],[-19,71],[0,71],[-19,35],[0,71],[-56,36],[-57,0],[-19,71],[-57,107],[19,35],[-19,36],[95,17],[19,36],[-19,53],[-95,18],[-18,36],[0,71],[-38,88],[38,125],[132,-178],[94,0],[189,-71],[75,-18],[19,-53],[76,-36],[94,18],[189,71],[170,142],[94,89],[170,196],[189,302],[38,106],[132,267],[113,390],[-57,18],[38,124],[19,0],[57,89],[0,71],[75,302],[76,427],[0,88],[-19,125],[-57,53],[-19,71],[-94,53],[-76,18],[-19,89],[-37,36],[-38,0],[-76,71],[-37,17],[-76,107],[19,6]],[[103937,111035],[-19,18],[19,-18]],[[105410,98441],[-57,-53],[0,-89],[38,-106],[0,-71],[-38,-71],[-38,-18],[0,-89],[19,-107],[-19,-71],[19,-53],[-19,-71],[0,-106],[-19,-89],[38,-71],[113,-71],[76,-36],[-19,-35],[-76,-36],[-37,-89],[0,-35],[-76,-18],[-56,-89],[-57,-53],[-57,-89],[-189,0],[-37,36],[-38,0],[-132,35],[-38,0],[-113,-35],[-38,-89],[-38,0],[-37,-36],[-76,0],[-113,36],[-19,53],[-57,71],[-94,0],[-19,53],[-38,36],[-38,0],[-18,71],[-95,-89],[-75,0],[-19,-35],[-57,17],[-56,-35],[-76,0],[-75,53],[-57,107],[0,53],[-57,53],[19,36],[-19,89],[-37,0],[-57,35],[-57,71],[-37,-18],[-19,-88],[-114,0],[-37,-36],[-114,0],[-18,53],[-114,71],[-132,-88],[-75,-18],[-95,-71],[-38,89],[-94,71],[-19,53],[-75,-18],[-95,-53],[-56,-18],[-48,18]],[[102115,97358],[-9,35],[-38,18],[-37,53]],[[102031,97464],[-57,72]],[[101974,97536],[0,35],[-44,14]],[[101930,97585],[-107,-49]],[[101823,97536],[-57,0],[-151,106],[0,53],[-38,36],[-56,18],[-76,106],[19,36],[-38,71],[19,18],[-19,53],[19,53],[57,53],[38,196],[0,35],[-38,36],[38,53],[-38,36],[38,71],[56,18],[-19,53],[19,53],[-19,71],[19,89],[38,35],[113,36],[76,89],[-38,53],[38,53],[-38,36],[-75,0],[0,71],[56,160],[57,53],[-19,107],[19,160],[-38,35],[-19,71],[38,89],[38,18],[38,106],[75,54],[94,-36],[38,0],[132,-71],[38,53],[38,-17],[38,17],[75,-53],[19,53],[57,18],[18,36],[95,53],[151,71],[94,53],[38,36],[19,71],[38,35],[19,54],[132,106],[0,125],[-57,53],[-57,18],[-37,106],[-38,18],[-57,71],[-56,35],[0,54],[-133,18],[-75,71],[-76,0],[-75,-54],[-76,36],[-37,0],[-57,53],[-57,0],[-132,71],[-19,53],[19,18],[-56,89],[-57,-35],[-38,17],[-19,54],[19,71],[57,88],[0,71],[19,143],[-19,53],[19,53],[-38,36],[19,53],[57,35],[-19,89],[-114,18],[-56,53],[-151,0],[-38,18],[-57,-18],[-94,36],[-38,71],[-56,35],[-76,-17],[-75,0],[-133,106],[-75,18],[-76,53],[-18,36]],[[100955,102527],[-19,53],[75,107],[0,35],[38,54],[0,35],[38,36],[0,35],[75,124],[38,89],[38,36],[0,53],[56,89],[38,35],[19,71],[57,36],[18,53],[38,-17],[95,53],[37,71],[57,35],[0,36],[57,53],[18,-18],[76,36],[57,53],[0,54],[56,88],[114,71],[94,89],[38,18],[94,178],[94,248],[151,498],[38,160],[57,106],[-38,18],[57,53],[75,0],[0,18],[-94,35],[38,89],[37,0],[57,89],[38,124],[19,18],[132,444],[0,125],[38,71],[0,53],[-57,106]],[[100936,106968],[-38,88],[57,36],[0,53],[37,0],[57,-71],[-94,-53],[-19,-53]],[[105296,91070],[0,35],[-132,54],[0,35],[76,107],[-57,35],[0,54],[38,35],[0,36],[-57,53],[19,53],[38,36],[0,124],[-38,0],[-151,-35],[-94,17],[-38,54],[19,106],[-57,71],[19,54],[-57,35],[-75,18],[-113,106],[18,36],[-56,35],[-57,71],[-56,-17],[-170,142],[-76,-18],[-170,36],[-132,88],[-57,0],[-37,36],[-95,-18],[-264,53],[-19,36],[-170,0],[-113,-36],[-38,0],[-37,36],[-38,0],[-113,-53],[-76,0],[-38,-36],[-75,-18],[-38,-35],[-38,0],[-38,-53],[-75,-54],[0,-53],[38,-178],[-114,0],[-94,36],[-57,-18],[-18,18],[-76,-107],[-94,-35],[-57,18],[-38,-36],[-75,18],[-57,-18],[-56,-53],[-57,18],[-76,-36],[-37,0],[-19,-89],[-38,-35],[-38,0],[-113,-54],[-76,0],[-18,-88],[-76,-54],[-38,18],[-37,-18],[-95,18],[-38,-89],[-75,-35],[-38,0],[-19,-36],[-37,0],[-76,-89],[-19,18],[-94,-35],[-76,-54],[-56,-17],[-76,53],[-38,-18],[-113,-18],[0,-106],[-38,-36],[-56,-18],[-38,-35],[-57,-124],[-113,17],[-57,-53],[-37,-71]],[[100011,90910],[-132,53],[-95,0],[-94,71],[-38,-17],[-113,17],[-76,-17],[-56,71],[-114,-18],[-56,53],[-114,-71],[-37,0],[-57,71]],[[99029,91123],[57,18],[0,35],[56,107],[-19,53],[38,36],[-38,35],[38,71],[-19,89],[-37,89],[18,36],[0,71],[38,17],[0,36],[38,35],[0,36],[-38,107],[-38,53],[19,53],[-75,71],[19,36],[-19,35],[-19,125],[57,88],[18,125],[38,89],[-56,71],[0,88],[-19,36],[-95,89],[-19,71],[-37,0],[-57,-107],[-57,0],[-18,71],[-38,36],[-132,160],[-19,35],[38,89],[132,142],[0,18],[75,71],[57,35],[19,160],[56,71],[-56,107],[113,71],[0,89],[19,71],[0,71],[-38,18],[0,53],[-57,35],[-75,18],[-76,125],[57,35],[0,71],[57,107],[75,35],[38,-18],[132,18],[132,36],[38,-18],[132,53],[19,-17],[94,35],[57,-18],[76,18],[37,53],[57,18],[38,-35],[170,-36],[56,36],[19,124],[0,71],[38,18],[-19,53],[19,36],[75,35],[57,0],[113,36],[113,-107],[38,0],[19,36],[76,35],[37,0],[76,-35],[38,35],[94,-18],[189,-53],[113,71],[19,71],[-113,107],[-19,53],[19,35],[-19,72],[19,106],[-38,71],[0,71],[-57,36],[-37,71],[-19,124],[19,53],[37,36],[-19,53],[76,36],[38,0],[113,89],[19,-18],[56,35],[19,71],[57,54],[75,17],[-18,72],[0,71],[94,88],[19,36],[56,18],[38,106],[0,71],[57,18],[75,124],[95,71],[56,71],[57,36],[38,53],[132,71],[-10,36]],[[109355,97873],[38,-160],[56,-142],[19,18],[76,-160],[56,-18],[38,-35],[57,0],[0,-214],[18,-177],[57,-53],[76,-125],[0,-408],[19,-18],[18,-89],[38,-53],[-38,-18],[38,-107],[0,-159],[19,-142],[0,-214],[19,-177],[38,-249],[19,-71],[0,-89],[18,-71],[-37,-106],[0,-267],[0,-53],[-19,-249],[19,-18],[0,-177],[-19,-71],[-38,-71],[0,-89],[19,-18],[-19,-53]],[[109940,93770],[-19,-18],[19,-53],[-19,-36],[-75,-337],[0,-71],[56,-18],[-19,-71],[-37,-18],[-38,-106],[-19,-196],[-19,-106],[19,-18],[0,-160],[-19,-36],[0,-195],[-57,-53],[-56,-196],[-38,-266],[0,-178],[19,-18],[38,-106],[-57,-36],[-38,-71],[0,-71],[-56,-17],[-57,-54],[19,-35],[-76,0],[-94,-142],[-57,17],[-18,54],[-38,-36],[-57,18],[-170,-71],[38,-36],[-57,-17],[-37,-36],[-38,0],[-76,-71],[-75,18],[-170,-125],[-57,-142],[0,-106],[19,0]],[[108524,90555],[-38,-18],[-56,71],[-38,-18],[-38,-18],[0,18],[0,18],[-37,0]],[[108317,90608],[-114,53],[-37,-17],[-57,17],[-38,-17],[-75,35],[-19,36],[-38,0],[-19,35],[-75,36],[-57,0],[-151,53],[-57,-18],[-75,36],[-57,0],[-75,124],[-76,53],[0,71],[-38,54],[-113,-54],[19,-35],[-19,-124],[76,-72],[0,-35],[37,-89],[38,-35],[-19,-54],[-56,-53],[-76,-36],[-75,0],[-95,-17],[-19,-54],[-37,-17],[-19,-71],[-38,-18],[-19,-71],[-38,-36],[-151,-35],[19,-36],[-75,-106],[-76,-36],[-75,89],[-76,124],[-56,-17],[-57,17],[-38,71],[-113,0],[-113,36],[0,53],[-38,71],[-19,71],[19,54],[-19,53],[-38,35],[-56,18],[-38,-18],[-113,36],[-19,18],[-38,142],[-75,53],[-76,89],[-57,18],[-56,-36],[-76,18]],[[102031,97464],[-57,72]],[[101930,97585],[-69,-49],[-38,0]],[[109940,93770],[19,0],[-19,0]],[[101804,85883],[19,53],[38,0],[56,-35],[0,71],[114,-36],[18,-35],[170,106],[170,89],[19,0],[208,71],[75,213],[38,36],[-38,142],[95,124],[37,-17],[57,35],[38,0],[19,53],[56,0],[-37,-53],[75,-35],[76,-71],[37,17],[19,54],[0,177],[57,54],[94,35],[132,36],[38,0],[0,88],[57,89],[37,-53],[57,-18],[76,18],[37,36],[114,0],[37,17],[76,-17],[94,35],[57,71],[-19,36],[0,71],[151,-18],[57,-53],[56,35],[0,53],[38,36],[76,18],[75,-18],[19,18],[75,-125],[38,18],[132,-18],[95,160],[19,71],[-19,18],[19,53],[0,107],[18,18],[38,106],[95,107],[0,89],[37,35],[76,18],[19,53],[56,18],[-75,107],[0,124],[19,35],[-38,54],[0,160],[19,71],[0,142],[-38,53],[-38,0],[0,71],[38,18],[0,89],[-19,53],[-56,35],[18,54],[-56,35],[19,54],[-38,35],[75,89],[76,0],[57,35],[75,-17],[57,53],[19,-18],[56,71],[-19,125],[-94,53],[-38,35],[-37,71],[18,72],[-37,53],[19,18],[-19,53],[75,35],[-19,142],[19,18],[0,89],[-19,89],[-37,18],[-19,71],[0,88],[19,72],[-38,177],[0,107],[-19,53],[38,53],[56,36]],[[108524,90555],[19,-36],[0,-71],[38,-53],[0,-36],[-38,-35],[-57,18],[0,-18],[-113,-53],[-75,-178],[-57,-89],[-75,-195],[-38,-213],[-76,-214],[-19,-177],[19,-54],[-37,-35],[-38,0],[-57,-89],[-38,-160],[-37,-35],[-76,-125],[-38,-88],[0,-36],[-56,-35],[-57,-178],[19,-36],[-38,-35],[-56,-178],[-19,-89],[-38,-53],[-38,-35],[38,-54],[-57,0],[-19,-35],[0,-107],[-18,-53],[0,-107],[37,18],[76,0],[0,-89],[-38,18],[-75,0],[0,-142],[18,-18],[0,-35],[19,-107],[38,-53],[38,0],[-19,-71],[0,-71],[-94,-71],[-19,-54],[-57,-53],[0,-124],[-57,-54],[-37,-17],[-76,0],[0,-36],[-38,-89],[0,-319],[95,-551],[56,-178],[151,-408],[0,-18],[76,-142],[151,-355],[57,-125],[94,-177],[57,0],[113,-231],[-38,-18],[0,-36],[-94,-71],[-95,18],[57,-71],[19,0],[151,89],[38,0],[188,-320],[38,-106],[19,-18],[170,-267],[340,-497],[38,-35],[37,0],[19,-36],[38,0]],[[108883,82668],[-38,-35],[-170,0],[-132,106],[-302,195],[-113,107],[-76,178],[-75,124],[-132,71],[-208,36],[-94,35],[-114,213],[-75,89],[-76,36],[-94,106],[-113,71],[-132,71],[-133,107],[-56,-71],[-38,-107],[-38,0],[-19,-35],[19,-89],[-37,-36],[-76,71],[-75,54],[-57,-89],[-95,-18],[-75,-35],[-132,17],[-132,-53],[-38,0],[-94,-53],[-38,-71],[-95,-89],[-94,-53],[-57,0],[-169,71],[-57,-18],[-170,-124],[-76,0],[-113,53],[-38,0],[-94,-53],[-151,-71],[-75,-18],[-95,106],[-75,107],[-151,53],[-76,36],[-75,-54],[-38,18],[-57,71],[-75,18],[-189,124],[-151,0],[-94,89],[-76,36],[-75,53],[-76,36],[-57,71],[38,88],[-19,36],[-94,18],[-113,53],[-95,71],[-19,107],[-56,88],[-76,89],[-75,54],[-227,213],[-38,142],[-94,124],[-57,-35],[-18,-54]],[[102333,85119],[-38,-71],[-57,0],[-75,36],[-95,0],[-19,18],[-18,159],[-57,89],[-76,160],[-37,36],[-38,124],[19,160],[-38,18],[0,35]],[[101804,85883],[-57,18],[-37,53],[-57,-18]],[[101653,85936],[38,36],[-19,89],[-38,-18],[0,71],[-38,0],[-19,53],[-56,0],[-57,107],[38,71],[-94,71],[-38,0],[-38,-36],[-151,0],[-38,-17],[-94,0],[-57,53],[0,36],[-94,-18],[-76,53],[-75,-35],[-57,17],[-75,-53],[-57,-18],[-113,0],[-38,36],[38,35],[-38,54],[-94,0],[0,35],[-76,53],[-94,107],[19,35],[56,18],[-56,89],[-19,0],[-132,71],[-19,53],[-113,71],[-57,143],[57,106],[18,0],[38,107],[38,35],[38,89],[56,36],[19,53],[38,35],[-19,54],[38,17],[38,-17],[56,17],[19,36],[-19,35],[0,72],[-19,71],[-37,0],[-19,71],[37,35],[57,107],[57,71],[-38,18],[0,106],[38,36],[56,-18],[38,18],[38,71],[56,17],[0,54],[57,35],[0,36],[-38,18],[-37,106],[-38,36],[-132,0],[-95,-36],[-94,53],[-94,-35],[-95,71],[-56,-18],[-19,18],[-76,0],[-38,36],[-18,53],[-95,0],[-19,53],[0,195],[38,18],[0,71],[38,71],[-19,54],[38,53],[75,71],[38,71],[57,195],[-76,18],[-38,125],[0,53],[38,0],[57,71],[37,0],[19,35],[-19,54],[19,53],[57,0],[38,35],[0,54],[75,53],[0,36],[-38,35],[-37,-18],[-95,54],[-19,-18],[-56,35],[-19,36],[-38,0],[-38,35],[38,107],[0,71],[76,0],[37,124],[133,71],[-19,36]],[[101653,85936],[-19,54],[-57,-18],[0,-107],[-132,-17],[-19,-54],[-94,71],[-57,71],[-75,36],[-94,-53],[-95,-18],[-189,-71],[-75,18],[-113,0],[-19,-18],[-114,-18],[-94,18],[-94,35],[-114,107],[-37,53],[-57,36],[-113,35],[-38,71],[-151,107],[-75,0],[0,-36],[-76,-35],[-38,-36],[0,-35],[-37,-36],[-76,36],[-38,89],[-38,-18],[-151,35],[-37,-53],[-57,36],[-57,-18],[-56,18],[-95,88],[-151,18],[-207,125],[-170,0],[-38,35],[-38,-71],[-94,-89],[19,-18],[-95,-142],[-75,-160],[-113,-142],[0,-53],[-38,-35],[0,-125],[38,-53],[-19,-36],[-76,0],[-37,-35],[0,-142],[-38,-18],[-76,53],[-113,0],[-19,-53],[-38,0],[-56,-71],[-38,0],[-94,71],[-38,-18],[-19,-53],[19,-53],[-94,-107],[-76,-35],[-76,35],[-94,-18],[-75,-35],[-76,-18],[-75,-36],[-38,-53],[-76,-18],[0,-35],[-56,-89],[-19,0],[-38,-89],[-94,-35],[-132,-18],[-57,53],[-113,0],[-57,-17],[0,-72],[-57,-106],[-37,-18],[-57,-89],[-76,-17],[-18,-54]],[[95877,84373],[-151,54],[-38,71],[0,53],[-38,18],[-75,-18],[-38,53],[-57,18],[-56,53],[-38,0],[38,107],[37,53],[-19,160],[-75,89],[19,53],[75,36],[19,53],[-38,71],[-37,124],[-76,-17],[-151,53],[-75,160],[-38,0],[19,124],[38,0],[0,-71],[113,-36],[19,36],[75,18],[76,0],[-76,177],[76,71],[-19,71],[-57,-17],[-56,89],[0,106],[-57,53],[0,178],[-19,36],[57,35],[75,18],[95,53],[37,0],[57,53],[-38,89],[19,53],[0,267],[38,71],[-38,18],[0,177],[-19,71],[-75,71],[-38,-17],[-94,53],[-76,0],[-57,18],[-113,-36],[-113,-18],[-76,-88],[-56,-18],[-170,89],[-57,0],[-38,-36],[0,-53],[-75,18],[-94,0],[-19,106],[-76,0],[-19,18],[-264,89],[19,124],[-19,53],[19,36],[-19,53],[0,71],[-19,36],[57,160],[-19,71],[57,35],[0,107],[37,18],[57,88],[0,89],[-38,54],[38,71],[0,71],[38,35],[37,-18],[0,89],[76,18],[38,107],[0,35],[94,71],[57,18],[19,-36],[75,18],[57,36],[94,17],[38,36],[19,71],[-95,71],[19,89],[57,53],[38,0],[37,53],[95,18],[94,0],[57,-35],[94,88],[76,-53],[75,107],[38,-18],[113,53],[38,0],[75,36],[57,0],[38,35],[75,18]],[[95763,89702],[57,-18],[57,18],[0,36],[37,17],[19,89],[38,18],[113,-18],[114,-89],[151,0],[18,71],[38,36],[57,18],[38,-18],[37,18],[38,106],[0,71],[19,36],[-57,160],[76,-18],[19,18],[113,-36],[94,36],[57,53],[38,0],[245,53],[19,36],[-38,71],[-56,18],[37,88],[-19,54],[38,89],[38,35],[0,36],[57,17],[75,0],[76,-17],[37,-36],[57,18],[0,89],[-38,71],[19,53],[-56,71],[-19,89],[0,89],[37,177],[170,0],[57,18],[38,36],[94,-18],[94,18],[57,71],[151,88],[57,72],[0,159],[56,107],[76,-18],[19,-53],[56,0],[0,-36],[57,-124],[57,-35],[56,-72],[132,-71],[38,-71],[-19,-124],[19,-53],[38,-36],[38,0],[75,-35],[113,35],[38,0],[57,-89],[-38,-53]],[[102333,85119],[18,-35],[19,-107],[57,-53],[0,-36],[94,-106],[38,-18],[38,-53],[-38,-54],[19,-159],[-19,-36],[76,-89],[0,-89],[56,-17],[0,-71],[95,-160],[75,-36],[38,-89],[113,-159],[76,-214],[-19,-88],[-38,-54],[0,-71],[-19,-53],[19,-71],[0,-124],[-19,-36],[38,-107]],[[103050,82934],[-19,18],[-57,-18],[-56,18],[0,89],[-95,-35],[-113,71],[-57,-54],[-56,54],[-19,53],[-76,0],[-37,-18],[-95,0],[-56,71],[-76,-35],[-38,0],[-18,-36],[56,-53],[-19,-71],[-113,-54],[-19,54],[-56,-18],[-19,36],[-76,0],[-113,71],[-95,-18],[-113,18],[-56,-36],[-38,18],[-113,-142],[18,-36],[-18,-53],[-38,35],[-57,-17],[-19,35],[-94,36],[-113,-107],[-132,-71],[-19,36],[19,106],[-76,18],[38,35],[0,54],[-38,18],[57,53],[-19,53],[-57,-71],[-75,-53],[-38,0],[-19,-36],[-75,-18],[-114,0],[-56,-53],[-38,0],[-38,-35],[-94,-18],[-170,0],[-76,18],[-37,-36],[-95,18],[-19,35],[19,54],[-56,0],[-19,71],[-132,53],[-76,-35],[-57,17],[-56,142],[0,71],[-57,-17],[-38,89],[-151,35],[-94,-18],[-94,0],[-38,18],[-57,-18],[-38,36],[-75,35],[-76,-53],[-75,18],[-132,71],[-19,35],[-57,36],[-75,18],[-95,0],[-132,17],[-132,54],[-38,-18],[-132,35],[-94,89],[-76,54],[-75,0],[-38,-36],[-19,-53],[-94,-18],[-113,0],[-133,-107],[-18,-88]],[[97274,83450],[-95,-36],[-113,18],[-57,-36],[-38,-53],[-37,53],[-38,0],[-94,89],[-38,-18],[-19,54],[-76,17],[-75,-17],[-76,0],[-37,-18],[-19,53],[-38,0],[-57,36],[-18,35],[0,89],[-76,53],[-75,0],[-189,36],[-38,35]],[[95971,83840],[0,54],[57,71],[0,71],[-38,53],[-19,71],[-38,18],[-56,89],[0,106]],[[108883,82668],[57,0],[37,-53],[-19,-18],[38,-107],[-38,-35],[19,-36],[-37,-35],[18,-71],[-75,35],[-19,-17],[-19,17],[-38,36],[-18,53],[-38,18],[-132,-18],[-302,-89],[0,-17],[-133,-36],[-75,18],[-38,53],[-75,0],[-132,-18],[-189,-71],[-208,-124],[-75,-71],[-435,-355],[-245,-231],[-57,-89],[-94,-124],[-38,-72],[-37,-17],[-57,-71],[-95,-160],[-113,-213],[-19,-71],[-94,-302],[0,-36],[-38,-213],[0,-53],[38,-285],[0,-53],[38,0],[56,-89],[19,-71],[-94,-231],[0,-124],[19,0],[19,-18],[0,-89],[-38,-88],[-38,-178],[-57,-71],[0,-36],[-37,-53],[-57,-18],[-57,36],[-56,-18],[-19,-35],[-76,-71],[-56,-178],[-57,-18],[-19,71],[-75,18],[-57,-35],[0,-54],[-38,-35],[-94,17],[-38,18],[-94,-18],[0,-71],[-38,0],[-38,-71],[-132,0],[-75,-35],[-38,53],[19,18],[-38,53],[-75,-53],[-57,18],[-76,0],[-37,-36],[-95,18],[-75,-36],[-76,-53],[-37,-71],[-38,-107],[19,-35],[-132,-71],[-38,-71],[-114,0],[-94,-36],[-132,-124],[-38,0],[-75,-53],[-114,-107],[-37,-107],[-38,-142],[-38,-71],[19,-106],[0,-71],[-19,-36],[-94,-89],[-19,-35],[-76,-53],[-37,0],[-19,-36],[-76,0],[-75,-18],[-19,18],[-57,-18],[-94,18],[-113,-18],[-19,-17],[-132,71],[0,142],[-76,71],[-189,89],[-75,0],[-95,71],[0,88],[76,-17],[38,17],[132,-17],[151,17],[38,36],[18,53]],[[102653,77339],[76,18],[0,-36],[38,-17],[56,35],[0,71],[19,18],[-19,89],[-37,71],[-38,0],[-57,53],[-94,0],[75,89],[0,36],[-37,53],[-19,106],[94,36],[38,71],[-38,89],[-57,18],[-18,71],[37,71],[57,53],[-76,142],[-56,36],[19,71],[-38,17],[19,54],[0,71],[75,124],[189,107],[38,71],[-19,177],[-113,125],[37,88],[-75,72],[-132,71],[-208,53],[57,18],[151,17],[-19,54],[38,17]],[[102616,79719],[113,54],[-76,17],[-37,54],[94,106],[57,-88],[56,35],[-19,53],[-75,36],[38,71],[94,-53],[113,-36],[57,0],[-19,53],[76,18]],[[103088,80039],[-19,18],[94,53],[38,0],[0,53],[-76,0],[-18,72],[-38,71],[56,159],[76,54],[57,0],[75,35],[57,-17],[19,88],[56,36],[19,-71],[57,-18],[-19,71],[-38,71],[113,53],[57,-124],[19,18],[-38,71],[132,106],[57,89],[38,-17],[0,53],[37,71],[57,-36],[19,36],[-57,18],[76,106],[151,142],[132,-106],[38,17],[-95,72],[38,53],[0,71],[132,35],[-170,0],[-19,125],[133,-18],[0,-53],[56,-36],[-19,89],[19,53]],[[104390,81602],[-75,0],[-76,18],[57,36],[-95,88],[-37,-17],[56,-54],[-19,-53],[-321,355],[-18,0],[-76,89],[-57,-18],[-113,0],[0,36],[95,0],[0,35],[-95,-17],[-19,53],[57,18],[-57,35],[10,45],[-10,-27],[-94,18],[-28,-22],[9,-49],[-19,44],[-19,-9]],[[103446,82206],[-37,-53],[-38,71],[-95,-71],[95,0],[-151,-71],[-19,-36],[132,-106],[-189,-107],[-75,-71],[-19,71],[-38,-35],[-94,35],[0,89]],[[102918,81922],[56,36],[38,71],[0,159],[19,36],[94,18],[76,106],[-19,71],[-113,125],[19,124],[-76,71],[-38,71],[0,53],[76,54],[0,17]],[[103612,82277],[4,18],[-19,0],[15,-18]],[[98425,82153],[-57,53],[-132,89],[-56,0],[-114,36],[-113,53],[-170,106],[-38,71],[-56,72],[-38,71],[-57,17],[-75,125],[19,71],[-57,71],[-38,106],[0,196],[-37,-18],[-76,53],[-19,89],[-37,36]],[[102918,81922],[-57,0]],[[102861,81922],[-75,36],[-57,0],[0,-72],[-113,0]],[[102616,81886],[-19,36],[30,28],[-106,-10],[-37,-36],[18,-71],[-37,-35],[-38,71],[-38,35],[76,71],[-19,18],[-95,-53],[-18,18],[113,71],[-19,17],[-113,-71],[-38,89],[-38,-89],[0,-53],[-38,0],[-18,-89],[0,-142]],[[102182,81691],[-19,-35],[0,-71],[19,-89],[75,-125],[57,54],[75,17],[151,-231],[-94,-35],[-19,-36]],[[102427,81140],[-208,125],[-56,-18],[-38,18],[-38,-36],[-38,18],[-75,-36],[-94,0],[-19,36],[37,71],[-56,18],[-95,53],[-75,160],[-76,36],[-56,53],[-189,124],[-57,0],[-94,36],[-57,0],[-113,88],[-57,0],[-94,54],[-57,18],[-37,-36],[-57,-107],[-38,0],[-56,-35],[0,-53],[-38,-36],[-38,18],[-38,71],[-56,18],[-19,35],[-95,-106],[19,-36],[95,18],[19,-53],[37,0],[57,-71],[38,-18],[19,-54],[56,-35],[0,-36],[-94,-71],[-38,71],[38,89],[-19,18],[-57,-36],[-56,-106],[56,-18],[38,-89],[-19,-35],[38,-54],[0,-124],[-57,-53],[38,-53],[-19,-18],[-75,0],[-57,177],[-57,71],[-56,36],[-76,71],[-113,142],[-38,18],[-19,71],[-75,18],[-151,71],[-38,0],[-94,53],[-57,-18],[-56,18],[-133,0],[-37,36],[-76,17],[-75,-35],[-19,-36],[-76,0],[-75,18],[-57,71],[-94,142],[0,71],[-95,54],[-94,-54],[-113,36],[0,71],[-57,35],[-57,0],[-37,36],[-57,0]],[[102616,81886],[75,18],[0,36]],[[102691,81940],[-56,-18],[-19,-36]],[[102691,81940],[-56,11],[56,-11]],[[102333,81904],[18,0],[38,-71]],[[102389,81833],[-19,-18],[76,-88],[-57,-54],[-75,107]],[[102314,81780],[-19,53],[56,53],[-18,18]],[[102200,81815],[0,71],[38,0],[0,-106],[-19,0],[114,-195],[-38,-72]],[[102295,81513],[-76,-17],[-37,71],[0,124]],[[102182,81691],[18,89],[0,35]],[[102691,81744],[-38,54],[-18,71],[94,0],[-19,-125],[-19,0]],[[102389,81833],[38,18],[38,-71],[-19,-36],[-57,89]],[[102295,81513],[56,36],[38,-53],[-94,0],[0,17]],[[102597,81709],[-170,-107],[0,36],[57,71],[56,35],[57,-35]],[[102597,81709],[56,-71],[-94,-53],[-38,71],[76,53]],[[102446,81602],[56,36],[57,-71],[-38,-18],[-75,53]],[[102276,81407],[-38,18],[-19,53],[95,0],[-38,-71]],[[99765,75652],[-19,35],[0,196],[57,106],[38,-18],[38,18],[56,-53],[189,-36],[57,-35],[75,-71],[38,-71],[0,-53],[56,-107],[-18,-18],[0,-89],[18,-53],[-37,-89],[37,-35],[-18,-89],[-38,0],[0,-53],[-95,17],[-75,0],[-94,18],[-76,71],[-57,18],[-37,35],[-57,0],[19,54],[-57,71],[0,71],[19,35],[-19,125]],[[99293,73964],[-37,36],[0,71],[37,35],[57,0],[57,-53],[-76,-89],[-38,0]],[[99274,72685],[-94,36],[-75,89],[-19,89],[37,53],[57,106],[0,107],[57,53],[19,54],[37,0],[38,35],[0,89],[57,-53],[-19,-71],[19,-89],[-38,-18],[-38,-71],[-19,-284],[-19,-125]],[[98897,72721],[75,-36],[0,-53],[-56,-53],[-57,35],[38,107]],[[98406,71655],[-57,53],[19,36],[57,35],[-19,125],[38,35],[0,107],[38,18],[75,-18],[95,-53],[18,-89],[-18,-89],[-95,-36],[0,-53],[-38,0],[-18,-53],[-95,-18]],[[100671,70660],[-75,54],[-38,0],[-38,71],[19,35],[-38,71],[38,36],[76,142],[-19,71],[57,71],[75,-18],[57,36],[113,-18],[113,-71],[38,-71],[0,-71],[-19,-36],[19,-53],[-19,-71],[-38,-71],[-94,-36],[-57,-53],[-132,0],[-38,-18]],[[101389,69293],[-38,17],[-113,0],[-76,36],[-38,35],[0,125],[76,106],[94,36],[114,-89],[56,-142],[-75,-124]],[[102502,64213],[19,-18],[132,-89],[114,0],[56,-124],[-19,-36],[38,-107],[-113,-35],[-38,-53],[0,-71],[19,-36],[-38,-35],[-75,88],[-76,0],[-19,36],[-37,-18],[-57,53],[-38,18],[-19,107],[0,89],[-56,0],[-95,35],[0,53],[-75,125],[-19,106],[57,89],[56,18],[95,-18],[56,-35],[76,-71],[19,-54],[37,-17]],[[101880,64106],[-95,0],[-57,89],[0,35],[57,18],[57,-53],[38,-89]],[[102295,59328],[-76,53],[-19,142],[19,36],[76,-36],[56,-53],[19,-89],[-75,-53]],[[105504,45419],[-57,72],[19,71],[76,17],[56,-35],[-19,-107],[-75,-18]],[[116736,25614],[-38,18],[-76,71],[95,35],[38,-17],[0,-72],[-19,-35]],[[116981,25259],[-56,17],[-38,72],[19,17],[56,-35],[19,-71]],[[117000,21902],[-38,88],[19,36],[0,106],[19,54],[38,0],[19,-36],[-19,-35],[38,-36],[0,-53],[-76,-124]],[[117189,21653],[-113,0],[18,35],[-18,36],[-38,18],[-38,-18],[0,71],[38,53],[75,-53],[76,18],[0,-36],[38,-71],[56,-18],[0,-35],[-94,0]],[[116849,21671],[0,53],[57,-18],[-57,-35]],[[117189,21138],[-132,53],[-57,0],[0,124],[19,36],[-38,35],[76,18],[56,36],[0,35],[-37,18],[18,53],[-18,36],[-57,-53],[-19,-36],[-38,36],[0,53],[19,35],[113,0],[76,-35],[94,-160],[0,-142],[38,-18],[-19,-35],[-56,35],[0,-71],[-38,-53]],[[116925,21102],[0,18],[0,-18]],[[116943,18100],[0,54],[-18,71],[-38,53],[-38,-18],[-19,71],[-38,-35],[-37,124],[-19,18],[19,53],[-19,89],[-57,53],[-38,107],[-37,53],[37,36],[19,-71],[38,0],[19,35],[75,18],[38,-53],[-94,-54],[19,-71],[113,53],[0,-53],[-38,-53],[19,-36],[0,-53],[19,-35],[57,-18]],[[116925,18438],[-19,-36],[0,-89],[56,-71],[0,-106],[-19,-36]],[[116925,18438],[75,35],[0,-35],[-38,-18],[-37,18]],[[116641,18011],[-37,72],[18,35],[38,0],[19,-71],[-38,-36]],[[117245,17798],[-18,36],[18,35],[57,-35],[-57,-36]],[[116811,17638],[-37,36],[18,53],[-18,36],[18,35],[38,-17],[0,-89],[-19,-54]],[[117076,17710],[18,71],[38,17],[38,-35],[-38,-36],[-56,-17]],[[111469,9698],[-38,54],[0,106],[57,54],[38,0],[37,-160],[-37,-36],[-57,-18]],[[111507,4956],[38,124],[18,107],[-18,53],[37,71],[132,71],[19,36],[38,0],[57,-71],[56,-143],[-56,-71],[-76,0],[-38,-35],[-132,-89],[-37,-53],[-38,0]],[[188695,1776],[19,-106],[-57,17],[-19,36],[57,53]],[[112564,1279],[-38,18],[0,53],[38,71],[19,0],[75,-53],[-37,-71],[-57,-18]],[[98368,81531],[0,54],[38,17],[38,160],[-57,53],[-19,71],[19,54],[-19,53],[-37,36],[37,71],[57,53]],[[102427,81140],[-19,-53],[57,-18],[-38,-71],[-57,36],[-56,0]],[[102314,81034],[-76,124],[-19,-18]],[[102219,81140],[57,-106],[-76,-36],[-37,71],[-57,-17],[-38,-18]],[[102068,81034],[-56,-36]],[[102012,80998],[-76,-35],[57,-71],[-132,-54],[-95,-53],[0,-35],[-75,-36],[-19,53],[-132,0],[56,-17],[-19,-36],[-56,36],[-19,-54],[0,-53],[-19,-18],[94,-71],[114,-35],[75,18],[-38,-72],[19,-17],[38,89],[38,-18],[-57,-125],[-19,-88],[76,0],[-95,-71],[-37,17],[-38,36],[-76,35],[-113,-17],[76,-36],[-57,-35],[-57,17],[-18,-71],[56,18],[19,-36],[-57,-17],[38,-36],[76,53],[19,-35],[-19,-53],[37,-71],[0,-54],[38,-35],[0,-89],[-75,-18]],[[101540,79808],[-38,18],[-31,-77],[31,-30]],[[101502,79719],[132,18],[0,-53],[-57,0],[0,-36],[-37,-35],[-57,-107],[57,18]],[[101540,79524],[56,-107],[38,54],[19,71],[57,0],[37,-53],[-37,-36],[18,-71],[57,-18],[38,-71],[38,-18],[151,0],[132,-35],[19,-36],[-76,-35],[-38,-107],[0,-71],[-37,0],[19,-89],[-170,0],[-76,-35],[-132,-89],[-38,-53],[-19,-71],[38,-54],[19,-71],[94,0],[19,-53],[-75,-71],[-19,36],[-57,-54],[-38,18],[-18,-18],[-57,18],[-57,-18],[-37,18],[-76,0],[38,53],[-57,54],[57,17],[0,18]],[[101370,78547],[0,71],[19,36],[-38,53],[19,53],[-95,18],[19,71],[38,36],[76,0],[18,53],[-18,35],[-114,18],[-19,107],[-132,106],[-19,71],[-37,36],[-19,106],[38,36],[-19,36],[-76,-18],[-38,18],[0,53],[-37,53],[-57,0],[-19,-35],[-56,-18],[-170,35],[-38,18],[-57,-35]],[[100539,79560],[-19,53],[-56,18],[-189,35],[-113,-18],[-132,0],[-133,-17],[-75,0],[-189,-18],[-113,-36],[-397,-106],[-75,-36],[-151,-53],[-132,-107],[-113,-71],[-151,-142],[-38,-231],[0,-71],[-19,-35],[57,-125],[-19,-53],[37,-89],[57,0],[-19,-53],[-56,18],[-76,53],[-57,0],[-75,-71]],[[98293,78405],[-151,0],[-57,36],[-94,0],[-113,35],[-76,0],[0,107],[-19,71],[-38,35],[-56,18],[-95,71],[-56,53],[0,89],[-38,124],[-19,18],[0,89],[-19,107],[132,195],[57,0],[0,36],[38,124],[0,53],[38,71],[-38,53],[-19,89],[38,71],[-38,0],[-19,107],[-38,53],[19,125],[-113,35],[-76,0],[-18,-18],[-95,0],[-75,-17],[-57,17],[-94,-17]],[[97104,80235],[18,71],[38,35],[38,71],[-19,89],[57,53],[0,36],[170,106],[56,18],[19,-18],[57,36],[19,35],[113,0],[38,36],[75,0],[19,53],[38,18],[56,89],[0,53],[95,-18],[151,36],[38,53],[56,36],[76,88],[0,72],[-19,17],[113,89],[0,53],[-38,89]],[[102106,81034],[57,18],[19,-54],[-95,-53],[-19,18]],[[102068,80963],[0,71]],[[102068,81034],[38,0]],[[102012,80998],[37,18],[19,-53]],[[102068,80963],[0,-18],[-75,-35],[-38,53],[57,35]],[[101483,80696],[-19,0],[19,0]],[[101445,79737],[5,-9],[-5,9]],[[101502,79719],[-38,-17],[38,17]],[[102087,80910],[57,17],[94,54],[113,0],[0,-36],[-188,-107],[-38,18],[-38,54]],[[102087,80910],[0,-54],[38,-71],[-19,-18],[-151,-71],[-38,71],[-37,36],[207,107]],[[101842,80590],[-76,53],[-56,18],[0,35],[113,54],[19,-54],[56,-71],[-56,-35]],[[101540,79773],[0,35]],[[101540,79808],[0,-35]],[[101540,79524],[56,53],[19,-35],[-75,-18]],[[95763,89702],[0,36],[-37,160],[-38,0],[-57,35],[-19,71],[76,36],[38,35],[0,36],[37,71],[-37,71],[-57,35],[75,107],[0,71],[19,35],[-37,71],[-57,36],[-151,18],[-19,35],[-57,0],[-37,54],[-57,0],[-57,88],[19,54],[-37,35],[-95,0],[-56,54],[0,71],[-38,35],[19,195],[0,214],[-57,53],[-57,178],[-94,17],[-76,-17],[-56,17],[-38,54],[-132,-36],[-38,0],[-19,-35],[-94,0],[-38,-18],[-94,18],[-113,-89],[-151,-36],[0,-35],[-114,0],[-19,-71],[-75,-54],[19,-17],[-57,-89],[-38,-89],[0,-53],[-37,-71],[-57,-36],[-38,-71],[-38,36],[-113,0],[-132,-89],[-19,-54],[0,-106],[38,-18],[-38,-53],[0,-36],[-38,-35],[57,-89],[-57,-71],[-94,-36],[0,71],[-19,54],[-56,17],[-38,54],[-38,-36],[-75,0],[-133,18],[-37,-18],[0,-35],[-57,-36],[-113,-18],[-76,-53],[-207,36],[-114,0],[-37,-36],[-114,-53],[-37,-36],[-57,-106],[-19,-89],[-113,-36],[0,54],[-95,17],[-37,54],[-132,35],[-38,36],[113,142],[-19,89],[76,124],[19,89],[-114,18],[0,71],[-151,53],[-75,-18],[-57,18],[-38,-53],[-37,17],[-38,54],[-76,0],[-94,53],[-76,-18],[-75,-53],[-189,36],[-19,-54],[57,-35],[-57,-71],[57,-125],[38,-17],[0,-36],[-57,-36],[-75,-71],[0,-53],[-57,-53],[-76,-124],[-18,-72],[-57,-35],[-19,-36],[-151,-88],[-19,-54],[-57,-35],[-75,-18],[-38,-35]],[[90100,89898],[0,17],[-75,71],[0,71],[19,36],[-38,124],[-113,107],[37,18],[-19,106],[19,89],[-19,18],[0,106],[-113,125],[0,88],[19,18],[0,89],[19,36],[-57,142],[-56,-18],[-95,18],[-113,53],[-38,35],[-37,72],[-114,88]],[[89326,91407],[114,0],[0,18],[132,36],[151,53],[188,53],[133,71],[339,125],[133,71],[75,17],[396,125],[114,53],[0,18],[75,35],[57,71],[56,18],[208,124],[76,72],[75,-18],[208,124],[38,71],[113,89],[94,124],[57,18],[132,-18],[0,-17],[75,-36],[26,12],[50,-30],[151,18],[132,36],[132,0],[57,17],[132,89],[38,53]],[[93083,92899],[56,36],[19,-18],[189,125],[302,266],[38,18],[113,106],[283,285],[95,88],[19,36],[75,18],[76,71],[56,0],[113,106],[151,18],[76,89],[57,-18],[113,89],[189,302],[75,142],[113,231],[0,71],[76,18],[19,53],[94,89],[38,53],[0,36],[57,71],[103,88],[199,125],[75,142],[38,53],[0,36],[94,89],[95,266],[37,35],[19,143],[19,71],[57,142],[0,124],[19,89],[56,71],[19,107],[76,177],[19,71],[151,196],[151,159],[37,18],[302,196],[453,266],[397,284],[56,18],[19,18],[38,18],[76,0],[56,35],[132,18],[95,35],[94,18],[302,107],[0,35],[170,36],[-19,35],[38,36],[75,18],[189,124],[208,178],[245,266],[114,142],[226,320],[113,177],[19,71],[-19,18],[0,54],[95,177],[37,142],[-56,18],[38,89],[18,106],[0,125],[-18,18],[37,301],[0,249],[38,71],[-19,107],[38,18],[75,213],[38,17],[19,107],[76,71],[37,107],[38,53],[19,71],[57,89],[19,53],[132,196],[19,124]],[[98972,101692],[-37,71],[56,18],[-19,35],[19,71],[76,54],[0,35],[113,107],[57,-18],[-38,-36],[-19,-88],[-57,-125],[-113,-106],[-38,-18]],[[93026,97216],[19,18]],[[93045,97234],[-19,-18]],[[93045,97234],[-189,35],[-75,89],[75,106],[38,-17],[76,35],[75,-18],[38,54],[38,-18],[75,71],[57,107],[37,106],[19,107],[-75,53],[38,71],[0,36],[75,53],[38,71],[38,35],[132,54],[0,35],[75,54],[-19,106],[-94,107],[-76,71],[-75,18],[-76,0],[-75,-18],[-19,-71],[-57,-54],[-37,-124],[-38,-18],[-94,54],[-57,71],[57,0],[-19,53],[19,18],[0,106],[-57,36],[-19,53],[76,36],[18,35],[-18,36],[0,160],[75,124],[-38,18],[0,53],[114,71],[0,36],[37,35],[38,89],[57,89],[56,17],[0,72],[38,17],[38,71],[0,54],[38,35],[94,178],[0,35],[75,-17],[57,35],[76,71],[75,53],[19,54],[94,53],[0,36],[57,35],[-19,36],[38,35],[38,-35],[37,35],[76,0],[75,71],[-18,36],[37,53],[-19,71],[57,53],[19,89],[57,36],[18,35],[-18,36],[75,0],[38,35],[75,36],[132,0],[38,-71],[-38,-36],[-18,-124],[-19,-53],[0,-178],[-19,-160],[-76,-160],[0,-124],[-37,-18],[-57,-160],[-38,-53],[-75,-71],[-57,-107],[0,-35],[-19,-71],[-56,-107],[0,-71],[-19,-71],[19,-107],[113,-88],[170,-54],[75,71],[170,0],[76,71],[94,0],[57,36],[75,-53],[-19,-36],[0,-71],[-56,-160],[-38,-53],[-19,-89],[-38,-89],[-75,-88],[-19,-72],[-38,-35],[-113,-249],[-38,-124],[0,-53],[-57,0],[-151,-196],[-56,0],[-76,-53],[-75,-36],[-95,-71],[-18,-17],[0,-36],[-57,0],[-113,-124],[-170,-107],[-38,0],[-38,-35],[-94,0],[-132,17],[-57,-53],[-19,18],[-75,-36],[-19,-53],[-38,18],[-57,-53],[-94,0]],[[89024,87233],[-38,18],[-113,-36],[-132,36],[-38,53],[-75,36],[-57,106],[-38,36],[-94,-18],[-94,18],[-76,-89],[-75,35],[-19,-35],[-57,53],[-57,0],[-56,36],[-76,18],[-56,53],[-38,160],[-76,-36],[-94,-18],[-19,-88],[-56,-36],[-57,0],[-132,-53],[-38,0],[-38,53],[0,36],[38,35],[19,53],[0,71],[-76,18],[-18,-35],[-133,53],[-75,-36],[-57,-53],[-56,53],[-95,-106],[-56,0],[-19,-36],[-38,0],[-57,-35],[-75,142],[-95,-36],[-37,36],[-57,18],[-38,-54],[-56,-35],[-19,-36],[-57,-35],[-56,-107],[-76,-35],[-19,-71],[-38,-36],[-56,-18],[19,-35],[-19,-71],[-76,18],[-132,-89],[19,-36],[-19,-71],[-57,-89],[57,-17],[-38,-36],[0,-53],[-94,-89],[-76,0],[-18,-53],[-38,-36],[-19,-71],[-38,-35],[-113,-18],[0,-36],[-76,-53],[-94,36],[76,213],[0,35],[-38,36],[-57,124],[-56,71],[-76,18],[-170,89],[-19,-36],[-113,-106],[-57,53],[0,89],[-37,17],[-19,-106],[-76,-18],[-56,36],[-38,-36],[19,-89],[-76,-213],[-113,0],[-19,18],[-94,-53]],[[84192,86594],[-19,106],[19,53],[-38,54],[0,89],[75,71],[38,17],[19,54],[-38,53],[0,53],[-37,125],[0,35],[-95,107],[-56,0],[0,106],[56,18],[113,89],[-56,53],[56,53],[-18,89],[56,125],[-56,53],[18,35],[-18,36],[37,89],[57,89],[38,142],[-95,124],[-56,-18],[19,142],[-38,36],[19,71],[-38,53],[0,125],[57,17],[37,36],[0,53],[38,18],[0,53],[38,36],[56,106],[0,71],[-75,18],[38,89],[-19,35],[-57,18],[-75,89],[37,71],[133,18],[37,71],[76,18],[56,88],[38,89],[-56,89],[37,36],[19,53],[-19,53],[0,71],[57,107],[-19,89],[38,17],[19,54],[-19,71],[75,53],[38,53],[19,71],[-38,89],[0,71],[38,54],[57,35],[19,36],[113,35],[75,124],[76,36],[75,18],[114,-71],[56,35],[38,107],[57,0],[56,-36],[19,18],[113,0],[57,36],[94,-54]],[[85777,91265],[-151,-160],[38,-88],[-38,-36],[-94,-142],[-38,-71],[-38,0],[-37,-71],[-38,0],[-19,-53],[38,-72],[19,-17],[-19,-18],[38,-71],[132,-124],[207,-143],[38,-53],[76,-71],[56,-18],[57,-53],[57,0],[18,18],[76,-18],[-19,-35],[-38,0],[-56,-36]],[[86042,89933],[170,-71],[-38,53],[38,71],[52,-25],[-15,-28],[132,-53],[170,-54],[57,0],[19,36],[94,-18],[170,36]],[[86891,89880],[76,0],[113,-18],[151,-36],[57,18],[94,0],[94,18],[76,71],[0,36],[75,71],[95,53],[132,89],[0,89],[0,17],[38,107],[75,71],[-19,35],[0,71],[38,36],[19,71],[-19,107],[-38,35],[76,125],[0,35],[75,71],[114,36],[75,53],[132,71],[113,35],[416,36],[75,71],[227,36],[75,17]],[[90100,89898],[-19,-54],[-56,-53],[37,-53],[-37,-125],[0,-160],[37,-53],[-18,-53],[37,-18],[0,-178],[-19,-53],[-37,-177],[-38,-71],[19,-107],[38,-53],[-38,-71],[-76,17],[-94,-35],[-38,-36],[-113,-71],[-38,-35],[0,-107],[-19,-71],[151,-18],[-37,-53],[0,-71],[-76,-36],[-94,0],[-38,-17],[-19,-107],[-75,-35],[-19,-71],[19,-54],[0,-89],[-19,-35],[-38,0],[-38,-53],[0,-107],[-38,-53],[-75,-36],[-76,0],[-19,-106],[-75,-107],[-38,0]],[[84192,86594],[19,-36],[75,-71],[0,-53],[57,-71],[94,0],[132,-125],[-38,-35],[-37,-89],[-38,-35],[-19,-54],[-75,-71],[18,-35],[-113,-107],[-38,-107],[-56,-53],[-76,0],[-19,-53],[38,-107],[0,-88],[-38,-36],[-37,-142],[-57,-36],[-19,-106]],[[83965,85084],[-38,0],[-56,-36],[-132,0],[-132,-53],[-114,-36],[-75,0],[-57,54],[19,53],[-76,89],[-132,71],[-37,0],[-38,35],[0,36],[-38,35],[0,54],[-113,35],[-57,36],[-19,35],[-56,0],[-19,54],[-57,35],[-75,-18],[-38,-35],[-76,18],[-75,-36],[-76,36],[-18,53],[-57,0],[-113,-142],[-57,-18],[-38,36],[-113,17],[-38,71],[-56,18],[-19,89],[-38,18],[-57,-18],[-132,0],[-56,-18],[-95,18],[-94,107],[19,53],[-57,71],[19,106],[-19,36],[19,53],[-94,54],[0,71],[-38,0],[-57,88],[-94,18],[-57,36],[-38,-18],[-37,35],[0,72],[-38,0],[0,71],[-76,53]],[[80869,86576],[38,18],[132,106],[38,71],[0,36],[57,53],[18,53],[57,54],[76,0],[56,35],[38,0],[113,71],[151,125],[340,319],[227,302],[75,107],[132,142],[359,426],[151,196],[113,160],[38,35],[-19,36],[57,71],[56,17],[132,196],[151,231],[189,355],[19,18],[113,248],[151,320],[38,107],[19,124],[57,249],[0,124],[-57,36],[-38,0],[-19,35],[76,89],[0,53],[57,89],[0,124],[-19,36],[19,53],[-19,71],[-57,18],[-94,71],[37,107],[-37,17],[-38,54],[0,35],[-76,71],[-18,160],[37,53],[-19,18],[38,71],[-19,125],[19,88],[-56,89],[-57,53],[-57,0],[-19,-35],[-18,-36],[-57,18],[-57,-18],[-38,71],[19,36],[0,107],[19,71],[0,71],[38,53],[-19,71],[113,89],[38,71],[-19,89],[38,53],[57,18],[37,35],[57,178],[19,35],[-57,54],[-19,89],[0,106],[19,36],[114,106],[37,18],[38,53],[-38,36],[38,53],[76,18],[75,0],[19,35],[75,36],[19,-18],[57,71],[94,18],[76,71],[56,35],[19,-17],[151,53],[95,-36],[38,18],[75,-71],[94,0],[57,18],[189,107],[56,0],[57,53],[208,89],[75,0],[113,106],[38,0],[95,54],[132,124],[0,35],[19,0],[56,18],[19,36],[95,35],[56,36],[227,53],[37,-18],[114,18],[37,36],[38,-18],[113,89],[57,17],[38,-17],[57,53],[75,35],[76,0],[37,-17],[38,17],[57,-35],[56,18],[114,-18],[18,-53],[95,-18],[0,-36],[38,-53],[0,-36],[-38,-17],[-19,-71],[19,-71],[75,-71],[19,-107],[-38,-36],[-75,-35],[-170,-18],[-57,36],[-75,0],[-151,-36],[0,-18],[-19,0],[-38,-17],[-56,-89],[-19,-71],[0,-89],[-38,-53],[0,-125],[19,-53],[57,-89],[94,36],[-19,-89],[19,-53],[-19,-54],[19,-17],[-94,-71],[-19,-71],[-76,-72],[-170,0],[-19,36],[-56,-36],[-57,18],[-189,0],[-113,-35],[-75,-36],[-38,0],[-57,-53],[-56,-18],[-19,-53],[0,-107],[-114,-89],[-56,-106],[0,-89],[-57,-53],[-38,18],[-56,-36],[-95,-18],[38,-53],[-57,-71],[-37,18],[-57,-36],[-113,107],[-113,17],[-76,54],[-38,71],[19,53],[57,53],[-38,18],[-57,-35],[-37,-54],[-57,0],[-57,-35],[-37,18],[-19,-54],[94,-53],[-75,-18],[-38,-71],[-38,-18],[0,-35],[-75,-89],[-19,-53],[-38,-18],[-57,-124],[0,-36],[95,18],[38,-53],[-19,-178],[-57,36],[-19,-36],[-56,18],[-76,-54],[38,-17],[0,-71],[38,-36],[-76,-53],[0,-53],[38,0],[94,-36],[113,18],[38,124],[57,18],[94,-18],[76,-35],[-38,-36],[19,-71],[132,0],[-19,-71],[19,-36],[57,-35],[37,35],[38,-35],[151,89],[-19,53],[38,18],[0,124],[38,53],[75,71],[19,-17],[113,17],[-19,-53],[19,-18],[0,-213],[-37,-195],[37,-124],[-37,-54],[18,-71],[38,-53],[-38,-53],[0,-36],[57,-106],[-38,-54]],[[85136,92189],[-19,142],[-76,71],[-56,18],[-38,71],[-57,0],[-19,53],[0,71],[76,18],[56,-89],[-18,-53],[37,-18],[38,53],[94,0],[19,36],[95,0],[19,71],[37,-53],[57,35],[19,-71],[56,-35],[57,0],[0,35],[76,0],[37,125],[57,71],[57,-36],[56,-107],[-56,0],[-38,-71],[56,-106],[-56,-53],[-76,0],[-94,-18],[-38,35],[-56,0],[-95,-71],[-19,-71],[-37,0],[-38,36],[-95,-54],[-18,-35]],[[77981,79933],[-56,-18],[-76,35],[-75,-53],[-133,18],[-37,-53],[-38,-18],[-189,71],[-57,35],[-56,0],[-57,54],[-19,-18],[-151,53],[-113,0],[-38,-18],[-56,36],[-76,0],[-19,18],[-189,0],[-37,53],[19,53],[-38,71],[38,71],[-19,54],[-95,35],[-56,-35],[-38,35],[0,89],[-38,18],[-19,71],[-37,0],[-57,35],[-76,89],[0,36],[76,124],[0,71],[19,53],[-76,36],[-75,71],[56,142],[0,36],[170,71]],[[76263,81354],[-56,-54],[-19,-53],[0,-71],[56,0],[-37,-53],[56,-18],[95,0],[0,53],[37,36],[-56,106],[113,0],[-19,-106],[0,-71],[-38,-107],[0,-71],[38,-35],[113,-36],[114,36],[0,17],[38,-53],[113,18],[19,35],[75,36],[57,89],[113,35],[19,71],[57,53],[37,0],[76,54],[38,0]],[[77302,81265],[37,-36],[-37,-71],[-38,0],[-95,-71]],[[77169,81087],[38,-89],[-94,-106],[-95,0],[-113,-18],[113,-71],[19,35],[57,0],[57,-53],[56,18],[76,-18],[56,125],[19,-36],[57,-18],[94,0],[95,18],[18,-53],[57,17],[0,54],[57,18],[38,-18],[75,124],[19,142],[57,53],[-95,0],[-56,-17],[0,-54],[-95,-53],[-19,18],[0,124],[-94,36],[-38,-18],[-19,53],[151,142],[151,0],[38,-35],[38,-124],[75,-36],[38,36],[-57,17],[19,54],[95,-89],[37,-18],[19,-89],[38,-35],[94,17],[57,36],[76,18],[-19,53],[-38,18],[0,53],[-57,36],[-19,35],[-75,53],[170,0],[0,-35],[75,-18],[19,53],[38,0],[0,54],[38,35],[-19,71],[19,18],[-19,53],[-57,-17],[-19,53],[-56,-36],[-19,54],[56,71],[-75,17],[0,36],[57,53],[56,0],[19,-89],[38,18],[38,-18],[-19,-53],[56,-53],[57,18],[57,53],[56,-53],[19,17],[-19,54],[76,35],[37,-106],[57,0],[95,35],[94,107],[57,-54],[56,0],[57,54],[38,71],[-76,106],[-38,36],[0,71],[57,89],[0,89],[-38,53],[-75,-18],[0,107],[-38,35],[75,71],[19,36],[76,-18],[75,107],[95,35],[56,71],[38,-53],[38,-18],[38,-106],[-57,0],[57,-72],[18,-88],[-18,-36],[37,-35],[0,-107],[-37,18],[-76,-89],[76,-36],[37,-35],[19,-53],[-19,-36],[57,-18],[75,18],[76,53],[0,107],[38,0],[-19,124],[19,71],[56,18],[0,36],[38,53],[-19,89],[38,124],[-19,89],[19,71],[-94,160],[-57,71],[-38,106],[-56,36],[-95,89],[-19,35],[-264,249],[-38,89],[38,53],[-19,36],[0,195],[-56,71],[0,36],[-95,88],[-75,89],[0,54],[37,71],[0,35],[114,71],[75,89],[95,89],[0,89],[18,35],[95,249],[-19,71],[38,53],[75,36],[19,71],[38,35],[0,36],[38,18],[132,88],[75,89],[-19,36],[38,53],[0,35],[95,143],[37,-18],[38,18],[-19,53],[57,89],[-19,35],[19,71],[-57,54],[57,35],[-57,53],[132,36],[57,0],[38,-36],[207,107],[246,160],[56,71]],[[83965,85084],[57,-71],[0,-54],[-132,-71],[-57,-53],[19,-18],[0,-177],[-38,-89],[-19,-107],[151,-35],[19,-142],[-19,-54],[19,-35],[95,-53],[37,17],[95,-35],[19,-36],[-57,-89],[0,-35],[38,-36],[56,0],[38,-53],[38,0],[19,-71],[37,-35],[0,-71],[-18,-36],[56,-89],[19,-89],[-19,-53],[-75,-53],[-76,18],[-38,-107],[-18,-142],[-38,-71],[-76,0],[0,53],[-113,18],[-94,-53],[-114,53],[-18,-53],[-76,-71],[-38,17],[-56,-35],[-57,0],[-38,35],[-56,-71],[-76,18],[-19,71],[-38,71],[-37,-53],[-76,-18],[0,-35],[-75,-18],[-114,53],[-37,0],[-19,-89],[-95,-53],[-113,35],[-38,-17],[-56,17],[-76,54],[-37,-71],[-38,-36],[19,-89],[-57,-71],[-113,142],[0,36],[-114,-18],[-56,36],[-76,-36],[-75,0],[-57,36],[-94,17],[-57,54],[-132,35],[-132,-53],[-57,-71],[-75,0],[-38,-18],[-38,-53],[-19,-124],[38,-36],[0,-124],[-19,-18],[19,-53],[-75,-36],[-38,-71],[-95,-71],[0,-35],[38,-54],[-56,-53],[18,-18],[-56,-71]],[[81096,82064],[0,18],[-95,71],[-56,0],[-38,35],[-38,-17],[-37,53],[-208,36],[-76,106],[-94,18],[-75,-53],[-38,35],[-38,-18],[0,-35],[-94,-160],[0,-36],[75,-17],[19,-89],[38,-71],[19,-107],[37,-53],[57,-160],[-57,-89],[19,-35],[0,-89],[-75,53],[-113,18],[-95,0],[-38,18],[-56,-54],[19,-71],[-19,-17],[0,-178],[-151,53],[-76,-89],[-38,0],[-37,36],[-57,18],[-132,-36],[-38,-124],[-38,0],[-18,-107],[-38,-35],[-95,0],[-56,-36],[-76,107],[-56,0],[-38,35],[-38,89],[-38,0],[-56,-195],[-57,-54],[0,-53],[-38,-53],[0,-124],[-37,-36],[37,-53],[-19,-54],[-56,-17],[-57,-71],[-19,-107],[-132,-71],[-38,0],[-56,36],[19,53],[-95,53],[-37,-18],[-76,18],[-57,-18],[-37,-195],[-95,18],[0,-54],[-75,-53],[-57,-106]],[[77302,81265],[18,0],[-18,0]],[[97104,80235],[-57,-18],[-38,-36],[-38,0],[-37,-35],[-38,0],[-57,-36],[-56,53],[-38,-17],[-57,17],[-75,-35],[-19,-36],[-57,-35],[-19,18],[-94,0],[-340,-71],[-113,-18],[-76,0],[-94,-18],[-19,-18],[-113,-17],[-57,248],[-37,54],[-151,0],[-95,-36],[-75,0],[-95,284],[-37,18],[-38,53],[-57,-35],[-94,-36],[0,-53],[-95,-89],[-56,-35],[0,-89],[19,-54],[-57,-71],[19,-17],[0,-196],[38,-124],[-57,-53],[-94,-71],[56,-196],[0,-89],[-38,-71],[114,-284],[-38,-53],[38,-107],[-19,-17],[-76,0],[-19,-54],[-75,-89],[-57,-53],[-37,0],[-57,53],[-38,-17],[-56,17],[-133,0],[-56,18],[-76,125],[-56,35],[-57,-18],[-57,160],[-18,89],[0,71],[-57,53],[-57,107],[0,71],[-19,71],[38,71],[-38,89],[-37,35],[-76,0],[-75,71],[-95,-17],[-56,-36],[-76,-18],[-75,-88],[-38,17],[-38,54],[-75,0],[-76,124],[57,53],[-38,160],[-19,36],[-38,0],[-56,35],[0,36],[37,71],[38,17],[19,72],[57,53],[19,89],[-19,177],[-38,18],[-38,53],[19,54],[38,17],[19,71],[19,214],[56,71],[-56,106],[0,160],[-95,71],[-38,160],[38,36],[-19,106],[-37,0],[0,71],[18,36],[-56,35],[19,89],[-19,53],[-57,-17]],[[92875,81958],[-56,71],[-19,53],[-57,71],[-38,107],[19,71],[-94,124],[38,53],[56,36],[151,142],[38,53],[57,18],[0,35],[-133,89],[-37,53],[-38,0],[-94,54],[0,35],[75,125],[38,17],[0,89],[56,71],[19,71],[57,71],[38,107],[37,71],[57,18],[76,-36],[37,-53],[76,-71],[38,-18],[132,196],[113,106],[57,124],[56,71],[0,72],[76,71],[37,88],[95,71],[226,-88],[151,-54],[95,-88],[-57,-125],[0,-53],[57,-89],[19,18],[75,-53],[57,17],[56,-17],[38,35],[0,71],[38,0],[19,53],[38,18],[113,-53],[75,0],[133,18],[75,-36],[38,36],[56,17],[76,-71],[38,0],[-19,-88],[-19,-18],[19,-107],[19,-35],[56,-36],[57,36],[38,-36],[37,36],[95,17],[113,-53],[57,142],[56,71],[38,18],[38,53],[75,-17],[57,17]],[[90553,78920],[-94,18],[-151,-71],[-76,0],[-56,-18],[-57,36],[19,71],[-57,17],[-188,0],[-76,54],[-132,35],[-38,-18],[-38,18],[-75,-35],[-76,0],[-18,-71],[-57,-36],[0,-35],[-76,17],[-94,0],[-170,-88],[-75,0],[0,159],[-76,89],[-75,53],[-38,89],[38,54],[37,17],[-19,71],[38,36],[57,18],[-19,53],[-38,0]],[[88873,79453],[-19,53],[0,89],[151,89],[76,71],[38,0],[18,35],[-18,36],[0,107],[-19,53],[0,106],[-76,71],[-38,0],[-18,72],[75,-36],[94,0],[57,-18],[57,18],[75,53],[-19,54],[-56,17],[-38,54],[0,53],[-57,71],[-94,71],[94,71],[57,71],[94,18],[-37,106],[-19,107],[56,71],[-37,18],[-19,53],[-95,89],[-75,0],[-38,35],[-38,0],[-56,54],[-19,106],[-38,36],[0,35],[38,89],[-19,18],[-76,0],[-18,18],[-57,-18],[-76,18],[19,35],[-75,36],[0,35],[-38,36],[38,71],[38,106],[75,54],[0,35],[38,36],[-57,106],[-38,36],[-37,0],[-19,35],[-132,89],[0,36],[-38,71],[-38,18],[0,124],[-75,53],[-57,89],[19,18],[-19,71],[-75,53],[-19,-35],[-57,0],[-76,88],[-75,36],[-94,0],[-57,18],[38,53],[-19,71],[-76,36],[-132,-36],[-38,36],[-94,-18],[-38,71],[-37,18],[18,106],[38,125],[132,-18],[38,53],[38,89],[0,89],[-19,17],[94,107],[132,36],[95,53],[113,0],[57,-71],[75,-36],[114,36],[37,142],[57,53],[75,125],[76,0],[38,17],[56,142],[57,36],[19,53],[-19,54],[94,53],[95,35],[94,71],[38,54],[19,88],[0,125],[37,35],[19,54],[38,35],[-19,124],[-75,-17],[-95,71],[-37,0],[-57,71],[-76,71],[-18,35],[56,125],[-38,53],[19,53],[57,18],[0,53],[75,54],[57,17],[38,54],[-19,53],[0,89],[-76,35],[-37,89],[0,53],[56,36],[0,36],[38,17],[38,54],[0,53],[56,35],[57,107],[57,35],[56,72],[95,71],[0,53],[38,53],[-38,36],[19,53],[0,71],[-38,71],[0,36],[-57,0],[-56,71],[-19,53],[-76,53],[-132,36],[-19,18],[0,106]],[[92875,81958],[-38,-54],[-56,-18],[0,-88],[19,-89],[-57,-71],[-19,-89],[-56,-89],[-95,71],[-113,-89],[-19,-88],[75,-89],[-75,-71],[0,-36],[-57,-53],[38,-36],[0,-53],[-38,-53],[95,-53],[56,0],[-37,-143],[18,-35],[-37,-71],[-57,0],[-75,-36],[-57,18],[-19,-71],[19,-35],[0,-107],[94,-36],[-19,-88],[38,-18],[57,-71],[-38,-142],[-19,-36],[-75,-53],[-38,18],[-94,-36],[-38,-53],[-38,-18],[0,-71],[-57,-18],[-94,54],[-75,-18],[-38,-54],[-76,-17],[0,-54],[-75,-35],[0,-71],[-57,-71],[-75,18],[-95,-36],[-38,-35],[-56,0],[-38,-72],[-94,0],[-38,-53],[-94,0],[-38,-106],[-76,-54],[-94,36],[-94,-71],[18,-71],[-18,-89],[-57,-53],[-57,35],[-113,-18],[-38,-53]],[[88873,79453],[0,-36],[-75,0],[-19,-17],[-76,0],[-75,17],[0,-71],[-95,-71],[-56,0],[0,-35],[-113,-36],[-38,-53],[-57,-36],[-38,0],[-75,-53],[-38,-53],[-57,0],[-56,106],[-57,-35],[-56,35],[-95,18],[19,71],[-19,54],[-38,-18],[-37,35],[-114,-35],[-56,0],[-19,35],[38,36],[-19,35],[-76,18],[-37,36],[-114,71],[-19,-18],[-169,0],[-76,-18],[-19,-89],[-38,0],[-18,-35],[-76,-18],[-57,-53],[-113,0],[-19,-36],[-151,0],[-38,71],[0,54],[-37,35],[-19,53],[-38,0],[-38,-35],[-56,0],[-76,107],[-94,35],[-95,18],[-37,-71],[-76,0],[-19,35],[0,71],[-75,18],[-19,71],[57,53],[-76,89],[-76,-35],[-18,35],[0,89],[18,53],[-18,54],[-57,0],[-57,53],[-56,18],[-19,35],[-76,0],[-19,53],[-37,36],[-19,53],[-76,18],[57,71],[19,71],[-170,-35],[0,-142],[-170,-89],[-75,-54],[-189,0],[-113,-35],[-57,-36],[-170,-88],[-151,17],[-94,36],[0,18],[-151,17],[-57,-71],[-57,-160],[-56,-88],[-95,-196],[-75,-71],[-57,-71],[-19,-71],[-56,-89],[-57,-35],[-19,-54],[0,-88],[19,-196],[-57,-89],[0,-230],[-19,-89],[19,-54]],[[83474,78369],[-37,18],[-57,160],[-76,36],[0,-142],[-75,35],[-57,-18],[-37,18],[-76,107],[-19,88],[-38,0],[-18,54],[-38,17],[-19,54],[-38,0],[-19,35],[-75,36],[-19,71],[-57,35],[-19,54],[19,35],[-56,36],[-38,124],[-38,18],[-56,-36],[-57,-124],[-38,-18],[-38,36],[-37,-18],[-38,18],[-113,0],[-133,-160],[-37,18],[-38,71],[-94,-71]],[[81908,78956],[-95,53],[0,18],[-75,35],[-57,71],[94,71],[19,178],[-37,53],[18,54],[76,71],[0,35],[38,36],[0,124],[56,107],[0,53],[-75,0],[19,35],[0,89],[75,18],[76,35],[37,71],[-37,54],[-38,18],[-57,88],[-56,54],[37,53],[-18,35],[56,107],[-38,142],[-94,18],[-57,106],[-37,18],[0,54],[37,88],[76,36],[-38,53],[0,71],[-19,18],[-75,0],[-19,35],[0,72],[-57,88],[-56,-17],[-38,-125],[-94,-18],[-19,89],[-57,0],[-19,-35],[-56,53],[37,107],[0,124],[-37,160],[37,53],[-37,53],[-38,0],[-57,-35],[-75,18],[-19,71],[-38,35],[19,54],[-38,71],[38,35]],[[88401,75101],[0,71],[38,124],[0,107],[-38,36],[-37,88],[18,54],[-37,35],[19,71],[0,125],[18,53],[76,35],[0,125],[-38,53],[38,36],[57,124],[94,18],[94,53],[38,-18],[76,71],[132,0],[75,-18],[38,54],[38,106],[94,18],[57,36],[56,53],[57,71],[0,71],[38,18],[0,71],[19,89],[56,88],[57,18],[38,-18],[37,72],[38,17],[38,107],[57,-18],[18,18],[-37,89],[37,71],[-37,35],[19,107],[56,71],[19,71],[76,35],[37,89],[132,89],[114,89],[-19,89],[38,53],[75,-18],[19,54],[38,17],[0,142],[-38,18],[0,53],[57,-35],[56,89],[19,71],[38,-36],[38,36],[-38,35],[19,54],[-38,71],[-38,-18],[-56,71],[19,35],[56,-17],[38,124],[94,71]],[[98293,78405],[-19,-71],[-57,-89],[-56,-35],[-38,-89],[-57,-54],[57,-53],[-57,-35],[38,-89],[-75,-71],[37,-71],[76,-18],[38,36],[37,-36],[0,-266],[-56,17],[-38,-53],[57,-89],[18,-106],[57,-36],[19,18],[94,0],[38,-71],[0,-36],[57,-35],[38,35],[0,-106],[18,-89],[-56,-71],[0,-89],[-38,-71],[57,-36],[-38,-35],[-19,-53],[-57,-18],[-37,-36],[-95,-17],[-38,-89],[-37,18],[-38,-72],[-38,-35],[0,-89],[19,-35],[-19,-54],[-38,-35],[-56,-125],[-38,-106],[-75,-53],[37,-36],[-56,-18],[-57,18],[-38,-35],[-19,-54],[-94,-17],[-38,-72],[0,-53],[-37,-53],[0,-71],[-95,-71],[-19,-160],[38,-36],[-38,-35],[38,-53],[38,0],[0,-71],[-38,17],[-19,-53],[-94,18],[-19,35],[19,71],[-19,36],[-38,0],[-38,-71],[-37,18],[-38,-54],[-95,-53],[0,-53],[-37,-71],[-38,-18],[-76,18],[-37,-54],[0,-17],[-76,-18],[-19,-36],[-37,18],[-38,-53],[-57,0],[0,-36],[-38,-35],[-18,18],[-95,0],[0,53],[-56,18],[-38,88],[-95,-35],[0,71],[-37,53],[-38,-18],[-57,71],[0,54],[38,0],[38,35],[38,0],[-19,71],[-38,-35],[-38,71],[-113,106],[-57,-17],[-56,17],[18,36],[0,231],[95,71],[0,35],[38,54],[75,0],[0,89],[-38,71],[-18,71],[-57,71],[-19,35],[57,18],[-76,124],[57,71],[38,-53],[18,53],[-37,18],[-19,89],[38,0],[56,35],[0,54],[-94,35],[-19,54],[0,106],[75,89],[19,-18],[57,36],[0,35],[57,36],[-76,124],[-19,107],[-38,53],[-37,89],[19,71],[56,-18],[0,71],[-38,0],[19,107],[38,35],[0,125],[57,53],[75,-36],[57,0],[75,36],[151,-71],[57,35],[113,36],[19,-36],[76,-17],[56,53],[-38,18],[19,71],[57,71],[-76,18],[-37,-18],[-38,53],[-57,107],[-56,17],[-57,54],[-38,106],[-113,89],[-208,89],[-245,71],[-38,18],[-302,17]],[[95782,78369],[-132,-35],[-57,-36],[-169,-71],[-189,0],[-208,-35],[-94,-71],[-19,0],[-38,-89],[0,-36],[-38,-106],[-56,-89],[-114,-89],[-56,0],[19,-71],[-57,-18],[-19,-71],[0,-17],[0,-125],[76,-89],[19,54],[-57,53],[19,89],[38,0],[18,35],[57,0],[57,-53],[-38,-71],[0,-36],[-76,-88],[-113,-89],[-132,-71],[-359,-142],[-113,-89],[-151,-53],[-94,-54],[-151,-284],[19,-18],[-38,0],[-19,-17],[0,-18],[0,-89],[19,-53]],[[93536,76327],[38,-18],[18,-71],[-75,-160],[-151,-231],[0,-53],[-57,-53],[-132,-71],[-19,0],[-113,-89],[-19,0],[-94,-89],[-19,0],[-38,-71],[-75,-231],[-57,-107],[-19,-124],[0,-107],[38,-71],[57,-53]],[[92819,74728],[37,-71],[95,-35],[0,-36],[-38,-36],[-94,36],[-95,0],[-56,36],[-152,53],[-132,71],[-472,177],[-207,54],[-189,35],[-151,36],[-57,0],[-302,18],[-339,-71],[-57,0],[-302,-89],[-189,35],[-113,36],[0,18],[-415,88],[-321,36],[-170,0],[0,18],[-397,0],[-226,-18],[-76,-18]],[[95782,78369],[-19,36]],[[95763,78405],[19,-36]],[[88401,75101],[-170,-18],[-113,-17],[-396,-89],[-321,-89],[-415,-142],[-19,0],[-151,-71],[-19,18],[-416,-160],[-37,-18],[-132,-18],[-95,0],[-75,18],[-151,-18],[-208,-71],[-38,18],[-75,-18],[0,53],[37,18],[38,89],[208,409],[57,35],[37,0],[57,-35],[0,-54],[113,-106],[95,0],[94,71],[0,35],[38,18],[170,36],[94,88],[38,-17],[56,71],[114,-18],[56,53],[38,71],[57,18],[-38,71],[75,0],[19,-53],[38,0],[19,71],[-19,53],[132,107],[95,-18],[0,-249],[-57,0],[-38,-106],[57,17],[75,0],[95,89],[19,71],[-95,-18],[0,178],[132,0],[0,-35],[38,0],[0,35],[72,4],[-15,32],[-57,-18],[-113,35]],[[87401,75527],[19,143],[0,124],[19,0],[37,71],[-37,71],[-19,0],[-57,89],[-113,53],[-19,-35],[-57,0],[-75,-18],[-38,18],[-38,-18],[-37,18],[-19,53],[-38,0],[-95,35],[-94,-106],[-75,53],[-57,-107],[0,-142],[-57,-71],[-56,0],[37,54],[0,71],[-56,35],[-19,-18],[-76,-35],[-37,53],[-57,0],[-19,-35],[-38,0],[-56,35],[-57,0],[-56,-35],[-57,-54],[-76,71],[-94,-17],[-113,-54],[-95,18],[-75,71],[0,36],[-76,71],[-19,71],[-94,35],[-94,18],[-57,53],[-38,107],[0,35],[114,196],[37,124],[0,89],[38,160],[-19,35],[19,107],[19,53],[-38,18],[-19,-107],[-19,0],[0,-195],[-18,-71],[-95,-178],[-75,0],[-19,-35]],[[85098,76540],[38,-18],[0,-35],[-38,-54],[-76,36],[0,-53],[57,-18],[-38,-54],[0,-142],[-19,-17],[-19,-89],[-37,-107],[19,-18],[-19,-53],[-19,-124],[19,-36],[56,-17],[0,-36],[95,-71],[56,-71],[57,-18],[38,-71],[-19,-53],[56,-89],[0,-53],[-56,17],[-113,0],[-38,36],[-113,0],[-19,36],[-95,35],[-113,53],[-75,54],[-133,124],[-56,107],[19,17],[94,267],[19,89],[19,142],[-57,177],[-38,54],[-75,53],[19,18],[-57,-36],[-57,36],[0,88],[19,18],[-19,54],[0,213],[19,53],[19,160],[-56,35],[132,160],[37,71],[-18,36],[37,35],[95,0],[-76,54],[114,213],[-38,18],[38,142],[113,53]],[[84796,77961],[0,71],[-113,18],[-38,-36],[0,-53],[-57,-53],[19,-71],[-38,-36],[0,-71],[-94,53],[38,54],[37,124],[-19,35],[-113,0],[-38,-35],[0,-71],[76,-36],[-19,-71],[38,-160],[-151,-35],[-19,18],[0,160],[-76,17],[0,-106],[19,-54],[-94,36],[-19,-18],[94,-71],[-18,-53],[-95,53],[-56,0]],[[84060,77570],[18,18],[-56,71],[-76,178],[0,124],[-94,124],[-132,71],[-113,125],[-114,35],[-19,53]],[[85211,76185],[-38,17],[38,-17]],[[84324,77392],[-76,54],[95,89],[37,0],[0,-71],[-56,-72]],[[84362,77055],[-57,36],[57,71],[37,-36],[-37,-71]],[[84305,76273],[-57,249],[57,18],[75,-71],[-18,-36],[0,-71],[-38,-35],[-19,-54]],[[87325,75883],[-19,71],[76,17],[57,-71],[-19,-35],[-76,-18],[-19,36]],[[87401,75527],[-76,18],[76,89],[0,-107]],[[85758,75403],[-18,71],[-95,-18],[57,71],[38,-35],[56,-18],[0,-35],[-38,-36]],[[85456,75296],[0,54],[76,-18],[-76,-36]],[[79718,75563],[-95,71],[0,53],[-56,0],[19,107],[0,53],[-76,36],[0,53]],[[79510,75936],[95,18],[56,53],[95,-18],[94,71],[38,0],[75,71],[-19,18],[-37,107],[75,17],[38,36],[19,53],[38,36],[75,35],[-19,89],[-56,-35],[-38,0],[-132,53],[18,35],[-18,36],[94,35],[19,54],[38,18],[19,-54],[94,-71],[38,36],[75,-54],[76,36],[113,0],[0,-36],[38,-17],[37,-54],[38,0],[95,-35],[37,0],[38,-36],[76,-17],[75,0],[94,35],[76,71],[38,-35],[94,53],[19,-18],[57,36],[0,53],[94,35],[113,18],[19,36],[76,35],[37,71],[-18,36],[37,35],[0,125],[95,71],[56,0],[38,106],[76,89],[0,89],[-19,18],[37,53],[0,124],[19,54],[-19,17],[0,125],[38,71],[57,18],[38,35],[0,71],[-19,53],[19,54],[0,195],[56,36],[-75,53],[0,35],[37,18],[19,89],[38,18],[19,53],[-19,36],[-38,0],[-56,71],[-76,53],[-38,0],[-56,35],[56,107],[-18,36],[0,71]],[[84060,77570],[-19,-18],[-95,107],[-56,0],[-38,-53],[-132,-18],[-76,-36],[-19,-35],[19,-53],[-94,-18],[-57,35],[-113,-71],[-76,-160],[38,-17],[-38,-107],[-37,0],[0,-53]],[[83267,77073],[-38,-18],[38,-53],[56,35],[57,0],[57,-35],[0,-36],[-76,0],[-38,-18],[-19,-53],[0,-160],[-37,-35],[-19,-89],[-76,-160],[-151,-195],[-19,-54],[-151,-177],[-56,-54],[-113,-159],[-57,-142],[-38,-125],[19,-35],[-57,-249],[38,-107]],[[82587,75154],[57,0],[75,-71],[0,-248],[-37,-89],[-57,-36],[-19,-53],[57,-18],[56,0],[38,36],[57,-36],[37,18],[76,-53],[264,-36],[132,-71],[76,-142],[19,-53],[132,-54],[57,-35],[94,-18],[132,-53],[94,-89],[38,0],[38,-53],[94,-53],[76,0],[38,-18],[94,0],[0,-36],[38,-35],[0,-89],[75,18],[0,71],[-38,53],[57,18],[19,-36]],[[84456,73893],[57,-106],[18,-89],[76,35],[38,0],[38,-53],[-19,-71]],[[84664,73609],[56,-71],[38,-18],[-19,-71],[38,-18]],[[84777,73431],[-19,18],[76,107],[56,-18],[38,18],[75,-71],[-18,-36],[0,-71],[37,-106],[-56,-36],[0,-36],[-57,-35],[0,-71],[19,-89],[-76,18],[0,53],[-75,36],[-38,-18],[0,-53],[-56,17],[-19,-71],[-19,-35],[-76,0]],[[84569,72952],[19,-53],[57,17]],[[84645,72916],[19,-106],[94,89],[19,0],[38,17],[75,-17],[-113,-107],[-19,0],[-38,-71],[0,-53],[38,-54],[57,-53],[-38,-53],[0,-36],[38,-71],[37,-35],[0,-36],[0,-18],[-94,-17],[-19,-18],[-75,0],[19,-71],[-114,-18],[-56,-71],[-57,18],[-57,-18],[-207,35],[-57,36],[-38,-18],[-94,71],[0,36],[38,35],[75,-17],[38,17],[57,-17],[37,0],[57,-36],[19,-53],[38,53],[0,18],[56,-18],[0,-35]],[[84418,72224],[57,-18],[66,53],[47,18],[0,35],[-75,0],[-76,-17],[19,71]],[[84456,72366],[0,35],[57,0],[37,-35],[38,17],[-57,54],[-56,17],[-57,36],[-19,71],[-56,-18]],[[84343,72543],[-57,18]],[[84286,72561],[-19,18]],[[84267,72579],[-38,-18],[0,-53],[38,0],[38,-36],[-19,-35],[-38,0],[-56,-54],[-76,36],[-38,35],[0,107],[-56,0]],[[84022,72561],[0,-71],[-38,-18]],[[83984,72472],[-38,-53],[-75,53],[-95,18],[-56,-36],[0,-35],[-76,0],[-56,-36],[-19,54],[0,71],[38,53],[0,53],[75,71],[57,0],[56,54],[-37,17]],[[83758,72756],[-38,18],[-38,36],[-57,-36],[-18,-53],[-95,0],[-38,18],[0,35],[-75,18],[-19,-53],[57,0],[18,-36],[-75,-106],[-38,35],[-19,-53],[-56,-36],[0,-18],[37,0],[76,54],[38,-36],[37,18],[19,0],[-56,-89],[-57,-18],[0,-35]],[[83361,72419],[0,-53],[-113,0],[0,-71],[-95,-18],[-56,-53],[-38,-54],[-57,-18],[-56,18],[-38,71],[57,0],[-57,71],[0,18],[57,36],[37,0],[-75,53],[-19,-36],[-113,-17],[-38,-71]],[[82757,72295],[19,-54],[-19,-53],[-38,0],[-19,-53],[-56,17],[38,72],[-38,35],[-76,-35],[-75,35],[0,53],[-38,0],[0,-88],[19,-18],[0,-71],[57,-89],[-114,106],[-19,-17]],[[82398,72135],[57,-71],[-75,0],[0,-36],[56,0],[38,-53],[-76,0],[-18,-36],[-57,0],[-57,36],[-56,0],[-38,89],[56,53],[0,35],[-18,0],[-57,-88],[0,-71],[-19,-89],[-132,0],[-57,-36],[-56,-53],[-95,-36],[-19,54],[38,53],[-75,0],[0,-53],[-57,-71],[-94,-89],[-38,71],[-38,-18],[0,89],[-56,-18],[-19,-89],[-38,-35],[0,-53],[-57,35],[-19,-35],[-94,0],[-94,-125],[-57,0],[0,-71],[38,-18],[-19,-53],[-38,-35],[38,-54],[56,-17],[-37,-36],[0,-35],[170,0],[-38,-54],[0,-35],[-57,-107],[-19,36],[-94,0],[19,-36],[-38,-35],[-57,53],[0,53],[-37,0],[0,-89],[-38,0],[-38,107],[113,71],[57,71],[-38,53],[-37,-35],[-57,-89],[-76,-36],[-75,-53],[38,-89],[-57,-35],[-94,-36],[-57,0],[57,-88],[56,-18],[38,18],[132,0],[-19,-36],[0,-142],[57,-18],[19,-35],[56,0],[76,-54],[0,-35],[-94,-54],[0,-53],[18,-71],[38,-35],[-19,-36],[19,-71],[-56,-53],[-76,35],[-94,18],[0,36],[37,17],[38,-17],[-19,35],[-94,36],[-57,35],[-19,53],[-37,-17],[37,-107],[-37,-18],[-38,-71],[-76,0],[57,-53],[76,36],[56,-18],[57,-142],[-95,0],[19,-36],[-37,-35],[-76,53],[-57,-36],[38,-35],[-19,-53],[19,-54],[-75,-18],[-95,-35],[0,107],[-75,35],[-57,-18],[19,-35],[0,-71],[-75,-36],[75,-53],[-19,-36],[-56,-17],[-38,-36],[-57,71],[-38,0],[0,-53],[-56,0],[-114,-142],[-151,-213],[0,-36],[-56,-89],[-151,-355],[-57,-213],[0,-36],[-56,-106]],[[79454,68387],[-19,18],[-151,71],[-57,0],[19,-89],[-76,0],[-75,35],[-76,54],[0,124],[-56,0],[-57,35],[-19,54],[-75,0],[-19,106],[-38,36],[0,35],[-38,71],[-37,0],[-114,71],[-56,54],[19,71],[-19,53],[19,89],[-38,89],[19,89]],[[78510,69453],[19,-54],[75,-53],[19,18]],[[78623,69364],[19,71],[75,-18],[38,18],[38,89],[-57,71],[-38,0],[-37,53],[0,53]],[[78661,69701],[75,-18],[19,36],[-19,53],[19,18],[76,-18]],[[78831,69772],[56,0],[19,-35],[76,17],[-19,54],[-38,-36],[-38,18],[0,71],[76,18],[19,35],[113,-17],[94,-54],[57,178],[-19,35],[19,54],[57,18],[56,-89],[95,71],[0,53],[-38,53],[0,54],[-57,53],[0,35],[57,18],[-19,36]],[[79397,70412],[38,89],[37,17],[19,89],[95,-35],[19,53],[37,-36],[57,-17],[19,17],[56,-17],[57,17],[76,-35],[18,-36],[57,-17],[38,17],[-38,142],[-38,18],[19,71],[0,142],[-19,36],[57,18],[76,-18],[0,35],[-57,54],[19,53],[-19,18],[0,71],[-38,35],[57,54],[-19,71],[0,88],[57,71],[-19,54],[-38,35],[19,89],[-38,0],[-57,36],[0,35],[38,53],[57,54],[56,18],[0,124],[76,89],[19,53],[-95,71],[19,71],[-56,71],[-76,53],[-19,89],[19,36],[76,0],[113,71],[-38,71],[-75,18],[-57,53],[-38,160],[-38,18],[19,53],[-75,124],[-57,18],[57,142],[56,36],[0,106],[57,53],[76,0],[75,54],[57,0],[94,-18],[57,53],[56,0],[76,-35],[57,35],[113,0],[0,71],[75,178],[57,35],[0,36],[-57,18],[-37,35],[37,71],[-19,107],[-37,18],[-76,-36],[-56,0],[-38,-53],[-95,18],[38,106],[-75,89],[-38,89],[-38,-36],[-56,36],[-151,-107],[-38,89],[-95,0],[-56,18],[-57,53],[-75,18],[-19,53],[-38,0],[-19,36],[19,71],[-38,53],[38,53],[57,54],[0,35],[56,36],[19,53],[-57,142],[76,36],[0,35],[38,18],[19,71],[-38,53],[-38,107],[-75,17],[-38,36],[56,18],[38,35],[-19,71],[-37,36],[-38,71]],[[84569,72952],[-56,18],[0,-18],[-76,-36],[-57,0],[-18,-35],[37,-36],[57,0],[38,89],[75,18]],[[84418,72224],[0,-18]],[[84418,72206],[0,18]],[[84022,72561],[-19,0],[19,0]],[[83437,77410],[-38,-35],[94,-54],[-56,-106],[-95,35],[19,107],[76,53]],[[85362,74160],[-38,35],[19,36],[38,0],[-19,-71]],[[84626,74018],[57,0],[0,35],[75,36],[57,53],[37,0],[19,-36],[0,-88],[-37,35],[-57,-71],[-57,0],[-19,-35],[-56,-18],[-114,0],[38,53],[57,36]],[[84777,73716],[-19,35],[-38,0],[-37,36],[56,53],[170,53],[-19,-89],[-38,0],[-75,-88]],[[84588,73751],[-38,36],[57,35],[38,-18],[-57,-53]],[[84343,72543],[56,-18],[-56,-35],[0,53]],[[84362,72454],[18,0]],[[84380,72454],[-18,0]],[[84380,72437],[0,17]],[[84380,72454],[0,-17]],[[84380,72383],[19,36]],[[84399,72419],[0,-18]],[[84399,72401],[-19,-18]],[[84399,72419],[-19,0],[-18,0]],[[84362,72419],[18,18]],[[84380,72437],[19,-18]],[[84362,72419],[0,-18],[18,-18]],[[84380,72383],[-18,36]],[[81360,71513],[-25,12],[25,-12]],[[79510,75936],[-56,71],[37,89],[57,0],[0,53],[-57,53],[-37,-17],[-38,17],[-19,54],[19,53],[-57,0],[-75,-36],[-76,0],[0,54],[-94,53],[-57,0],[-38,71],[19,36],[-19,71],[0,106],[-94,-71],[-76,0],[-37,-71],[-57,-18],[-57,36],[0,53],[-37,0],[-76,71],[-38,54],[57,71],[-19,53],[57,106],[-19,54],[19,35],[-19,54],[-57,17],[-37,36],[-38,89],[19,71],[-38,0],[-38,35],[-94,18],[38,71],[-19,53],[19,18],[0,71],[-114,124],[0,36],[57,53],[38,0],[19,54],[-19,71],[56,124],[-37,18],[37,71],[19,89],[38,71],[0,124],[38,89],[0,53],[-57,0],[-38,142],[0,71],[-75,213],[56,36],[0,106],[38,72],[0,71],[76,88],[19,71],[-114,-35],[-37,-36],[-76,107],[-38,124],[-37,18],[-19,53],[-76,36],[-94,142],[-95,18],[38,89]],[[72507,82064],[56,18],[38,-18],[0,-89],[38,18],[94,-18],[114,0],[188,89],[57,53],[0,71],[38,0],[19,54],[37,0],[19,35],[95,36],[75,0],[57,-36],[56,18],[0,36],[38,35],[151,53],[57,71],[75,36],[19,53],[-19,36],[57,35],[75,0],[114,36],[75,53],[57,-18],[113,18],[19,36],[113,35],[114,0],[113,53],[0,54],[132,-125],[75,-124],[95,-18],[0,-53],[94,-53],[0,-125],[57,-35],[56,-71],[-37,-89],[0,-71],[19,-53],[-57,-18],[-19,35],[19,36],[-38,35],[-94,-71],[-57,-17],[-56,-89],[-57,-213],[-38,-18],[-75,-107],[-76,-35],[-38,-89],[-94,-107],[-19,-88],[0,-89],[38,-54],[38,0],[37,36],[19,71],[-37,18],[18,53],[38,0],[57,36],[38,53],[132,124],[-19,-89],[19,-71],[94,-17],[57,-54],[-76,-35],[-56,18],[-38,35],[-57,-53],[0,-71],[38,-71],[75,0],[76,-18],[19,-53],[94,-71],[132,-18],[38,71],[38,18],[19,-54],[37,0],[0,-177],[-56,-54],[19,-35],[-76,-142],[0,-53],[38,0],[19,17],[0,18],[75,107],[76,17],[19,89],[-19,54]],[[75414,80910],[75,-54],[38,18],[76,0],[19,-53],[-57,0],[0,-36],[75,0]],[[75640,80785],[76,18],[-19,35],[38,54],[0,53],[-57,53],[38,54],[-38,17],[-38,-35],[0,-53],[-37,-18],[-38,18],[-170,0],[0,124]],[[75395,81105],[-38,18],[0,142],[76,-18],[37,36],[95,53],[38,35],[94,-17],[38,35]],[[75735,81389],[19,-18],[56,71],[95,-35],[0,71],[37,35],[0,72],[95,17],[38,-53],[-38,-53],[38,-54],[56,0],[38,-35],[19,-53],[75,0]],[[79718,75563],[-76,-18],[-19,-106],[-56,-54],[0,-53],[-95,18],[-18,53],[-76,-18],[-75,18],[-19,124],[-57,54],[-57,17],[-37,-17],[-19,53],[-76,-71],[-113,18],[19,89],[-76,0],[-75,-160],[-38,-36],[-38,-124],[-19,35],[-56,0],[-95,-35],[-75,-18],[-113,53],[-57,-17],[-75,35],[-57,53],[-151,0],[-132,36],[19,53],[-57,36],[0,35],[-75,36],[-19,35],[0,71],[-19,89]],[[77736,75847],[56,71],[38,71],[0,36],[-38,53],[-37,89],[-57,18],[-76,142],[-37,35],[-57,-18],[-19,54],[0,89],[-56,17],[-19,71],[19,36],[-38,53],[0,36],[-132,71],[-38,0],[19,89],[-57,53],[-75,35],[-38,0],[-38,-35],[-56,0],[-19,35],[37,36],[38,124],[-19,107],[-56,0],[-95,-36],[-37,71],[-57,-35],[-19,-36],[38,-35],[19,-53],[-95,0],[-37,-143],[37,0],[38,36],[57,-18],[0,-89],[-38,-53],[-170,0],[-57,18],[0,35],[-75,36],[-38,35],[-19,71],[-56,18],[-57,-35],[-38,35],[-56,18],[37,53],[-37,36],[56,35],[-38,125],[57,35],[-57,36],[-75,0],[-57,35],[-75,18],[-38,36],[-38,0],[-75,-36],[-38,0],[-57,53],[-37,-17],[-76,35],[-56,-18],[-19,71],[19,36],[0,89],[-57,53]],[[75565,77730],[-19,53],[38,89],[75,53],[76,18],[0,89],[19,18],[-76,53],[0,71],[19,18],[-38,53],[19,71],[-113,0],[-19,36],[-76,17],[-75,0],[-38,54],[19,53],[-113,-35],[-95,-18],[-132,0],[-19,53],[57,71],[0,71],[-38,0],[-56,53],[-57,-17],[-57,17],[-151,0],[-37,-106],[-114,-18],[-75,71],[-38,0],[0,89],[-19,53],[76,18],[0,71],[-38,0],[-57,89],[-37,-18],[-133,89],[38,35],[38,71],[-19,89],[-38,54],[-56,17],[-38,-17],[-38,35],[-38,-35],[-132,35],[-56,-53],[-76,-36],[-38,-53],[-75,-36],[-57,89],[0,71],[-94,0],[-38,-17],[-56,35],[-95,18],[-19,106],[-56,36],[-38,0],[-113,36],[-151,71],[-38,35],[-38,-18],[-75,36],[-19,35],[37,89],[-18,53],[-38,18],[0,71],[19,18],[-19,89],[56,89],[-18,124],[56,89],[76,35],[75,-17],[57,-71],[75,0],[38,-36],[19,-53],[57,0],[75,53],[57,18],[56,89],[76,0],[38,-18],[0,177],[19,72],[-19,71],[-38,71],[0,35],[-38,53],[38,125],[-57,35],[76,71],[-19,18],[0,71],[-38,71],[0,71],[-38,0],[-132,-35],[-75,0],[-95,-71],[-37,0],[-57,-71],[-132,0],[-95,-18],[-75,106],[19,71],[-19,54],[-76,35],[-37,54],[-95,35],[0,36],[-113,106],[-38,71],[57,54],[0,88],[38,36],[0,124],[-38,0],[0,107],[19,53]],[[77736,75847],[-38,-35],[-76,53],[-18,-71],[0,-71],[18,-53],[-56,-18],[-19,-54],[38,-142],[-95,-71],[-37,-17],[-57,-72],[0,-53],[38,-89],[-76,-195],[-38,-124],[19,-18],[-37,-124],[-38,-71],[151,-36],[38,-107],[-76,-53],[0,-53],[-75,-53],[-19,-54],[19,-18],[-38,-53],[56,-18],[0,-88],[57,0],[38,-36],[0,-160],[38,-142],[0,-178],[18,-35],[-37,-107],[-38,-71],[-57,-17],[38,-71],[38,0],[0,-107],[-76,-18],[-56,-89],[-19,0]],[[77264,73058],[-76,-17],[-113,17],[-38,-53],[-207,0],[-76,-35],[-94,-89],[-38,-18],[-38,18],[-19,-36],[-75,-35],[-95,-89],[-56,106],[-57,18],[-19,71],[-75,-71],[-95,-53],[-37,18],[-114,0],[-37,-54],[-114,0],[-18,-35],[-57,-36],[-38,18],[-19,-35],[-75,17],[-76,-17],[-19,35],[-75,-18],[-57,36],[-19,-71],[-56,-53],[-76,-36],[-56,0],[-19,-71],[-38,-36],[-57,89],[-19,54],[-56,-54],[-95,36],[-56,-18],[-76,-71],[-56,-18],[-114,53],[-18,-53],[0,-89],[-95,-35],[-19,-36],[-75,18],[-76,-18],[-75,36],[-57,-18],[0,-35],[-38,-18],[-56,18],[-76,-36],[-19,89],[-56,35],[-19,54],[38,35],[18,53],[-75,18]],[[73866,72543],[57,54],[75,17],[94,0],[57,-17],[57,35],[37,53],[38,0],[95,54],[19,-18],[94,0],[75,53],[76,18],[57,53],[132,160],[37,36],[38,0],[57,53],[38,53],[94,71],[0,54],[94,17],[38,36],[19,-18],[0,18],[-38,35],[38,36],[19,-53],[56,53],[38,89],[38,35],[57,18],[56,71],[0,36],[57,0],[-38,71],[38,0],[38,71],[-38,17],[0,107],[38,36],[-57,53],[19,35],[94,-35],[19,-89],[76,53]],[[75754,73964],[19,36]],[[75773,74000],[18,35],[57,-17],[76,88],[37,71]],[[75961,74177],[38,36],[0,35],[-38,54],[-151,0],[-19,35],[-18,160],[-19,89],[75,-53],[19,-36],[19,-124],[57,0],[-19,71],[0,71],[37,-18],[0,-35],[57,0],[19,-89],[38,35],[-19,54],[94,0]],[[76131,74462],[-132,53],[-38,-18],[-75,36],[0,89],[56,-36],[19,71],[-75,0],[0,71],[94,36],[57,0],[0,71],[0,35],[0,36],[-57,0],[0,35],[-75,18],[-38,36]],[[75867,74995],[-38,-36],[19,71]],[[75848,75030],[0,71],[-57,-18]],[[75791,75083],[0,36],[57,18],[-19,53],[-75,53]],[[75754,75243],[37,53],[95,36],[19,36],[113,71],[0,88],[57,18],[18,107],[-18,0],[-38,124],[-57,160],[-38,35],[-18,54],[-38,-18],[-57,124],[38,54],[19,71],[-38,106],[76,36],[18,89],[38,124],[38,53],[0,36],[-94,-36],[-19,89],[-57,18],[38,35],[75,36],[170,0],[19,35],[-94,54],[-57,53],[-19,-18],[-94,0],[-76,53],[-94,0],[-38,-17],[-38,89],[-37,17],[-38,-17],[-38,17],[-38,-17],[-19,53],[-56,18],[19,106],[56,18],[-37,35],[0,267],[-38,18],[-38,-18],[-38,71],[19,53],[38,0],[38,54],[56,0],[38,-36],[38,0]],[[75754,73964],[19,36]],[[75773,74000],[-19,-36]],[[75848,75030],[38,18]],[[75886,75048],[-38,-18]],[[75791,75083],[19,-35],[-19,-36],[-94,0],[-38,18],[0,36],[95,35],[37,-18]],[[75697,74906],[-94,-18],[-38,71],[57,53],[37,-17],[76,0],[19,-36],[-57,-53]],[[75867,74746],[-76,18],[0,35],[-56,0],[0,53],[94,54],[151,-36],[19,-89],[-132,-35]],[[75848,74657],[-94,18],[-19,53],[113,0],[19,-53],[-19,-18]],[[75961,74177],[-94,-124],[-94,36],[0,53],[-38,0],[56,124],[38,-35],[-19,-36],[19,-35],[38,17],[75,71],[38,-35],[-19,-36]],[[75697,74018],[-19,17],[-19,18],[38,53],[57,-35],[-19,-53],[-38,0]],[[75338,73502],[-37,18],[56,107],[57,-36],[0,-35],[-76,-54]],[[74734,73307],[-56,-35],[-38,53],[38,53],[-19,36],[-95,-71],[-37,35],[56,18],[114,106],[75,54],[57,-18],[56,-53],[19,-54],[-170,-124]],[[75754,75243],[-57,-89]],[[75697,75154],[-19,89],[-75,-18],[-95,-17],[-56,53],[37,35],[-19,72],[-113,88],[-75,18],[0,-53]],[[75282,75421],[-57,-18]],[[75225,75403],[-57,-18]],[[75168,75385],[0,36],[-37,18],[-38,-18]],[[75093,75421],[-38,-36],[0,-71],[-94,0],[-19,-18],[-170,0],[-19,-53],[-113,-18],[-57,-35],[-56,0],[0,-36]],[[74527,75154],[-19,0],[-19,0],[-19,36],[-19,-36],[-19,-17],[19,-54],[-56,-17],[18,-125],[-264,-53],[-94,0],[-76,-18],[-226,-71],[-76,-35],[-19,17],[-113,0],[-132,107],[-170,0],[-57,-18],[-37,18],[-227,160],[-57,35],[-113,36],[-75,89],[-57,35],[-19,0]],[[72601,75243],[-113,107],[-19,0],[-57,-107],[-75,18],[38,89],[75,18],[-75,53],[-19,18],[-38,-89],[-57,18],[-18,-36],[-95,89],[19,89],[0,53],[-94,-36],[-189,143],[-57,0],[19,53],[-75,53],[-95,0],[-151,53],[-75,-35],[-76,0],[-56,35],[-38,-53],[-38,18],[0,35],[57,18],[-38,36],[-57,17],[-19,-53],[-37,0],[0,-71],[-76,0],[0,71],[76,36],[-132,0],[37,-71],[-37,-18],[-76,-18],[-19,53]],[[70921,75829],[-38,0],[-56,-35]],[[70827,75794],[-57,0],[19,-71],[-94,-18],[18,36],[-56,35],[-38,0],[-57,36],[-56,0],[-95,35],[-132,-124],[0,89],[-132,-54],[0,-35],[-38,-36],[-37,89],[19,53],[-19,54],[56,17],[-56,36],[19,35],[-38,72],[19,-54],[-19,-53],[-57,-71],[19,-89],[38,-18],[-38,-53],[-57,0],[38,71],[-56,0],[-95,-35],[-38,-71],[19,-54],[-19,-35],[-75,-89],[-38,18],[-75,-18],[-38,35],[-19,-53],[-57,36],[-37,106],[-38,-35],[-113,-36],[-19,18],[-57,-36],[-57,-88]],[[69184,75439],[0,71],[-56,71],[38,89],[0,35],[56,53],[0,54],[-56,17],[-19,36],[19,35],[-19,107],[-57,36],[-19,53],[-38,0],[-56,53],[0,53],[-95,-17],[-56,0],[-19,35],[38,53],[-19,54],[-57,35],[38,142],[38,18],[-19,71],[38,0],[18,53],[38,36],[57,0],[38,36],[0,53],[-114,106],[0,36],[-56,53],[-38,-18],[-38,18],[0,71],[76,71],[56,36],[-19,35],[19,71],[-37,36],[94,89],[-38,35],[-75,36],[-19,71],[75,53],[38,89],[57,18],[37,35],[38,-18],[38,36],[38,-18],[0,160],[37,18],[-18,106],[113,54],[75,0],[19,53],[0,107],[38,53],[-19,35],[57,143],[56,35],[76,0],[38,18],[75,-36],[38,54],[0,35],[-38,36],[0,35],[38,36],[0,71],[-76,17],[-94,54],[-19,89],[0,71],[94,71],[38,88]],[[69675,79115],[114,-35],[75,-53],[57,53],[56,18],[57,-18],[0,53],[75,36],[95,89],[38,53],[37,0],[76,53],[-38,142],[38,71],[-57,71],[-19,71],[57,160],[0,36],[-38,35],[-19,54],[-56,0],[-38,35],[-94,36],[0,35],[56,196],[-19,35],[19,71],[-19,36],[-56,17],[-38,36],[-76,0],[-18,36],[-38,0],[-38,177],[19,53],[-57,143],[19,53],[-38,53],[-75,36],[38,71],[0,53],[37,71],[-18,142],[-57,0],[-38,36],[0,124],[19,18],[-132,106],[-38,0],[-57,36],[-18,53]],[[69468,81762],[113,-18],[0,36],[38,18],[56,-36],[57,18],[57,53],[75,-18],[0,71],[76,-35],[37,0],[19,53],[38,36],[94,0],[76,89],[170,53],[0,35],[75,0],[38,36],[38,-18],[94,-124],[57,35],[56,-17],[0,53],[38,0],[57,-36],[37,18],[57,-53],[38,-18],[0,-53],[57,-18],[37,18],[0,53],[76,18],[38,71],[56,35],[57,-17],[-57,-89],[38,-18],[19,53],[38,36]],[[71318,82082],[37,-36],[76,18],[94,-35],[19,88],[76,0],[37,-35],[170,0],[38,89],[0,-71],[113,-18],[19,35],[57,36],[56,-53],[19,17],[95,-71],[94,0],[-19,-71],[38,-17],[75,106],[95,0]],[[75697,75154],[-113,-35],[0,35],[38,18],[75,-18]],[[74527,75154],[-19,18],[19,-18]],[[70827,75794],[56,0],[0,-36],[-37,-17],[-19,53]],[[71469,75723],[-57,0],[19,53],[56,18],[-18,-71]],[[75282,75421],[37,18],[57,-18],[-19,-53],[-75,0],[0,53]],[[75093,75421],[57,-18],[0,-71],[-57,0],[0,89]],[[75263,75332],[-95,18],[0,35]],[[75168,75385],[57,18]],[[75225,75403],[38,0],[0,-71]],[[72601,75243],[-38,-53],[-132,53],[57,71],[113,-71]],[[74848,75137],[0,106],[56,36],[132,0],[38,-107],[-226,-35]],[[70525,74995],[-38,0],[-76,71],[-94,71],[132,35],[38,-35],[57,17],[-19,-71],[19,-53],[-19,-35]],[[74621,74941],[-75,71],[-19,89],[56,53],[57,18],[38,-35],[-57,-18],[19,-53],[75,17],[76,-142],[-170,0]],[[70713,74941],[-37,36],[-38,89],[57,71],[56,-54],[38,0],[38,-53],[-38,-53],[-38,0],[-38,-36]],[[70185,75083],[57,-17],[-19,-107],[37,-18],[0,-35],[-56,-18],[-57,53],[-75,-71],[-57,36],[19,35],[0,89],[19,18],[56,-53],[38,0],[38,53],[0,35]],[[70355,74835],[-76,53],[0,53],[57,36],[19,-89],[0,-53]],[[74602,74781],[-19,54],[38,35],[57,18],[75,0],[19,-71],[-75,0],[-95,-36]],[[72016,73360],[57,160],[75,53],[57,89],[19,-17],[75,0],[57,53],[113,195],[38,89],[38,18],[75,89],[57,0],[94,35],[38,71],[113,53],[113,143],[57,106],[113,107],[114,53],[56,-71],[38,-71],[38,-18],[19,-71],[-76,-106],[-75,-89],[-19,0],[-19,-36],[-19,-142],[-19,-53],[-38,-36],[-19,-71],[-37,-18],[-114,-106],[-75,-124],[-132,-125],[-76,-89],[19,-53],[-57,-53],[-56,-18],[19,-53],[-19,-89],[19,-160],[0,-106],[-19,-54],[19,-53],[37,-36],[38,0],[38,-35],[19,-124],[19,-54],[132,-89],[19,-35]],[[72979,72419],[19,-71],[0,-71],[37,18]],[[73035,72295],[-19,-54],[-151,-71],[-151,-35],[-377,-178],[-76,-53],[-75,-89],[-57,-18],[-56,-35],[-151,0],[-265,-89],[19,53],[0,71],[-94,71],[-95,18],[19,89],[38,53],[57,53],[0,54],[-57,0],[-57,-71],[-37,35],[-151,0],[37,53],[-18,18],[0,71],[-76,18],[19,124],[-19,54],[76,142],[75,53],[94,0],[38,-18],[57,18],[0,36],[75,17],[76,142],[56,160],[0,36],[76,53],[75,196],[57,35],[19,53]],[[73035,72295],[0,65],[0,-65]],[[73026,72375],[-47,44]],[[72979,72419],[47,-44]],[[72167,71460],[0,71],[38,18],[0,71],[75,-71],[0,-36],[-56,-53],[-57,0]],[[79397,70412],[-38,-36],[-38,0],[-37,-89],[-57,-35],[-113,-36],[-95,-17],[-75,17],[-76,-71],[0,-35],[-56,-18],[-19,-71],[-38,0],[-19,-89],[19,-106],[76,-18],[0,-36]],[[78661,69701],[0,53],[-57,18],[-75,-106],[0,-125],[75,18],[57,-71],[-38,-53],[0,-71]],[[78510,69453],[-19,17],[0,107],[-38,35],[-113,18],[-113,53],[-38,-17],[-19,-54],[-76,-17],[-56,-36],[-76,18],[-19,-36],[-37,0],[-95,36],[-75,71],[-38,18],[-227,0],[-37,-36],[-114,0],[0,-53],[-37,-71],[-38,-36],[-113,-17],[-38,35],[19,53],[-19,89],[-94,0],[-57,71],[75,18],[19,107],[-19,35],[38,71],[0,89],[76,-36],[37,18],[19,107],[0,106],[-19,71],[-75,54],[0,71],[-94,17],[-76,0],[-19,54],[38,89],[-19,53],[-94,124],[-76,0],[-19,36],[-94,35],[-57,54],[19,53],[38,0],[0,89],[57,53],[0,35],[56,36],[57,18],[56,177],[38,71],[76,36],[56,0],[57,35],[-19,54],[38,53],[56,18],[57,89],[-57,53],[0,35],[38,72],[38,35],[38,-18],[75,54],[57,0],[56,-36],[38,0],[95,-71],[37,53],[76,36],[19,53],[-57,178],[-19,89],[-75,35],[-19,36],[-57,17],[-19,-53],[-56,18],[-38,53],[19,53],[-57,89],[0,178],[-38,0],[0,142],[19,71],[-56,89],[-19,106]],[[79454,68387],[-114,-125],[0,-71],[-37,-53],[-19,-53],[-57,-18],[0,-107],[19,-35],[75,18],[-56,-71],[-38,53],[-94,-18],[-38,-35],[-76,-36],[-18,-35],[18,-36],[76,-18],[-19,-53]],[[79076,67694],[-38,-36],[19,-17],[-113,-54],[0,-35],[38,-36],[56,36],[38,-107],[76,36],[-19,-53],[0,-54],[-38,-17],[-57,17],[-56,-53],[-19,36],[-57,0],[-94,-89],[94,-18],[-57,-71],[-56,-53],[-95,-36],[-37,-71],[-57,36],[-19,-36],[-132,-71],[-57,-53],[-94,17],[-19,-53],[-132,-53],[-19,-89],[-75,-142],[75,-107],[-19,-35],[-19,-36],[-37,0],[-19,36],[-57,0],[-19,-53],[-56,-18],[0,53],[-38,18],[0,35],[151,71],[0,36]],[[78019,66575],[-19,53],[-38,0],[0,54],[-37,17],[-76,-17],[-57,-36],[0,71],[-56,-53],[-38,0],[-76,35]],[[77622,66699],[-56,54],[-19,-18],[-151,0],[-57,18],[-56,53],[-76,18],[-38,35],[-56,-18],[-57,0],[-56,18],[-38,-18],[-38,18],[-38,-18]],[[76886,66841],[-56,18],[-57,71],[-57,-18],[-94,36],[-94,0],[-114,36],[19,35],[-38,36],[-37,0],[-38,53],[-38,0]],[[76282,67108],[19,53],[-75,0],[-19,18],[-57,-36],[-57,0],[-75,18],[19,53],[-19,36],[-94,53],[-57,18],[-38,53],[-38,-35],[-37,53],[-76,71],[-19,53],[0,71],[38,36],[-19,35],[38,54],[-38,35],[19,54],[-57,53],[-18,35],[-114,0],[-113,36],[-76,71],[38,71],[38,0],[0,71],[38,36],[37,-18],[0,-36]],[[75470,68120],[38,-35],[19,35]],[[75527,68120],[76,54],[19,35]],[[75622,68209],[75,53],[19,36],[-19,35],[-57,18],[-56,71],[-57,36],[-75,-53],[-19,53],[37,53],[-56,36],[-95,-18],[-37,53],[-19,107],[-76,17],[-75,-17],[-19,35],[-76,54],[-113,35],[-94,-18],[-76,0],[-19,54],[19,71],[-75,53],[-38,53],[-57,-18],[-132,54],[0,53],[-56,36],[0,53],[-57,53],[-57,124],[0,36],[-75,107],[-189,71],[-75,-36],[-114,-18],[-19,36],[-132,-89],[0,71],[38,36],[-38,53],[19,35],[95,-17],[37,53],[-37,35],[18,54],[-37,35],[0,36],[56,0],[38,71],[0,35],[76,0],[0,36],[75,18],[-38,53],[-37,0],[-57,-53],[-76,0],[38,89],[-94,53],[94,18],[19,53]],[[73847,70252],[19,35],[75,0],[95,54],[38,-18],[56,18],[38,53],[57,0],[-76,71],[76,18],[37,35],[76,18],[-19,71],[-38,0],[0,71],[-94,-18],[0,89],[-38,0],[-19,54],[-75,0],[-57,17],[-57,36],[-56,-36],[-76,18],[76,71],[0,89],[75,35],[38,160],[57,-35],[113,-36],[19,36],[-57,18],[-38,35],[-37,89],[188,35],[114,-17],[56,35],[95,0],[19,53],[-95,-17],[0,53],[-19,18],[0,89],[-37,53],[19,53],[-76,18],[-113,-18],[-57,36],[-19,71],[38,17]],[[74168,71779],[19,89],[-38,36]],[[74149,71904],[0,35],[-94,0],[-95,18],[-37,71],[94,-18],[57,-53],[37,18],[-94,106],[-19,-17],[-113,71],[-38,53],[-132,0],[-38,18],[38,89],[38,0],[0,53],[-38,53],[57,124],[37,-17],[57,35]],[[73583,72419],[-57,35],[132,0],[-75,-35]],[[73356,72295],[-37,53],[56,0],[-19,-53]],[[74413,71424],[0,-18],[-18,54],[18,-36]],[[78396,66486],[-94,-18],[19,54],[-57,35],[-75,0],[-38,18],[57,71],[188,0],[95,-71],[0,-36],[-76,-17],[-19,-36]],[[67316,79879],[-38,18],[-76,0],[-94,-53],[-57,18],[-75,-18],[-76,-89],[-56,35],[-38,-17],[-19,-71],[19,-36],[-38,-89],[-113,0],[-38,-17],[-75,-71],[-151,0],[-19,-36],[38,-36],[-19,-35],[19,-36],[-76,-71],[-76,-88],[-56,-18],[-76,35],[-19,71],[-56,36],[19,35],[-57,89],[-19,54],[-75,0],[-19,35],[-38,0],[-38,53],[-113,36],[-19,53],[-38,-18],[-75,0],[-113,54],[-76,17],[-38,-35],[-75,-18],[-132,71],[-38,53],[-113,18],[-57,-18],[-38,36],[-75,0],[-57,18],[-38,-54],[19,-35],[-94,-107],[0,-124],[-57,-142],[19,-36],[-19,-35],[0,-89],[-37,-18],[-38,-71],[-76,0],[-75,-53],[-76,35],[-75,-88],[56,-54],[76,-195],[0,-71],[-38,0],[-38,53],[-75,18],[-38,-36],[-75,-35],[-57,0],[0,-36],[-38,-17],[-38,17],[-37,-35],[-95,0],[-75,35],[-38,0],[-57,54],[-94,-36],[0,-106],[19,-71],[75,-143],[0,-88],[-56,-54],[-95,-17],[-18,17],[-76,-17],[-75,-54],[-133,18],[-18,-35],[-76,-72],[-75,54],[-57,18],[-57,-18],[-19,-54],[19,-53],[-19,-53],[19,-36],[-38,-53],[-37,0],[-57,-53]],[[62785,77819],[-75,71],[-38,71],[-57,18],[-56,-18],[-19,-71],[-95,53],[-264,-53],[-57,35],[-37,0],[-76,-53],[-38,36],[0,35]],[[61973,77943],[38,36],[-38,53],[57,142],[-38,71],[38,53],[19,107],[57,53],[169,71],[57,89],[-38,89],[-37,35],[0,89],[-76,54],[-38,-18],[-75,0],[0,71],[19,35],[94,36],[113,71],[38,0],[94,35],[76,54],[57,-18],[151,107],[37,-18],[76,0],[151,35],[57,36],[-57,160],[19,89],[-76,106],[38,36],[0,106],[-19,54],[76,142],[75,0],[0,35],[38,18],[-76,89],[38,53],[19,89],[-38,89],[-75,106],[-170,71],[-170,125],[-132,106],[-95,178],[-75,160],[19,71],[94,71],[95,35],[75,0]],[[62634,81300],[19,-17],[113,35],[0,-35],[-132,-89],[19,-54],[38,0],[37,-53],[-56,-35],[75,-125],[151,-106],[151,-89],[170,-53],[38,0],[264,-54],[114,0],[94,36],[19,71],[38,53],[0,36],[37,17],[38,72],[132,17],[132,71],[57,54],[94,17],[19,18],[76,0],[56,18],[95,0],[75,53],[132,18],[114,-71],[132,-18],[75,-35],[95,-18],[56,-36],[227,0],[132,-35],[132,0],[151,-18],[113,0],[284,18],[94,18],[113,0],[38,17],[113,0],[38,18],[38,-18],[170,36],[0,35],[56,18],[19,-18],[76,36],[94,0],[19,18],[113,0],[57,88],[38,-53],[18,-71],[95,-18],[75,0],[189,36],[38,18],[75,0],[38,17],[132,0],[76,18],[264,36],[38,35],[56,0],[208,54],[227,71],[56,35],[0,71],[95,18],[0,89],[75,35],[95,0],[18,-17],[76,17],[38,36],[0,71],[56,-53],[114,17],[0,89]],[[69675,79115],[-19,54],[-37,35],[-114,-53],[0,-53],[-37,-36],[-114,-71],[-75,-18],[-19,-53],[-76,-89],[-113,18],[-75,-18],[-57,-35],[-57,35],[-37,54],[-38,17],[-38,-17],[-56,-71],[-95,0],[-38,-54],[-170,-18],[-37,-88],[-57,-36],[-75,18],[0,71],[-76,89],[0,53],[57,160],[-38,53],[-76,-18],[-56,54],[56,106],[38,36],[-56,35],[-38,54],[19,53],[-151,35],[-19,54],[-38,18],[-38,88],[-75,0],[-57,-17],[-38,-54],[-56,54],[-38,-36],[-38,0],[-37,36],[-38,0],[-57,35],[-94,-18],[-76,54],[38,71],[57,71],[-19,35],[19,71]],[[61973,77943],[-56,18],[-38,53],[-75,-18],[-76,18],[-57,-53],[-75,35],[-76,-17],[-56,-71],[-114,-18],[0,35],[-37,36],[-76,0],[0,71],[-56,18],[-19,35],[-95,36],[-37,-36],[0,-53],[-76,-53],[-113,-36],[-76,53],[-56,-17],[-114,53],[-94,124],[-132,-17],[-57,-36],[-19,-53],[-94,-71],[-19,-54],[-75,-88],[56,-54],[0,-35],[-56,0],[-95,-54],[-38,-106],[-75,-36],[-38,-35],[0,-71],[-56,-36],[-76,-18],[-19,-35],[38,-53],[-94,-54],[-38,0],[38,-71],[-57,-71],[-38,36],[-75,-36],[-38,-71],[-38,54],[-75,-18],[-76,0],[-75,-125],[-57,-17],[-38,-54],[-56,-35],[-57,-107],[75,-35],[19,-54],[38,-17],[76,35],[18,-71],[133,-18],[18,-124],[19,-18],[19,-89],[-113,-35],[-19,53],[-57,0],[-56,-53],[0,-71],[-57,0],[-56,53],[-57,-18],[-57,36],[-56,-18],[-57,18],[-19,-71],[-75,-18],[-57,-71],[-113,-71],[-19,-35],[-76,17],[-56,-35],[-57,-54],[-94,54],[-57,-18],[-38,-36],[-56,36],[-76,-36],[-113,36],[-113,71],[0,18],[-76,35],[-38,-35],[-37,0],[19,-107],[-57,0],[-57,-53],[-56,-89],[-19,36],[-76,17],[0,71],[-56,36],[-76,0],[-75,-53],[-76,-18],[-57,18],[-56,53],[-57,-53],[-56,-125],[-114,54],[-19,71],[-94,89],[-113,0],[0,-160],[-19,-36],[-76,-53],[-18,-71],[0,-71],[-38,-36],[-76,18],[-37,-18],[-19,-53],[-38,-36],[-57,18],[-94,-53],[-76,-71],[-56,-18],[-19,-53],[-57,0],[0,-71],[76,-36],[94,0],[19,-71],[-38,-35],[-38,-107],[-56,-53],[-19,-54],[-57,-53],[19,-71],[-56,-71],[-19,-53],[0,-71],[75,-36],[-38,-71],[19,-35],[-56,-36],[-19,-71],[-38,-71],[-94,-71],[-57,-71],[-94,-18],[-57,-35],[-38,0],[-19,-89],[-56,-107],[56,-18],[57,-53],[0,-71],[38,-35],[14,-55]],[[55475,73661],[-71,-16],[-94,17],[-19,-35],[-76,-18],[-56,-53],[19,-89],[-57,-71],[-75,-18],[-38,-106],[38,-54],[56,-106],[0,-36],[38,-18],[0,-106],[-113,-53],[-19,-54],[-38,-18],[-19,-53],[-38,-18],[0,-53],[-19,-71],[-56,-18],[-19,-106],[-94,142],[-57,18],[-19,35],[-94,18],[-19,-36],[-76,-88],[-75,53],[-19,-36],[0,-71],[-76,-35],[-132,0],[-37,35],[-57,0],[-19,-53],[-57,18],[-56,35],[-95,36],[-18,71],[-57,18],[-57,53],[19,53],[0,71],[-57,18],[-18,53],[0,71],[-19,54],[56,35],[0,36],[38,53],[38,0],[19,89],[38,124],[-38,36],[-170,0],[-19,35],[-57,-18],[-37,-53],[-76,18],[-38,-18],[-75,0],[-57,53],[-38,54],[19,35],[-19,53],[0,72],[38,53],[-56,35],[-57,0],[0,89],[-38,71],[-56,0],[18,54],[76,71],[57,17],[75,71],[-19,36],[19,35],[-19,54],[19,71],[76,53],[56,71],[-38,36],[-18,106],[18,107],[-94,18],[-57,35],[19,89],[0,71],[-19,89],[-37,18],[-19,88],[38,54]],[[53196,75137],[75,-36],[57,0],[56,36],[19,-18],[132,0],[38,18],[170,53],[76,18],[113,53],[56,18],[133,71],[113,106],[56,71],[0,71],[-37,72],[19,35],[94,-18],[19,54],[38,0],[18,88],[114,-17],[0,71],[94,17],[76,36],[18,71],[38,18],[0,35],[38,54],[75,53],[19,-18],[76,36],[38,53],[0,35],[75,54],[57,89],[-57,53],[57,35],[38,0]],[[55197,76504],[56,18],[0,36],[57,17],[19,-35]],[[55329,76540],[19,-36],[56,0],[19,36],[0,89],[38,53],[0,36]],[[55461,76718],[38,17],[37,36],[-19,71],[38,18],[19,71],[113,17],[38,36],[-19,35],[38,54],[75,0],[133,89],[18,71],[38,17],[208,125],[38,53],[56,36],[170,159],[19,36],[151,18],[94,35],[57,36],[76,18],[75,53],[38,71],[0,35],[56,18],[0,36],[-18,53],[56,71],[38,-18]],[[57122,78085],[19,54],[38,0],[56,71],[57,17],[19,54],[113,35],[19,71],[-19,36],[57,89],[37,17],[0,89]],[[57518,78618],[76,53],[0,36],[38,35]],[[57632,78742],[94,54],[57,18],[75,53],[95,89],[75,35],[19,53],[38,-35],[56,71],[57,35],[75,18],[38,71],[151,71],[114,71],[113,18],[170,53],[132,160],[113,213],[19,72],[38,195],[0,195],[-57,18],[-38,36],[-132,71],[-75,-18],[0,53],[37,71],[76,-18],[38,54],[37,0],[38,35],[38,-17],[38,35],[37,-18],[57,36],[57,0],[56,-53],[114,35],[94,0],[94,18],[0,53],[-56,36],[-132,53],[56,18],[76,0],[170,53],[19,0],[132,53],[37,54],[114,17],[37,54],[57,0],[151,53],[38,-18],[94,0],[38,18],[75,0],[57,35],[95,0],[75,-17],[57,17],[75,-17],[57,17],[0,71],[-38,0],[0,107],[57,-18],[19,36],[56,-18],[76,0],[37,-36],[38,36],[76,-36],[19,36],[-19,71],[37,36],[76,-36],[38,53],[37,18],[19,53],[-56,36],[37,53],[57,0],[170,-35],[19,35],[-38,71],[0,36],[76,0],[75,-107],[38,-35],[57,-18],[37,-53],[0,-36],[95,-18],[94,18],[19,36],[94,17],[19,54],[38,-54],[75,-17],[57,71],[151,-54],[38,36],[75,0],[57,18],[38,-36],[19,36],[56,0],[76,-54],[19,36],[56,-36],[38,0],[19,-35],[-170,-53],[-113,0],[-95,-18],[-113,-36]],[[62653,85617],[-19,53],[-38,-18],[-37,18]],[[62559,85670],[56,53],[19,89],[-57,18],[-75,-18],[-94,71],[0,71],[-76,36],[-57,-18],[-18,89],[37,35],[19,107],[-19,35],[-56,0],[-19,54],[56,53],[19,124],[95,-17],[-38,53],[-38,18],[19,88],[38,-17],[56,17],[-18,54],[56,35],[38,0],[38,107],[113,35],[19,-35],[75,0],[95,71],[0,53],[56,-71],[95,-71],[19,-53],[56,53],[19,-53],[38,-18],[0,-53],[57,17],[37,-53],[38,-35],[57,0],[0,-54],[37,-88],[57,0],[76,-89],[-76,-107],[38,-142],[-38,-53],[-19,-125],[-75,-17],[0,-36],[-57,-18],[-38,18],[38,53],[0,36],[-38,53],[-19,-89],[-56,-35],[-19,18],[-76,0],[0,-36],[38,-18],[38,36],[75,-89],[0,-107],[19,-35],[-132,0],[-75,35],[-38,0],[-57,54],[-75,-89],[-132,0],[-57,-53]],[[61143,84746],[-57,54],[-151,106],[-56,-18],[-57,54],[19,71],[38,71],[0,35],[37,18],[0,36],[114,124],[151,-36],[37,36],[0,124],[114,36],[94,-36],[19,-35],[56,18],[76,71],[57,-18],[75,0],[-38,-53],[0,-36],[-56,-36],[-38,-53],[-132,0],[-57,-35],[95,-160],[-19,-36],[0,-106],[-57,-36],[-38,36],[-75,-18],[-38,71],[-75,71],[18,18],[-37,53],[-76,0],[19,-53],[-94,0],[19,-54],[37,-88],[38,-54],[0,-35],[38,-107]],[[61558,84729],[19,17],[0,142],[19,54],[38,35],[-57,89],[0,36],[-38,88],[113,89],[19,-18],[0,-88],[38,0],[0,142],[76,-18],[113,0],[38,-71],[-38,-142],[94,-36],[-56,-53],[-57,35],[-38,-35],[19,-53],[-132,-54],[-113,-106],[-19,-53],[-38,0]],[[62162,85190],[-56,18],[37,36],[19,-54]],[[61369,84498],[-56,0],[-19,35],[-57,-35],[-56,0],[18,53],[-37,35],[19,54],[-38,35],[0,36],[75,-18],[76,0],[19,18],[94,-89],[113,-71],[19,-89],[-56,0],[18,53],[-94,36],[-38,-53]],[[61464,84427],[-19,35],[0,18],[19,-18],[0,-35]],[[55197,76504],[0,-17]],[[55197,76487],[0,17]],[[57500,78618],[18,0]],[[57518,78618],[-18,0]],[[54290,93255],[-18,-18]],[[54272,93237],[0,18],[18,0]],[[54272,93237],[18,0],[-18,0]],[[67372,73929],[-38,-36],[0,-35],[-56,0]],[[67278,73858],[56,71],[38,0]],[[66768,73307],[-38,0]],[[66730,73307],[38,0]],[[69184,75439],[-18,53],[-114,53],[-75,0],[-57,-18],[-38,-35],[-18,-53],[-170,-36],[-57,53],[-19,54],[-151,0],[-113,53],[0,-36],[113,-35],[0,-36],[-57,-17],[51,-71],[82,0],[18,-18],[57,53],[38,-35],[57,-89],[-38,0],[-19,-54],[-95,-35],[0,-53],[-132,-125],[-37,-53],[-133,0],[38,-160],[-38,-124],[-56,35],[-38,-17],[-38,17],[-19,-53],[-75,-18],[38,-53],[-57,-18],[-57,-53],[-56,-18],[-38,18],[-57,-53],[-56,-18],[-38,53],[-57,-18],[-75,0],[-38,71],[57,89],[-57,-17],[-38,-36],[-18,53],[-57,18],[-19,-35],[-208,53],[-75,-36]],[[67127,74639],[0,-35],[-57,0],[-113,-36],[-19,36],[-38,-18],[19,-53],[57,-36],[75,53],[151,0],[38,-17],[57,35],[75,18],[57,-18],[38,-71],[19,-89],[-57,0],[-19,-124],[-76,-89],[-37,36],[-57,-36],[-38,-53],[0,-89],[-113,71],[-38,-35],[-75,-36],[19,-71],[-38,-71],[57,-71],[-57,0],[-57,-36],[0,-35],[-56,-18],[19,-53],[-38,-18],[56,-107],[-56,-35],[-95,-18],[-132,53],[-94,0],[-76,72],[-75,17],[-95,0],[-37,36],[-114,-53],[-18,-36],[-19,0],[0,-142],[37,-36],[-18,-35],[-57,35],[-76,18],[-56,0],[0,36],[-76,88],[-19,36],[0,71],[-37,-18],[-19,54],[19,71],[-76,17],[-38,89],[19,71],[-56,0],[0,-89],[-76,0],[-19,-17],[114,-54],[37,-142],[-113,54],[-38,-36],[-94,36],[0,444],[-76,0],[0,-125],[-37,18]],[[65315,74053],[37,-35],[0,-54],[-37,0],[-19,-35],[-76,0],[0,89],[-56,0],[-76,-54],[0,-53],[-57,-18],[-75,0],[-19,-53],[-113,0],[-57,-18],[-38,-53],[38,-53],[0,-54],[-94,0],[-38,-17],[-75,17],[-38,-35],[-95,-18],[-56,53],[0,54],[-76,17],[-19,71],[-75,89],[-38,0]],[[64163,73893],[38,-18],[75,-142],[38,-53],[38,-18],[-19,-71],[19,-35],[-76,-36],[-75,18],[-76,-71],[-56,0],[-38,53],[94,71],[-37,54],[-95,-72],[-75,18],[0,125],[-57,17]],[[63861,73733],[57,107],[-19,89],[-38,-18],[0,107],[38,71],[0,35],[-57,178],[-75,53],[-38,53],[-19,89],[-57,0],[-94,53],[-19,107],[-38,36],[-18,53],[37,71],[-19,71],[19,53],[38,18],[38,142],[-95,18],[-18,106],[-57,36],[0,35],[-38,72],[19,17],[-19,71],[-38,18],[-18,71],[56,53],[0,72],[-19,53],[0,89],[38,53],[-19,53],[38,53],[19,72],[-19,53],[-38,35],[-56,0],[-38,71],[-57,0],[-75,71],[19,36],[-19,89],[-57,18],[0,35],[-38,18],[-75,124],[-38,36],[0,142],[38,18],[-19,106],[57,71],[-76,125],[38,71],[0,53],[94,71],[0,124],[19,54],[-75,53],[-76,71],[-76,106],[-18,0],[-95,89],[19,36]],[[69184,75314],[-56,0],[-19,54],[-113,-36],[-76,18],[-19,89],[57,17],[57,54],[94,-18],[38,-71],[37,-36],[57,71],[94,-106],[-18,-36],[-57,54],[-57,17],[-19,-71]],[[68788,75225],[-38,36],[19,35],[-19,36],[76,0],[56,-71],[-56,0],[-38,-36]],[[68731,75154],[57,54],[76,-71],[-38,-18],[-38,35],[-57,0]],[[69033,75154],[-37,36],[37,-36]],[[68599,75066],[-38,53],[19,18],[76,0],[38,17],[19,-53],[-114,-35]],[[68241,74604],[0,53],[113,18],[19,18],[75,0],[-38,-54],[-113,-35],[-56,0]],[[67825,74302],[38,35],[-38,-35]],[[64201,73396],[19,18],[75,0],[-19,-54],[-94,-17],[19,53]],[[65824,73307],[-37,0],[-19,53],[75,0],[-19,-53]],[[64258,73094],[-38,89],[0,35],[113,18],[0,-71],[-75,-71]],[[64465,72934],[-56,53],[-133,71],[38,54],[57,-18],[38,35],[0,54],[37,0],[76,-71],[-38,-18],[-19,-71],[38,-18],[38,-53],[-76,-18]],[[64635,72810],[-38,35],[38,36],[94,35],[-56,-89],[-38,-17]],[[64239,72721],[-76,35],[76,18],[0,-53]],[[64390,72454],[-38,36],[0,35],[75,0],[-37,-71]],[[63861,73733],[-19,-248],[-113,53],[-57,53],[0,142],[-56,-142],[56,-53],[114,-53],[0,-36],[37,-18],[-56,-88],[-114,88],[-37,0],[0,-53],[-57,-18],[-75,-53],[-19,-178],[19,-88],[-38,-18],[-76,-71],[-75,0],[-38,-18],[0,71],[-75,36],[-76,-36],[-75,53],[-19,0],[0,18],[-95,-18],[-38,36],[-37,89],[-38,-71],[-57,17],[-56,-35],[-57,18],[0,53],[94,18],[57,35],[19,89],[-38,107],[-38,0],[-18,53],[-38,0],[-19,-36],[-38,0],[19,-88],[-75,-54],[18,-35],[-56,-18],[-95,18],[-94,-54],[-94,-35],[-170,-36],[-132,-71],[-57,-17],[-57,53],[-113,0],[-38,-71],[-19,-142],[-18,-89],[-38,-18],[-76,18],[-75,-53],[-57,-36],[-19,18],[-56,-36],[-57,-17],[-75,0],[-57,53],[-76,-36],[-113,36],[-132,0],[-75,-71],[-57,0],[-38,35],[-38,-35],[-113,0],[-38,-71],[-56,0],[-38,-36],[0,-35],[-38,-54],[-38,18],[-18,-53],[-38,0],[-19,35],[-57,36],[19,53],[-38,18],[-75,18],[-132,-36],[0,-35],[-57,-142],[0,-54],[-75,18],[-38,-18],[-57,36],[-37,0],[0,-71],[56,-71],[57,-36],[0,-35],[-95,-54],[-18,-53],[-38,36],[-57,0],[-132,-36],[-113,-18],[0,-35],[-38,-18],[-38,-53],[-19,-71],[-94,53],[-57,-18],[19,-35],[-56,-36],[-95,-18],[-56,18],[-19,54],[-38,-18],[0,89],[-38,0],[-94,35],[-57,-89],[-56,-71],[-57,-53],[-76,-18],[-75,0],[-19,53],[19,36],[-76,89],[38,53],[76,0],[19,0],[37,71],[-19,18]],[[58443,72046],[-37,0],[-38,35]],[[58368,72081],[-76,-17],[-37,17],[37,54],[-94,89],[19,106],[-38,36],[-38,106],[-56,71],[0,54],[37,53],[19,71],[-56,-18],[-19,36],[19,71],[56,0],[19,-54],[38,36],[-38,53],[57,36],[38,0]],[[58255,72881],[-19,35],[-76,-53],[-170,0],[-56,-36],[-38,18],[-113,-18],[-208,72],[-19,-18],[-75,35],[-132,-17]],[[57349,72899],[-57,-18],[-113,-18],[19,-36],[-76,-35]],[[57122,72792],[-76,-18],[-37,-35],[0,-107],[-76,-53],[-38,-71],[-56,-36],[-57,-71],[0,-35],[-56,-54],[-76,-35],[-75,-71],[-95,-36],[-38,-89],[0,-71],[-37,-17],[94,-54],[19,-53],[38,-18],[0,-35]],[[56556,71833],[-132,-18],[-76,-36],[-57,36],[-56,0],[75,124],[-75,0],[-76,36],[-56,-36],[0,54],[-114,0],[-37,17],[18,125],[-94,124],[38,107],[-66,53],[-29,18],[38,53],[-38,35],[0,72],[38,53],[-19,53],[-113,-35],[-38,53],[0,53],[-37,53],[-38,0],[-19,54],[-94,-18],[0,89],[37,106],[0,36],[-37,18],[18,71],[-37,89],[37,35],[19,53],[-19,36],[38,71],[-75,160],[0,18],[-5,16]],[[57349,72899],[0,-36],[0,36]],[[62200,73023],[-19,53],[38,71],[94,18],[132,71],[57,-18],[75,0],[19,-71],[-113,-106],[-19,-107],[-94,-53],[-95,0],[-56,53],[-19,89]],[[62200,73023],[-19,-36],[-38,18],[-37,-18],[-38,71],[56,54],[38,-18],[38,-71]],[[63578,73023],[-38,0],[-19,71],[57,0],[0,-71]],[[62785,72899],[-57,35],[-18,89],[18,35],[76,-35],[38,-36],[-57,-88]],[[62993,72774],[-38,0],[-38,107],[57,53],[94,53],[57,-88],[57,53],[37,0],[-19,-89],[-113,-18],[-94,-71]],[[61973,72881],[0,53],[57,36],[0,-54],[-57,-35]],[[61822,72597],[-56,53],[-19,71],[38,142],[75,18],[38,-54],[0,-71],[19,-35],[-19,-53],[-76,-71]],[[62275,72721],[57,0],[38,-53],[19,-71],[37,-36],[-56,-36],[-38,-53],[38,-35],[-19,-71],[0,-71],[-76,17],[-37,36],[-19,53],[-57,36],[-56,17],[-57,107],[-57,89],[-37,18],[0,35],[37,71],[76,89],[56,18],[95,-18],[0,-89],[56,-53]],[[62747,72685],[38,142],[76,36],[37,0],[-19,-124],[-132,-54]],[[63861,72721],[-94,18],[-19,35],[56,53],[57,-71],[0,-35]],[[61615,72472],[-76,18],[-19,71],[57,124],[57,18],[37,-142],[-19,-36],[76,36],[0,-53],[76,35],[37,0],[95,36],[56,0],[57,-125],[0,-71],[-76,-35],[-37,-36],[-38,0],[-57,-35],[-19,-53],[-170,-72],[-94,54],[0,71],[38,53],[0,36],[50,136],[-31,-30]],[[57707,72454],[-56,36],[37,71],[0,36],[76,53],[19,-89],[-38,-71],[-38,-36]],[[60841,72525],[-76,107],[38,0],[38,-107]],[[56744,71975],[-37,89],[-19,88],[94,89],[0,54],[38,71],[75,53],[114,18],[0,35],[75,71],[19,-53],[57,-71],[19,-89],[-38,-18],[0,-35],[-113,-71],[-76,-71],[-38,-54],[-170,-106]],[[60633,72330],[-57,36],[0,53],[114,18],[0,-71],[-57,-36]],[[57764,71424],[19,71],[-19,54],[19,53],[0,71],[-19,53],[-38,0],[-19,-106],[-75,0],[0,106],[-76,53],[-151,160],[19,36],[0,71],[-57,89],[57,53],[57,0],[151,-36],[94,-142],[0,-71],[76,-17],[37,53],[76,-124],[38,-36],[37,160],[-75,106],[-76,71],[-37,-17],[0,-36],[-38,-18],[-57,18],[-19,36],[95,89],[-19,35],[-57,36],[0,71],[38,17],[57,-17],[56,17],[95,-35],[37,18],[76,-54],[19,-71],[0,-106],[-38,-54],[38,-17],[0,-71],[-38,-89],[0,-125],[-38,-17],[-19,-54],[-37,0],[-19,-88],[37,-18],[57,-125],[19,-71],[-19,-53],[-19,18],[-75,-53],[-19,17],[-76,-53],[-56,36],[-114,-71],[95,177]],[[60407,71797],[-57,18],[-76,0],[-75,89],[-19,53],[38,36],[-38,53],[57,18],[37,-18],[57,53],[94,0],[-18,36],[56,53],[19,-53],[76,-36],[0,36],[37,53],[-19,18],[38,53],[38,18],[38,53],[38,18],[56,-53],[-75,-214],[-76,-71],[0,-106],[38,-36],[-38,-35],[-57,18],[-94,0],[-75,-54]],[[59972,72330],[19,-35],[-37,-54],[-76,18],[0,36],[94,35]],[[60388,72152],[-38,18],[-19,71],[57,0],[0,-89]],[[59557,71460],[-19,35],[38,36],[-19,35],[-132,0],[-19,54],[-75,0],[-57,17],[-19,36],[19,89],[94,35],[95,-53],[132,-36],[38,18],[56,-18],[-37,-71],[56,0],[19,-35],[-38,-53],[-56,-54],[-57,0],[-19,-35]],[[59104,71549],[-38,35],[-37,-35],[-38,0],[19,106],[37,71],[133,53],[0,-53],[37,-18],[0,-53],[-56,-89],[-57,-17]],[[58425,70909],[-95,107],[-19,53],[-56,-53],[-57,0],[-19,53],[-57,0],[-18,-71],[-57,-18],[-38,18],[-56,-36],[-38,0],[-57,-35],[-38,71],[-18,0],[-19,106],[56,54],[57,0],[19,53],[38,-18],[37,54],[95,35],[37,0],[38,53],[-19,54],[-56,0],[-19,88],[19,72],[37,88],[38,54],[38,0],[75,71],[57,-36],[-19,-35],[114,-18],[37,-107],[-56,36],[-57,-36],[0,-53],[-57,0],[-37,-36],[37,-53],[0,-35],[76,17],[94,0],[-56,-71],[-19,-88],[-57,-54],[57,-71],[19,54],[75,0],[95,71],[37,-36],[-37,-53],[-38,0],[-19,-125],[-94,-124]],[[56895,71655],[-56,18],[19,89],[94,-18],[57,-53],[-114,-36]],[[59991,71673],[0,53],[57,18],[19,-36],[-76,-35]],[[60274,71637],[19,0],[57,-53],[-57,-35],[-19,-36],[-56,-36],[-57,0],[-38,-35],[-75,-36],[-94,18],[-19,36],[37,35],[-18,71],[37,54],[132,71],[57,0],[19,35],[75,-53],[0,-36]],[[59765,71477],[-19,89],[38,36],[37,71],[76,-36],[19,-88],[-19,-36],[-76,-36],[-56,0]],[[57500,71389],[-76,17],[-38,143],[19,53],[76,-53],[94,-18],[19,-71],[-19,-54],[-75,-17]],[[58557,71442],[-19,35],[38,54],[18,-54],[-37,-35]],[[57764,71424],[-76,-35],[0,53],[57,35],[19,-53]],[[57009,71193],[-19,0]],[[56990,71193],[-19,18]],[[56971,71211],[38,-18]],[[58292,70678],[-56,18],[37,107],[38,71],[38,-54],[-38,-142],[-19,0]],[[56556,71833],[19,-36],[-57,-71],[-38,0],[0,-53],[38,-18],[38,-106]],[[56556,71549],[19,0]],[[56575,71549],[0,-160],[-38,-36],[-57,-106],[-56,17],[-19,-17],[-114,-18],[0,-107],[57,-160],[0,-124],[-19,-53],[38,-71],[38,-18],[-19,-107],[0,-88],[-19,-125],[-57,-89],[-37,-88],[-76,-125],[-75,0],[-76,-35],[-208,0],[-19,-54],[0,-106],[19,-107],[38,-89],[-38,-53],[19,-35],[0,-71],[95,-54],[18,-71],[57,-35],[0,-107],[-113,-106],[-57,17],[-75,-17]],[[55782,69151],[0,177],[-19,36],[38,53],[0,53],[-57,36],[-76,18],[-132,71],[0,71],[-37,0],[-95,71],[38,53],[-38,18],[-19,-54],[-113,-53],[-57,-53],[-18,35],[-76,18],[-19,36],[-38,0],[-113,106],[-38,0],[-37,-35],[37,-36]],[[54913,69772],[-19,-18],[-56,36],[0,36],[38,17],[-38,107],[-38,35],[-113,-17],[-38,35],[-75,107],[-170,89],[-57,17],[-38,54],[-56,0],[19,53],[-38,71],[-57,0],[-113,18],[-94,-107],[-76,-35],[-75,-18],[56,-36],[19,18],[57,-18],[0,-88],[-38,-18],[-19,35],[-57,36],[-56,-18],[-95,18],[-16,31],[92,40],[-19,53],[132,160],[57,0],[0,36],[56,53],[-56,71],[-57,18],[-113,-107],[-19,18],[19,53],[75,89],[-18,35]],[[53819,70731],[-170,0],[-57,-35],[-57,-18],[-56,53],[56,54],[-113,0],[-57,-36],[-56,18],[-19,-36],[-38,0],[-56,-35],[-19,35],[-76,-17],[0,-71],[-38,17],[-132,-35],[-37,53],[-38,0],[-95,-89],[-56,-88],[-57,35],[-19,89],[-75,-53],[-19,-54]],[[52535,70518],[-19,-35]],[[52516,70483],[-113,-54],[0,-35],[-57,-18],[-75,-53],[-38,35],[-76,36],[-75,-18],[0,36],[38,35],[-19,36],[-57,35],[-38,0],[-56,36],[-19,-18],[-57,71],[-38,-18],[-18,-71],[18,-35],[57,-18],[19,-36],[-113,-53],[-38,0]],[[51761,70376],[0,-35],[38,-36],[0,-53],[-38,0],[0,53],[-76,-18],[0,-53],[-113,71],[38,89],[-19,53],[-57,0],[-56,-71],[0,-53],[-57,-18],[38,142],[57,54],[-76,35],[-38,-18],[-19,71],[38,54]],[[51421,70643],[0,53],[-38,18],[-56,-18],[-19,-124],[-57,-18],[0,-36],[57,-17],[-19,-107],[-94,-71],[0,-53],[-57,-18],[-38,-36],[19,-35],[0,-71],[-38,-18],[-37,-53],[-76,-36],[-38,18],[-75,-36],[-113,-106],[-133,-71],[-18,18],[-95,0],[0,53],[-94,-53],[-19,17],[75,71],[19,54],[-37,35],[-38,-18],[0,-71],[-57,-35],[-75,71],[-151,-36],[0,-53],[-38,0],[-132,160],[0,53],[37,71],[38,18],[-56,89],[56,35],[-19,36],[-56,-53],[-57,35],[19,71],[-113,0],[0,-53],[-76,53],[-94,178],[-76,53],[-56,-18],[-95,36],[-132,18],[19,35],[-38,71],[-37,0],[-57,-89],[-19,-53],[-76,-71],[57,-53],[-57,-54],[-37,36],[-38,-53],[19,-36],[-57,-124],[-56,-18],[-170,-142],[-132,-124],[-57,0],[19,-54],[-19,-53],[19,-35],[-38,-89],[-57,-18],[-56,18],[-19,106],[-57,54],[-113,88],[38,36],[94,-71],[38,0],[19,53],[54,13],[-35,5],[37,71],[19,107],[-37,53],[0,89],[37,88],[0,72],[-75,17],[56,125],[0,124],[-75,71],[-57,-35],[-19,53],[-75,71],[0,53],[-19,71],[-57,36],[-18,35],[37,71],[0,107],[76,18],[94,-18],[57,35],[0,89],[56,36],[76,89],[38,88],[0,196],[-95,35],[38,71],[0,89],[-19,36],[-94,71],[-38,71],[-57,71],[-75,53],[-57,53],[38,54],[57,0],[19,53],[56,71],[-19,36]],[[48325,72597],[0,88],[0,107],[57,53],[0,54],[38,17],[37,-71],[38,0],[38,-35],[0,-18],[38,-36],[19,71],[37,0],[151,54]],[[48778,72881],[95,35],[37,36],[76,35],[38,-17],[37,17],[76,-17],[76,0],[-19,88],[-76,54],[-19,88],[-94,-35],[-132,0],[-57,53],[-75,0],[-57,-18],[38,-35],[0,-71],[-57,-18],[-75,45],[18,79],[57,0],[76,54],[-19,53],[37,53],[57,18],[0,89],[76,-53],[113,-36],[0,-71],[19,-35],[56,-18],[189,0],[57,18],[38,35],[37,0],[19,36],[38,0],[57,-36],[75,0],[57,-35],[19,-36],[37,18],[76,0],[56,-71],[-18,-71],[113,-142],[151,35],[56,36],[57,106],[57,-106],[-19,-36],[75,-35],[38,53],[0,71],[76,18],[19,-36],[75,-35],[132,53],[132,-36],[76,0],[56,54],[38,0],[38,53],[0,53],[57,71],[56,0],[38,-35],[57,18],[75,0],[38,71],[38,-54],[56,18],[19,36],[76,71],[37,17]],[[51534,73431],[19,36],[-75,35],[-19,-17],[-57,17],[-19,71],[38,18],[76,-71],[75,36],[57,89],[75,71],[95,71],[37,88],[-37,0],[-76,125],[38,71],[38,18],[19,71],[37,-36],[57,-18],[38,18],[56,-18],[38,18],[76,124],[37,18],[95,54],[19,53],[37,0],[57,71],[-19,89],[38,71],[-19,89],[94,53],[38,-18],[57,36],[19,-18],[75,0],[0,35],[-57,54],[0,71],[38,35],[0,36],[38,53],[38,18],[94,0],[76,-18],[19,-71],[-19,-36],[56,-17],[-19,53],[57,0],[94,53],[0,71],[133,71],[0,-17]],[[56990,71193],[-19,18]],[[49835,75705],[-37,53],[-19,71],[-19,125],[132,-36],[-19,-53],[57,-36],[38,0],[0,-88],[-38,0],[-38,-36],[-57,0]],[[56556,71549],[19,0]],[[56575,71549],[-19,0]],[[50666,73858],[-19,71],[19,71],[38,-36],[56,0],[0,-35],[-94,-71]],[[51478,73804],[-57,36],[19,71],[38,53],[38,0],[18,-106],[-56,-54]],[[50194,73165],[-57,0],[-94,53],[0,125],[113,0],[38,17],[132,0],[0,18],[114,36],[37,35],[38,0],[57,-89],[-38,-17],[-132,0],[-19,-36],[-38,18],[-94,-71],[19,-54],[-19,-35],[-57,0]],[[48061,72756],[-57,71],[76,36],[75,18],[76,71],[38,-36],[-19,-71],[-113,0],[-76,-89]],[[48363,71584],[25,12],[-25,-47],[15,42],[-15,-7]],[[47759,70998],[-19,35],[-94,36],[19,35],[37,0],[57,-35],[0,-71]],[[53554,70572],[38,71],[75,53],[57,0],[-94,-71],[-57,-71],[-19,18]],[[53554,70572],[-19,-54],[-56,-17],[-76,17],[0,71],[57,18],[75,0],[19,-35]],[[53365,70199],[0,71],[-37,0],[-76,106],[19,18],[0,89],[38,53],[0,-178],[56,-71],[57,-35],[-57,-53]],[[57632,70429],[-95,18],[-19,89],[76,18],[57,-71],[-19,-54]],[[52516,70483],[19,35]],[[52535,70518],[113,-71],[-38,-18],[-19,-88],[-132,-71],[-37,35],[-57,0],[75,71],[0,53],[76,54]],[[56707,70305],[-19,36],[-57,35],[38,36],[38,-36],[0,-71]],[[53970,69861],[0,36],[-76,17],[0,89],[57,18],[94,-53],[19,53],[38,18],[37,-18],[-18,89],[75,71],[19,53],[75,-53],[0,-53],[-37,0],[-38,-36],[0,-71],[-76,-53],[-75,-89],[-94,-18]],[[48137,70128],[0,71],[37,17],[0,-71],[-37,-17]],[[56329,69328],[0,36],[-38,53],[19,36],[-19,53],[-56,35],[-38,54],[-38,0],[-19,35],[0,142],[-18,18],[18,53],[38,0],[38,54],[-38,106],[76,18],[56,-36],[38,18],[19,89],[57,-36],[37,0],[19,54],[76,-18],[19,-71],[94,-36],[75,18],[38,36],[38,-36],[0,-71],[75,-89],[0,-71],[76,-35],[38,35],[19,-89],[75,-35],[132,53],[19,53],[38,54],[57,0],[169,35],[19,36],[-19,53],[76,71],[38,18],[94,-18],[0,-35],[38,-36],[75,0],[-37,-71],[-95,0],[0,-35],[-75,0],[-19,-54],[-76,-18],[-56,18],[-57,-35],[-94,-18],[0,-53],[-38,-18],[0,-53],[-19,-89],[38,-36],[0,-89],[-57,-17],[-19,35],[-56,18],[-38,-36],[-76,-35],[-19,89],[76,53],[0,36],[-132,71],[-113,17],[-38,36],[-76,0],[0,-36],[-56,-35],[-19,-107],[-76,18],[-75,-35],[-76,17],[-94,-35],[0,-36],[-38,-71]],[[57216,69914],[-37,54],[-76,17],[38,54],[57,17],[18,-17],[0,-125]],[[55442,69399],[0,54],[-38,17],[38,54],[38,-54],[19,-53],[-57,-18]],[[55197,69310],[-95,0],[0,54],[57,-18],[38,-36]],[[57311,69257],[-95,53],[38,36],[76,-71],[-19,-18]],[[55366,68831],[-37,35],[-38,-17],[-38,53],[76,0],[56,18],[38,35],[0,89],[57,36],[56,53],[19,53],[-75,107],[37,53],[19,-53],[38,-54],[38,36],[38,-36],[37,0],[19,-53],[38,-35],[38,0]],[[55782,69151],[-76,-36],[-75,0],[-38,-18],[0,-53],[-76,-36],[0,-53],[-75,0],[-76,-124]],[[56631,68689],[0,35],[-132,89],[-38,-18],[-37,18],[-38,-18],[-19,36],[-57,35],[-37,89],[-38,0],[-113,-53],[0,71],[75,35],[57,-17],[19,35],[75,36],[76,-18],[0,-36],[37,-17],[38,-71],[76,-18],[56,-89],[38,-35],[0,-36],[-38,-53]],[[56612,68973],[-37,53],[75,18],[-38,-71]],[[57462,68937],[-19,36],[57,53],[0,-71],[-38,-18]],[[54857,68706],[-76,18],[-38,71],[95,18],[0,71],[38,36],[37,0],[95,-89],[19,-36],[-57,-35],[-38,0],[-75,-54]],[[54706,68849],[-57,0],[19,53],[38,-53]],[[55952,68493],[-38,54],[38,53]],[[55952,68600],[37,-18],[-37,-89]],[[55952,68493],[37,-71],[-37,-71],[-76,-35],[-38,53],[38,53],[57,18],[19,53]],[[70827,71868],[-19,36],[-38,-53],[0,-72],[76,-53],[94,-35],[76,-54],[113,-17],[-113,-196],[-57,-71],[38,-18],[-95,-142],[-19,-124],[19,0],[-19,-107],[19,-17],[-56,-125],[75,-35],[-19,-54],[-94,18],[-19,-35],[57,-18],[-19,-71],[19,-36],[-38,-35],[75,-71],[-56,-18],[0,-36],[19,-71],[56,-35],[19,-36],[113,-17],[38,35],[0,36],[-38,53],[38,18],[57,-36],[56,-124],[95,-178],[94,-18],[95,-71],[18,-71],[38,-88],[-56,-72],[18,-17],[-37,-71],[-38,-18],[-76,-107],[-37,0],[-19,-53],[-57,-53],[-56,18],[-57,-36],[-19,0],[-38,-71],[57,0],[0,35],[38,18],[0,-71],[19,-18],[-38,-71],[56,0],[38,36],[113,18],[114,0],[37,-18],[38,18],[76,-36],[-95,-35],[-37,0],[-38,0],[-38,-36],[38,-35],[56,35],[114,-35],[94,71],[57,0],[19,-71],[-76,-18],[-38,-36],[-56,-17],[-114,-54],[-37,0],[-19,-35],[-113,-54],[-38,0],[-95,-71],[-94,-35],[-94,0],[-57,-53],[-57,-36],[0,-53],[-37,0],[-19,35],[-76,0],[0,-53],[-56,0],[18,-71],[-37,-142],[-38,0],[-38,35],[-75,0],[-19,-71],[19,-53],[-76,-53],[-75,-71],[-132,-71],[-38,-36],[-151,-53],[-76,-71],[-37,0],[-57,-54],[-38,18],[-75,0],[0,-53],[-38,-18],[-57,36],[-38,-36],[0,-35],[-37,-18],[-95,-89],[-37,0],[-19,-71],[75,0],[38,-36],[0,-35],[-94,-53],[-38,-107]],[[69430,67463],[0,-18],[-113,-35]],[[69317,67410],[37,0],[76,-36],[-151,0],[-57,18],[-75,0],[-38,-35],[0,-107],[38,-71],[-57,-18]],[[69090,67161],[-57,53],[-94,18],[-57,0],[-18,-35],[-38,17],[-57,-35],[-75,35],[-19,-35],[-114,106],[-37,0],[-114,-53],[0,36],[-37,71],[-19,89],[-76,71],[-19,35],[19,36],[-113,35],[-19,36],[19,35],[-38,54],[57,17],[57,54],[94,53],[-76,71],[19,18],[-19,71],[19,89],[-56,35],[-95,-18],[-56,36],[-95,35],[-132,0],[-207,-53],[-76,36],[57,35],[0,71],[37,18],[-37,71],[19,89],[-38,18],[0,53],[-38,53],[19,18],[0,195],[-76,54],[0,88],[-75,54],[19,71],[-19,71],[-113,-36],[-114,-17],[-75,142],[-57,-36],[-75,0],[-57,-53],[0,-71],[-19,-89],[-56,-53],[-95,17],[-75,-71],[-19,36],[-38,-18],[-57,71],[-56,18],[-76,0],[0,35],[-113,160],[-94,71],[-57,0],[-57,-35],[-94,0],[-94,-18],[0,36],[-76,17],[-57,-17],[-56,-36],[-57,0],[-38,36],[-18,53],[-38,18],[-76,-18],[-113,18],[-38,35],[-113,18],[-38,53],[-38,18],[-18,89]],[[65164,69506],[18,53],[38,-18],[38,54],[19,106],[57,53],[-19,72],[-57,0],[0,35],[38,53],[56,54],[-18,53],[18,53],[-75,54],[19,106],[-38,0],[19,71],[38,71],[-38,53]],[[65277,70429],[75,0],[57,36],[38,-18],[75,54],[19,35],[0,71],[38,53],[113,54],[95,124],[56,18],[57,53],[56,-18],[38,-53],[95,18],[37,18],[19,124],[76,35],[37,-17],[38,17],[38,54],[57,0],[19,-36],[37,0],[57,36],[75,17],[57,-53],[113,107],[114,0],[-19,-54],[37,-35],[19,-71],[76,-36],[19,-35],[37,0],[19,-71],[76,35],[38,-35],[75,18],[0,35],[38,53],[75,-17],[38,17],[0,36],[76,53],[19,89],[37,36],[38,0],[38,-36],[56,0],[57,53],[76,-35],[75,0],[94,35],[19,-17],[95,106],[0,53],[-19,71],[56,107],[114,36],[56,53],[57,-36],[75,0],[208,54],[95,0],[18,-18],[76,35],[94,-35],[95,18],[37,-71],[76,17],[19,36],[75,-36],[38,18],[76,-18],[37,89],[76,-18],[75,-71],[38,0],[19,-53],[57,-18],[56,36],[57,-71],[38,0],[56,71],[38,18],[0,53],[-38,35],[76,54],[0,124]],[[69902,71815],[56,-18],[151,36],[57,53],[76,53],[283,0],[94,-35],[38,35],[19,71],[94,18],[38,-106],[0,53],[19,71],[75,71],[57,0],[19,-53],[-19,-71],[-38,-18],[-94,-107]],[[71016,71655],[-38,53],[-76,36],[-75,18],[-19,53],[94,0],[38,-18],[76,54],[-38,35],[-19,53],[19,36],[113,18],[0,-71],[-57,-107],[0,-142],[-18,-18]],[[71204,69310],[0,89],[38,-35],[-38,-54]],[[71544,69310],[0,18],[0,-18]],[[72148,69222],[-19,17],[19,54],[57,35],[0,-89],[-57,-17]],[[71657,69275],[31,7],[-31,-7]],[[70242,67730],[-57,17],[-19,71],[19,18],[57,-53],[0,-53]],[[69241,74320],[76,17],[18,-89],[-18,-71],[75,-17],[19,-71],[-19,-36],[0,-71],[-38,-107],[0,-53],[-37,0],[18,-89],[38,0],[0,-53],[-19,-71],[-56,-71],[-76,-36],[-56,71],[-114,-35],[-37,-36],[-38,0],[-38,89],[38,18],[75,-18],[38,18],[57,-18],[0,89],[-19,36],[-76,0],[-19,17],[-113,-71],[-38,0],[-37,-35],[-38,-71],[19,-18],[-57,-71],[-38,-71],[19,-53],[-19,-36],[-94,-35],[-38,88],[76,18],[-19,53],[-76,0],[19,36],[76,53],[19,71],[-57,125],[-57,17],[-37,-35],[-57,53],[-38,-18],[-38,36],[-37,-18],[-38,-53],[-76,-18],[-18,-53],[-38,0],[-57,-36],[-19,71],[-37,0],[18,71],[76,89],[57,18],[0,35],[-38,72],[38,35],[0,71],[18,18],[76,-89],[38,36],[75,0],[76,17],[56,54],[38,-18],[57,18],[56,71],[57,17],[0,54],[76,17],[0,-35],[132,0],[75,18],[57,53],[94,53],[19,-17]],[[67372,73929],[-19,-107],[0,-89],[-56,54],[-19,71]],[[67712,73591],[-94,89],[-57,0],[-75,36],[-19,35],[19,53],[56,-17],[57,17],[38,54],[113,17],[0,-35],[75,-36],[19,-71],[-56,-53],[-38,-71],[-38,-18]],[[67939,73680],[-57,18],[0,35],[94,0],[-37,-53]],[[67051,73698],[57,18],[94,-107],[38,-71],[0,-53],[-57,0],[-94,35],[-75,142],[37,36]],[[67240,73591],[-19,71],[57,0],[-38,-71]],[[66976,73556],[38,53],[18,-53],[-56,0]],[[67561,73289],[0,71],[57,36],[0,-71],[-57,-36]],[[66051,73272],[-38,17],[-19,71],[57,0],[0,-88]],[[66768,73307],[-38,0]],[[65201,73041],[-37,71],[-19,106],[75,36],[38,-36],[0,-106],[-57,-71]],[[67467,73023],[-19,18],[19,53],[75,142],[19,0],[0,-124],[-38,-18],[-56,-71]],[[65787,72952],[-57,0],[38,71],[-38,53],[38,18],[94,89],[76,-36],[37,-53],[-37,-36],[-95,-35],[-56,-71]],[[65409,72827],[-94,72],[19,17],[0,71],[37,36],[19,53],[57,0],[0,89],[56,-36],[76,-142],[-57,-88],[-56,0],[0,-54],[-57,-18]],[[65277,70429],[0,36],[-57,36],[-19,35],[-75,18],[-95,-18],[-75,71],[-76,-35],[-56,35],[-38,53]],[[64786,70660],[38,-17],[132,71],[38,142],[0,53]],[[64994,70909],[19,53],[0,249],[18,36]],[[65031,71247],[19,159],[19,36],[0,71],[19,36],[0,159],[-38,-17],[-37,88],[0,36],[-57,36],[-38,0],[0,53],[-38,0],[-56,89],[-132,53],[-19,53],[-38,53],[-75,54],[56,18],[57,-36],[56,0],[0,-36],[114,-17],[56,-54],[0,-35],[38,-36],[57,18],[94,-35],[38,0],[19,35],[94,36],[57,-71],[38,35],[56,-18],[95,71],[37,54],[114,71],[-57,53],[0,36],[38,35],[37,-71],[38,36],[0,53],[57,-18],[75,53],[-37,89],[18,18],[57,-53],[38,17],[-57,54],[57,35],[56,-89]],[[65956,72454],[0,54],[38,0],[113,71],[38,71],[-19,71],[19,53],[-19,71],[38,0],[94,54],[0,-36],[-75,-53],[19,-36],[94,71],[19,36],[38,0],[0,-89],[-76,-53],[-56,-54],[19,-35],[75,0],[38,35],[38,0],[56,71],[57,18],[75,71],[0,54],[-37,88],[56,71],[19,-35],[57,18],[38,-36],[37,18],[38,71],[57,-53],[19,-54],[37,54],[76,-36],[38,-89],[75,71],[57,-88],[56,-54],[76,0],[38,0]],[[67316,72845],[56,18],[57,-18],[19,-18]],[[67448,72827],[56,36],[57,-18]],[[67561,72845],[38,36],[56,18],[-18,-89],[37,17],[0,72],[38,-18],[19,-54],[38,89],[19,0],[0,142],[18,0],[114,-177],[37,0],[-18,124],[37,18],[0,53],[57,89],[38,0],[113,-53],[38,-54],[0,-53],[-38,-71],[19,-89],[-38,-89],[57,-106],[56,-18],[38,18],[0,53],[38,0]],[[68354,72703],[0,124],[38,-53],[37,18],[38,-18],[57,53],[-57,107],[57,0],[37,-107],[38,-35],[38,-71],[57,35],[56,71],[38,-35],[0,-71],[38,-36],[19,-88],[-114,-72],[0,-71],[38,-53],[57,-53],[38,35],[37,-35],[114,-71],[75,35],[76,-53],[113,-107],[38,-17],[94,0],[75,-18],[38,35],[0,36],[95,-71],[18,-89],[57,0],[0,-53],[57,-89],[132,-71],[19,0]],[[67278,72863],[38,-18]],[[67316,72845],[-38,18]],[[67448,72827],[-19,0],[0,-17],[19,17]],[[67561,72845],[19,-18],[19,0],[0,18],[-38,0]],[[66145,73058],[-56,18],[0,53],[56,-17],[0,-54]],[[65862,72863],[0,53],[57,0],[-19,-53],[-38,0]],[[64937,72685],[-38,142],[38,0],[57,-88],[-57,-54]],[[65258,72508],[-38,17],[-56,107],[18,18],[95,-53],[19,-54],[-38,-35]],[[64937,72152],[-38,18],[0,54],[95,53],[37,0],[95,53],[0,-71],[-19,-18],[-57,18],[-56,-18],[-19,-53],[-38,-36]],[[64371,71229],[-19,71],[19,18],[56,-71],[-56,-18]],[[65164,69506],[-95,18],[-56,-18],[-57,-71],[-113,71],[-57,0],[-94,-89],[-76,18],[-56,35],[-19,36],[-114,-18],[-18,-89],[-57,-35],[-19,-54],[-38,-35],[-56,0],[0,-89],[-76,-53],[-56,0],[-95,53],[-38,-18],[-56,18],[-95,-18],[-75,18],[-76,36],[-75,-36],[-76,-71],[-113,18],[-94,35],[-57,-53],[-132,-71],[-94,0],[-95,89],[-113,18],[-57,-54],[-38,-71],[0,-53],[-18,-89],[-38,-35],[-38,0],[-38,-36],[-113,-18],[-94,89],[-57,0],[-38,-53],[0,-36],[-37,-53],[0,-53],[-57,-54],[-57,-17],[-37,-36],[0,-89],[18,-53],[-75,-53],[-57,-54],[38,-71],[-57,-35],[-56,-18],[-38,-53],[0,-142],[-19,-71],[-56,-18],[-95,0],[-94,-36],[-38,-106],[0,-53],[-19,-72],[19,-35],[57,-36],[-95,-88],[-56,-18],[0,-36],[-38,-35],[-19,-71],[38,-18],[56,-71],[19,-124],[-56,-54],[-95,-71],[-56,-142],[-95,-106],[0,-71],[-151,-54],[-56,0],[-57,-35],[-94,-18],[-95,35],[-56,-17],[-95,0],[-170,35],[-38,-18],[-94,0],[-113,54],[-38,-36],[-57,18],[-56,-36],[-38,-53],[-57,-18],[0,-53],[114,-53],[19,-53],[-38,-54],[19,-53],[56,-18],[-19,-89],[19,-71],[114,0],[18,-35],[-18,-36],[37,-142],[38,0],[94,-35],[95,-107],[38,-71],[-19,-71],[0,-53],[-19,-54],[-95,-53],[-56,0],[-95,-89],[-113,-35],[-75,-36],[-95,-17],[-94,-36],[-38,-53],[0,-36],[-56,-71],[0,-35],[-38,-36],[0,-107],[-19,-35],[19,-36],[19,-88],[-95,-18],[-75,0],[-57,-53],[19,-36],[-38,-53],[-37,-89],[-57,-18],[-57,-89],[-75,-71],[-57,-71],[-94,107],[-76,53],[-75,89],[-95,53],[19,71],[-75,-35],[-19,-54],[-38,-35],[76,-89],[18,-53],[0,-124],[38,0],[38,-54],[19,-53],[38,-36],[75,-17],[38,-160],[-19,-36],[19,-71],[-57,-106],[57,-71],[56,-89],[-18,-71],[0,-107],[56,-71],[-19,-53],[19,-107],[0,-53],[-19,-71],[19,-71],[-38,-36],[-75,0],[-94,-35],[18,-89]],[[59047,62756],[-37,18],[-95,-36],[-37,0],[-114,-53],[-56,-18],[0,53],[-38,18],[-38,71],[19,54],[-94,35],[-151,0],[0,-89],[-76,36],[0,53],[-38,18],[-151,0],[0,-53],[57,0],[57,-54],[-38,-18],[-132,-88],[19,-36],[94,36],[75,17],[0,-35],[-56,-36],[0,-53],[-76,0],[-56,18],[-57,-18],[-57,18],[0,106],[-37,54],[-19,53],[94,18],[57,53],[38,18],[18,53],[-113,53],[0,54],[19,71],[57,35],[19,-53],[-19,-36],[56,-71],[19,36],[38,-18],[0,-35],[94,35],[114,-71],[19,36],[-95,88],[-75,18],[-76,0],[-57,125],[0,106],[-37,18],[0,53],[-76,-53],[0,71],[-19,35],[19,36],[0,89],[-56,-18],[-19,53],[-76,-17],[-56,17],[-19,-53],[-38,71],[-57,-18],[-75,54],[-57,0],[-19,-54],[38,-71],[-57,-35],[-18,-71],[-38,-36],[-76,0],[19,53],[57,0],[19,54],[0,53],[37,18],[0,53],[-37,18],[56,53],[-19,53],[76,18],[-19,-53],[19,-18],[57,36],[37,-71],[76,0],[0,53],[75,-53],[57,35],[57,0],[56,36],[-38,71],[-37,35]],[[57934,63857],[-38,54],[75,35],[-18,89],[-57,35],[19,36]],[[57915,64106],[113,53],[76,-35],[18,71],[-37,53],[-95,18],[-132,0],[-38,-53],[-75,35],[19,71],[-76,36]],[[57688,64355],[38,124],[38,-18],[38,36],[75,0],[-19,35],[-75,54],[-57,17],[0,54],[-57,71],[-37,17],[-95,-17]],[[57537,64728],[57,17],[38,36],[37,-36],[133,-35],[37,18],[0,-107],[19,-53],[95,-18],[18,-71],[38,-18],[76,36],[0,71],[37,-18],[0,-71],[57,35],[-19,89],[-113,54],[94,0],[-19,53],[38,18],[19,53],[38,0],[132,35],[0,71],[76,-53],[0,53]],[[58425,64887],[-76,54],[-57,71],[-37,0],[-19,35],[113,54],[19,35],[-19,36],[-132,-54],[-76,0],[-19,54],[-75,17],[-57,36],[-37,-89],[0,-53],[-38,0],[56,142],[38,36],[0,71],[95,53],[37,53],[132,0],[0,53],[-94,36],[-38,0],[-56,-36],[-19,89],[-76,-71],[-75,18],[-19,-53],[-76,-18],[-75,18],[-57,71],[-37,-54],[-19,-71],[-76,18],[-56,36],[0,35],[-38,36],[-38,-18],[-57,18],[-37,-18],[-19,35],[38,36],[18,71],[76,0],[19,53],[75,0],[19,54],[57,0],[-19,53],[-57,0],[57,124],[-19,36],[-57,-54],[-18,-35],[-76,-36],[0,54],[-19,53],[-38,18],[0,35],[114,71],[-38,125],[-57,0],[95,89],[56,-36],[0,71],[57,71],[-57,18],[76,71],[-57,18],[-132,0],[19,71],[57,-18],[0,53],[-57,18],[-38,-18],[-38,-71],[-37,18],[0,35],[-57,54],[-75,53],[18,-89],[-18,-18],[-76,18],[-94,-18],[0,-35],[-38,-71],[-38,35],[-19,89],[-38,0],[-75,-71],[-57,-124],[-37,0],[-95,-36],[-56,-35],[-57,-71],[-76,0],[-132,-71],[-132,-18],[-94,-107],[-76,-53],[-38,-107],[-75,-35],[-38,-53],[-38,17],[-37,-17],[-95,-18],[19,89],[38,35],[57,18],[-19,71],[-132,-18],[-38,-35],[-76,-18],[-19,-36],[-37,0],[-95,-71],[0,-53],[-75,-53],[-57,-18],[-56,-35],[-38,0],[56,35],[76,107],[94,88],[76,36],[75,53],[0,18],[76,71],[56,18],[133,124],[94,-124],[0,124],[57,-35],[56,-71],[76,71],[0,35],[-114,89],[57,36],[76,-89],[37,0],[0,53],[-37,71],[75,18],[57,-36],[38,107],[94,-89],[57,0],[0,53],[18,54],[38,17],[38,-17],[19,35],[38,-18],[37,-71],[76,54],[0,53],[-57,53],[113,0],[38,54],[76,35],[75,0],[0,36],[76,17],[19,36],[37,0],[19,35],[132,36],[38,53],[113,54],[57,35],[94,89],[95,18],[56,88],[38,18],[0,53],[76,107],[37,36],[19,53],[95,71],[37,89],[76,0],[38,53],[75,36],[19,-18],[113,71],[265,89],[132,71],[189,142],[56,71],[57,18],[94,106],[76,160],[19,89],[113,71],[38,106],[-19,107]],[[59312,68813],[-76,160],[57,53],[-38,36],[38,106],[0,54],[38,71],[56,17],[0,71],[38,18],[-38,18],[-56,71],[0,53],[37,71],[19,71],[57,-17],[94,0],[114,35],[18,53],[0,72],[76,230],[0,160],[19,54],[19,106],[75,36],[76,0],[37,71],[95,53],[38,36],[56,17],[19,54],[57,17],[37,71],[57,36],[57,-18],[75,18],[76,53],[75,-35],[57,35],[0,125],[38,17],[19,54],[-19,17],[0,71],[-95,36],[-75,-18],[-38,71],[132,0],[57,-17],[56,53],[19,89],[38,0],[38,-36],[19,-53],[37,-36],[38,0],[19,-53],[57,36],[37,-143],[57,-71],[19,-53],[57,-89],[18,18],[76,-53],[19,-71],[56,-18],[-18,-36],[37,-53],[19,-71],[76,-142],[37,-89],[57,-89],[0,-35],[94,-125],[38,-71],[76,-53],[38,53],[75,-53],[38,0],[0,-71],[38,-35],[113,35],[94,53],[38,0],[132,36],[19,18],[226,35],[0,36],[57,0],[38,53],[-19,71],[38,53],[37,0],[0,-106],[57,18],[-19,71],[19,35],[76,18],[18,-53],[57,17],[76,0],[75,71],[38,18],[38,-35],[0,-54],[37,-17],[0,88],[38,0],[38,-53]],[[63276,70234],[38,-35],[94,17],[94,36],[38,35],[57,-17],[38,17],[18,-35],[133,0],[56,-53],[57,35],[113,-71],[113,-35],[76,0],[38,35],[37,-18],[57,36],[38,53],[56,0],[38,53],[38,18],[-76,71],[76,36],[57,-18],[56,89],[19,18],[19,0],[57,88],[18,0],[57,71]],[[60897,71691],[-56,17],[0,89],[-38,18],[76,107],[37,0],[19,35],[95,-35],[56,35],[0,89],[19,53],[-19,36],[19,35],[-38,36],[-75,-36],[-38,0],[-19,36],[19,35],[57,18],[37,-18],[19,36],[-37,71],[18,53],[57,-18],[113,71],[76,-17],[56,-54],[0,-35],[57,-107],[19,-53],[57,-18],[-19,-106],[0,-107],[37,-53],[-151,-89],[-56,18],[-132,0],[-57,-54],[-75,-17],[-133,-71]],[[62408,72028],[-38,18],[0,89],[19,35],[-38,71],[75,54],[19,53],[95,71],[37,-89],[-37,-89],[-114,-71],[0,-53],[38,-18],[-56,-71]],[[62238,72152],[-38,18],[-38,89],[0,89],[38,18],[19,-54],[56,-71],[0,-71],[-37,-18]],[[61955,72046],[0,89],[-19,35],[37,54],[38,88],[57,18],[75,-124],[19,-54],[-94,-71],[-57,0],[-56,-35]],[[62257,71957],[-19,71],[37,89],[38,35],[38,-17],[0,-54],[-38,0],[-19,-53],[19,-18],[-19,-53],[-37,0]],[[60841,72064],[-19,0],[19,0]],[[62068,71993],[0,53],[38,35],[56,0],[38,-35],[-57,-53],[-75,0]],[[61822,71691],[-56,88],[-38,18],[-76,-89],[-75,107],[-57,-18],[-37,36],[0,35],[75,18],[-57,53],[38,54],[76,-18],[189,53],[0,-106],[56,-54],[57,18],[38,-35],[-95,-54],[57,-71],[-19,-18],[-57,18],[-19,-35]],[[60746,71637],[-75,0],[0,71],[-19,36],[38,35],[56,-142]],[[62785,71637],[-19,18],[0,89],[38,0],[19,-89],[-38,-18]],[[60425,71584],[-113,107],[57,53],[56,-53],[57,17],[19,-35],[-76,-53],[0,-36]],[[61350,71104],[-18,18],[-114,0],[76,107],[-57,35],[19,54],[-19,17],[57,54],[19,71],[75,-54],[0,54],[-38,106],[-37,0],[-38,36],[0,35],[38,18],[19,53],[37,18],[151,-35],[38,17],[38,-35],[19,-89],[37,-35],[38,0],[57,35],[75,18],[0,-53],[-56,-54],[0,-35],[-76,0],[-38,-18],[-18,-71],[-57,-53],[-57,-18],[-56,-89],[-38,-18],[-19,-53],[-57,-36]],[[63068,71549],[-37,53],[0,35],[75,-35],[-38,-53]],[[61199,71389],[-113,17],[0,36],[38,18],[57,-36],[18,-35]],[[57934,63857],[19,-53],[-76,18],[57,35]],[[57915,64106],[-57,35],[-56,0]],[[57802,64141],[56,36],[57,0],[19,-36],[-19,-35]],[[62294,71069],[-37,18],[0,53],[56,-36],[-19,-35]],[[58727,69950],[-57,35],[0,54],[-94,89],[75,0],[19,35],[132,124],[57,0],[37,54],[19,53],[57,0],[-19,-71],[38,-53],[0,-71],[-57,0],[-38,-36],[19,-35],[38,17],[38,-71],[-76,-53],[-56,18],[-95,-18],[-37,-71]],[[63351,70270],[-18,35],[-57,18],[19,53],[94,18],[0,-89],[-38,-35]],[[58368,70074],[-57,54],[38,35],[-19,107],[38,17],[38,-17],[19,35],[75,0],[0,-53],[-38,0],[-56,-124],[-38,-54]],[[58066,70128],[19,0]],[[58085,70128],[-19,0]],[[58085,70128],[19,35],[-19,36],[37,71],[133,0],[-38,-54],[-76,-71],[-56,-17]],[[59255,70092],[-19,53],[38,18],[38,-53],[-57,-18]],[[59066,70003],[-56,53],[19,54],[56,53],[76,-35],[0,-107],[-38,18],[-57,-36]],[[58292,69826],[-75,35],[19,36],[94,-18],[38,18],[75,-18],[-151,-53]],[[59142,69435],[-38,0],[0,53],[19,71],[0,53],[-38,54],[0,53],[57,-18],[56,18],[0,53],[114,36],[-38,-71],[0,-71],[-38,-18],[-38,18],[-37,-18],[0,-53],[56,-54],[-19,-71],[-56,-35]],[[57141,65971],[-38,71],[38,36],[0,-107]],[[57254,65882],[-38,36],[19,35],[57,-18],[-38,-53]],[[58236,64816],[-76,71],[38,36],[19,53],[38,-17],[56,-89],[-56,-18],[-19,-36]],[[57216,64728],[57,17],[57,54],[37,17],[19,-53],[-56,-18],[-57,-35],[-57,18]],[[57537,64728],[19,-36],[57,-35],[-19,-36],[-76,-18],[-37,36],[-19,89],[38,17],[37,-17]],[[56820,64426],[-38,53],[-94,-18],[-19,36],[0,89],[75,-89],[38,35],[76,18],[0,-71],[-38,-53]],[[56820,64426],[57,-18],[56,0],[-19,-53],[-56,17],[-38,54]],[[57726,62863],[57,53],[75,18],[0,-36],[-94,-35],[-38,0]],[[69090,67161],[-38,-18],[-37,-35],[0,-36],[-57,-35],[0,-71],[19,-18],[-113,-107],[-19,-53],[-57,-71],[-57,-107],[-37,-53],[0,-89],[-38,-88],[-76,-125],[-75,-195]],[[68505,66060],[19,-71],[-57,-125],[0,-53],[-19,-53],[-56,-320],[-19,-89],[-19,-35],[0,-196],[-19,-71],[-57,-35],[-56,142],[-114,142]],[[68108,65296],[-37,71],[-95,18],[-75,-36],[-19,18],[0,142],[-38,89],[-113,53],[-38,36],[-56,106],[-76,89],[-94,18],[-38,53],[19,54],[0,106],[-38,71],[-94,71]],[[67316,66255],[-114,36],[-132,71],[-94,35],[-113,160],[18,71],[-56,89],[-151,53],[-132,36],[0,18],[-95,17],[-94,0],[-113,18],[0,36],[-114,17],[-245,18],[-76,0],[-75,18],[0,71],[-38,53],[-113,18],[-38,-18],[-189,0],[-56,-17],[-359,-71],[-132,-36],[-94,-36],[-95,-71],[-56,0],[75,71],[-57,0],[19,143],[19,53],[-38,18],[-18,-36],[0,-71],[-95,-35],[19,-54],[38,-53],[38,-89],[75,0],[-226,-89],[-170,-89],[-76,-53],[-113,-35],[-76,-36],[-37,-53],[-38,35],[-76,-17],[-19,-71],[-37,-18],[-76,53],[-113,0],[38,-35],[-95,-89],[-19,35],[-56,-17],[-38,17],[-57,-17],[-18,-54],[56,-89],[0,107],[57,-18],[0,-53],[38,-18],[0,71],[56,-35],[19,53],[94,36],[19,71],[38,-18],[19,-53],[57,35],[37,0],[19,36],[57,-54],[56,0],[-18,-71],[-95,0],[-19,-71],[-56,36],[-19,-54],[-38,36],[-75,-53],[-95,-36],[-19,36],[-94,-36],[-170,0],[-38,-53],[-75,-36],[19,-89],[-19,-88],[-38,0],[0,88],[-38,54],[-94,-36],[-38,18],[57,71],[-57,71],[0,-89],[-94,-35],[0,-36],[-38,-53],[-76,-18],[19,-53],[0,-71],[-37,-71],[0,-53],[-114,0],[-37,-18],[18,-54],[38,-35],[113,-53],[-75,-36],[-57,-71],[38,-35],[-19,-107],[38,0],[38,36],[37,-36],[-37,-36],[19,-53],[37,-35],[-94,-71],[0,-36],[38,-35],[-19,-36],[19,-53],[-38,-36],[-57,-18],[-19,-142],[-113,-35],[-38,-71],[57,-89],[0,-107],[-38,-35],[-56,71],[0,35],[-76,18],[-56,-35],[-76,-89],[-38,-107],[-56,-71],[0,-35],[-38,-54],[-57,-124],[-56,-18],[-57,-35],[-57,-54],[19,-35],[-19,18],[-18,-54],[0,-53],[-38,-18],[-57,-159],[19,-89],[-76,17],[-56,72],[-95,0],[-75,17],[-113,-53],[-95,-124],[-37,-71],[0,-54]],[[61181,63253],[-38,-106],[38,-36],[-38,-35],[-38,-142],[19,-36],[0,-142],[38,-36],[37,-71],[-18,-106],[18,-107],[-37,0],[-19,-53],[-38,-36],[-57,-17],[-132,0],[-37,-36],[-38,-35],[38,-36],[0,-107],[18,-35],[-18,-36],[-38,0],[19,-88],[75,-89],[76,-36],[151,-53],[0,-36],[56,-124],[38,-18],[-19,-71],[19,-71],[19,-124],[-57,-18],[-75,0],[-38,53],[-57,18],[-56,0],[-57,-18],[0,54],[38,71],[-57,71],[-37,0],[-19,53],[37,53],[0,36],[-75,-89],[-38,53],[0,54],[-19,53],[-37,-36],[-114,36],[-94,0],[-38,18],[-94,-18],[19,-36],[-38,-106],[-38,18],[0,35],[38,71],[-38,18],[-19,18],[-132,-54],[-38,-53],[0,-53],[-56,-53],[-57,17],[0,-71],[-75,0],[0,-35],[-76,0],[-38,71],[-37,-18],[-57,53],[-38,-53],[-38,-18],[-37,54],[-38,88],[-38,0],[-56,36],[-38,89],[-76,53],[-94,-35],[-76,0],[19,-54],[-19,-35],[-75,35],[-38,-35],[-57,0],[-37,-36],[19,-71],[-76,18]],[[58953,61637],[0,53],[-38,53],[19,36],[-19,53],[38,36],[57,0],[-19,71],[0,71],[56,53],[57,36],[-19,53],[57,0],[-57,89],[57,71],[56,53],[57,18],[0,35],[38,54],[75,18],[0,-89],[76,0],[0,53],[-57,36],[19,35],[38,0],[0,53],[-38,18],[19,71],[-38,18],[-19,71],[-37,0],[0,-53]],[[59331,62703],[-76,17],[-38,0],[-37,18],[-38,-18],[-19,0],[-19,0]],[[59104,62720],[-57,36]],[[67316,66255],[18,0],[-18,0]],[[58953,61637],[-57,0]],[[58896,61637],[57,0]],[[59104,62720],[19,-17],[-19,17]],[[59331,62703],[18,-36],[-56,-18],[-38,18],[0,36],[76,0]],[[57990,61832],[0,36],[38,53],[57,-18],[-19,-53],[-76,-18]],[[58368,61175],[-19,18],[57,71],[0,35],[-38,36],[0,124],[57,36],[113,-89],[-19,-53],[19,-89],[-113,-53],[-57,-36]],[[45078,64266],[0,53],[-37,160],[19,71],[-76,53],[-19,107],[19,35],[113,36],[76,53],[38,0],[0,71],[-57,54],[38,53],[56,-36],[38,36],[-19,53],[19,53],[57,0],[0,-53],[56,-18],[38,18],[19,53],[0,71],[57,0],[18,89],[-37,36],[37,35],[38,-17],[0,-71],[-19,-54],[57,-71],[38,18],[-19,71],[38,53],[94,36],[-76,53],[19,53],[151,18],[19,89],[-56,53],[37,54],[76,-54],[38,18],[19,89],[113,0],[56,35],[57,142],[0,196],[-19,195],[-19,107],[-19,35],[-132,54],[-94,-36],[-94,-53],[-38,18],[-95,-89],[0,-36],[-94,-35],[-38,-71],[0,-36],[-38,-18],[-75,18],[-38,-18],[-19,36],[38,53],[-57,36],[-56,71],[-57,18],[-56,-18],[-57,71],[-76,-18],[-75,71],[-38,0],[-19,36],[-75,71],[-57,0],[-38,35],[-56,-18],[-132,125],[-95,-18],[-38,-36],[-132,54],[-56,-18],[-95,36],[-56,0],[-38,-36],[-38,-71],[-113,0],[-38,53],[-56,18],[-76,-36],[-94,36],[-114,0],[-37,-36],[-57,-17],[-94,0],[-38,17],[-95,-17],[-75,0]],[[43153,66593],[0,35],[57,107],[-19,35],[75,18],[38,36],[113,35],[19,-18],[76,36],[151,0],[37,18],[19,71],[-56,18],[113,71],[57,17],[37,54],[38,88],[-57,18],[-75,-71],[-38,36],[-56,17],[-57,-71],[-19,36],[76,71],[18,35],[-37,54],[-76,-18],[-19,-36],[-56,-17],[-19,71],[-57,18],[19,53],[57,18],[56,0],[0,71],[95,-54],[37,0],[95,36],[94,89],[0,53],[-38,35],[19,54],[57,35],[38,-17],[56,17],[95,54],[56,71],[0,106],[19,18],[76,-53],[75,-71],[0,-36],[-38,-18],[0,-35],[-37,-18],[37,-53],[19,-71],[132,-54],[114,18],[19,-53],[-57,-71],[0,-53],[38,-36],[170,0],[75,53],[0,54],[57,17],[38,-17]],[[44909,67499],[113,0],[38,-18],[56,18],[57,53],[56,-18],[19,-53],[19,0],[38,18],[-57,71],[95,35],[37,-18],[-37,36],[37,107],[-18,35],[37,53],[19,18],[57,-35],[0,53],[-57,0],[-56,35],[94,36]],[[45456,67925],[75,18],[19,35],[-56,71]],[[45494,68049],[37,18],[0,71],[-56,0],[-57,-18],[-38,-53],[-75,-53],[-132,-36],[-57,-35],[-38,-125],[-94,71],[-38,-17],[-37,53],[-95,35],[-75,-17],[-38,17],[-38,107],[0,71],[57,18],[38,-18],[75,-178],[38,-17],[94,0],[189,71],[19,18],[151,88],[56,54],[57,88],[38,89],[38,-18],[113,72],[56,71],[76,124],[0,89],[19,53],[-19,71],[-57,53],[-56,-35],[-19,35],[19,89],[-38,89],[38,0],[19,-36],[56,0],[57,54],[57,124],[0,107],[94,0],[132,71],[57,71],[19,89],[75,35],[76,18],[56,0],[19,-71],[113,-18],[57,0],[170,18],[75,35],[151,89],[0,53],[38,89],[57,0],[56,107],[76,35],[94,0],[95,-71],[56,18],[95,0],[0,107],[94,0],[0,-36],[-57,-18],[0,-35],[57,0],[0,-36],[-94,-35]],[[47495,69808],[113,18],[19,53],[189,-18],[0,-18],[75,-35],[-19,-54],[0,-88],[-113,-89],[-132,0],[-38,-18]],[[47589,69559],[76,-18],[-170,-53],[-38,-18]],[[47457,69470],[0,-17],[208,53],[151,71],[56,35],[38,54],[0,106],[132,54],[76,17],[0,-35],[-38,-54],[94,18],[38,-18],[38,-53],[-38,-53],[0,-36],[94,36],[38,-36],[76,-17],[94,35],[57,53],[94,231],[38,18],[56,71],[0,18],[0,53],[76,-18],[103,17],[48,19],[38,-18],[19,36],[75,-18],[19,-36],[-38,-71],[19,-35],[-75,-36],[0,-71],[-38,-53],[0,-107],[-38,0],[-57,-35],[19,-53],[76,-18],[19,0],[-38,-124],[-38,71],[-38,0],[0,-107],[57,0],[-19,-124],[-38,17],[-37,-71],[-19,-71],[-113,36],[-19,-53],[56,-160],[76,17],[38,-17],[94,53],[38,-71],[-57,18],[19,-54],[-38,-35],[38,-36],[19,-53],[-57,-71],[38,-36],[75,72],[38,-72],[-113,-71],[19,-53],[38,-53],[56,35],[-19,-106],[38,-18],[38,-107],[75,-177],[95,0],[-19,-36],[19,-53],[56,-53],[0,-89],[38,0],[57,-71],[19,-89],[56,-35],[0,-36],[38,-36],[57,-17],[0,53],[37,0],[38,36],[57,-18]],[[49779,67712],[113,-36],[76,-35],[56,17],[95,-17]],[[50119,67641],[-57,-125],[-19,-71],[0,-88],[57,-54],[37,-53],[0,-107],[-75,-88],[-57,-36],[0,-89],[57,-35],[-38,-54],[-38,36],[-132,-36],[-56,18],[-19,-35],[-38,0],[-113,35],[-208,0],[-19,18],[-75,0],[-76,35],[-37,36],[-38,0],[-95,-71],[-75,18],[-170,-36],[-19,-35],[-57,-54],[-75,-53],[-38,0],[-75,-53],[-38,0],[19,-89],[-19,-71],[-38,0],[-38,-36],[-113,-35],[19,-53],[-38,-54],[0,-177],[-19,0],[-18,-107],[18,-71],[-37,-18],[-95,0],[-37,-35],[18,-71],[-75,-54],[-95,-88],[38,-54],[57,0],[38,-53],[-19,-18],[56,-160],[19,-71],[-75,-106],[38,-71],[-19,-36],[-57,-35],[-113,0],[-19,-36],[0,-106],[19,-18],[189,-36],[-76,-53],[-76,-71],[57,-53],[113,-89],[38,18],[38,-36],[75,-18],[-18,-71],[-38,-18],[-19,-53],[19,-106],[-57,-54],[-19,-142],[-37,-18],[0,-35],[-38,-53],[-95,-36]],[[48004,64017],[-94,36],[-57,53],[-132,35],[-19,18],[-94,0],[-57,54],[-37,0],[-19,35],[-95,53],[-37,71],[-57,-17],[-57,17],[-37,-17],[-95,0],[-19,88],[-56,0],[-76,-53],[0,-142],[-38,-53],[0,-89],[-37,-18],[-38,-53],[-57,53],[-56,-18],[-57,0],[-57,-17],[-56,35],[-170,0],[-19,-53],[-57,-18],[0,-71],[-19,-53],[-56,-36],[-57,0],[-75,-106],[-132,-54],[-57,-53],[0,-53],[38,-36],[19,-89],[37,-35],[19,-71],[-56,-53],[-567,0]],[[45418,63307],[-94,-18],[113,89],[-57,17],[95,89],[-19,54],[19,88],[19,18],[-95,249],[-132,53],[57,89],[-19,18],[-132,71],[19,71],[-19,35],[19,36],[-114,0]],[[43549,72046],[-18,53],[75,0],[-57,-53]],[[47344,70412],[-38,53],[57,0],[-19,-53]],[[47910,70252],[-38,18],[-38,71],[38,0],[38,-89]],[[47910,69861],[-57,18],[-188,0],[-19,89],[132,0],[56,17],[19,-35],[114,35],[75,-71],[-132,-53]],[[45513,69541],[-133,71],[19,54],[-19,53],[76,0],[57,-18],[56,53],[38,-53],[-38,-35],[-38,-107],[-18,-18]],[[45966,69612],[-38,18],[0,36],[-57,53],[19,18],[57,-36],[56,-89],[-37,0]],[[49194,69080],[-19,106],[-38,142],[57,18],[19,-36],[37,-230],[-56,0]],[[44342,68103],[-75,53],[19,35],[56,-17],[0,-71]],[[45494,68049],[19,-89],[-57,-35]],[[45456,67925],[-19,35],[-57,-35],[-18,71],[75,53],[57,0]],[[44758,67570],[-38,0],[-19,53],[19,53],[0,89],[56,-18],[38,-53],[0,-53],[-56,-71]],[[43228,67268],[-56,35],[19,54],[37,-54],[0,-35]],[[42077,67428],[-57,53],[-19,35],[38,107],[38,-36],[-19,-35],[19,-53],[38,0],[-38,-71]],[[42266,67463],[19,89],[37,-18],[0,-35],[-56,-36]],[[41435,67268],[-56,35],[-57,18],[19,36],[94,35],[76,0],[19,-53],[-19,-36],[-76,-35]],[[42152,67126],[-18,88],[56,71],[76,-71],[-38,-53],[-76,-35]],[[45078,64266],[-207,35],[-208,18],[-19,53],[0,54],[-56,53],[-76,53],[-75,89],[18,89],[-56,0],[19,-71],[-76,18],[-38,35],[-37,-18],[56,-53],[0,-35],[-56,-143],[-151,-106],[-57,-18],[19,-35],[-132,-89],[-132,-125],[-114,36],[0,53],[-37,0],[19,-71],[-19,-53],[-38,-36],[75,18],[95,-124],[-19,-36],[38,-71],[0,-35],[56,-36],[19,-53],[38,-18],[19,-106],[56,-89],[0,-54],[38,-35],[38,-89],[0,-53],[75,0],[19,-89],[76,-18],[19,-71],[-19,-53],[-19,0],[-76,-18]],[[44153,62969],[-132,36],[-94,0],[-94,17],[-38,54],[-95,-18],[-37,18],[-76,0],[-38,17],[-113,0],[0,36],[-57,53],[-94,0],[-94,89],[0,36],[-114,53],[0,53],[-113,0],[-56,53],[-38,89],[19,36],[-38,53],[-151,89],[-76,18],[-75,71],[-57,71],[-56,18],[19,53],[0,71],[75,35],[76,-17],[37,53],[0,71],[-37,53],[-57,160],[19,53],[-76,0],[-75,-35],[-38,18],[-76,-36],[-75,0],[-19,36],[-113,53],[-38,0],[-38,53],[-56,0],[-38,-35],[-113,71],[-19,35],[0,71],[-38,36],[-19,53],[38,71],[-19,53],[19,36],[-19,71],[-94,89],[-95,106],[-75,107],[-38,36],[38,106],[0,53],[56,143],[95,53]],[[41643,65687],[0,-18],[75,-35],[19,-54],[76,-71],[0,-35],[75,-107],[0,-35],[57,-18],[19,35],[56,0],[-37,54],[-95,17],[38,107]],[[41926,65527],[57,71],[-76,18],[0,35],[57,36]],[[41964,65687],[37,35],[0,125],[19,0],[38,71],[38,0],[0,106],[19,18]],[[42115,66042],[-19,89],[0,35],[-76,-35],[-132,71],[-56,-18],[0,53],[37,18],[-56,18],[-57,71],[-38,18],[-37,53],[-38,0],[-19,36],[-38,35],[38,36],[38,0],[37,-36],[38,18],[0,35],[-56,36],[-19,53],[56,18],[19,53],[38,-35],[57,-18],[18,-53],[76,-54],[-19,-71],[0,-53],[94,18],[0,35],[38,36],[0,53],[-38,71],[-56,-35],[-38,35],[38,54],[-38,53],[38,35],[-57,71],[0,54],[38,35],[38,0],[37,-71],[38,36],[-56,35],[0,54],[56,53],[-56,35],[0,89],[18,36]],[[42001,67197],[38,-18],[19,-71],[94,-36],[38,-53]],[[42190,67019],[19,89],[47,0],[-9,35],[38,18],[37,-35],[76,-18],[75,35],[0,-71],[114,-71],[56,18],[0,-71],[19,-36],[57,0],[0,-35],[-57,-18],[-94,-89],[19,-71],[-57,-35],[57,-54],[37,18],[57,71],[57,-53],[-38,-53],[0,-36],[-19,-35],[94,-36],[114,-53],[151,0],[75,18],[38,53],[-19,35],[19,54]],[[42719,67001],[-19,36],[38,53],[37,-35],[-56,-54]],[[42851,66610],[-38,54],[38,18],[19,-36],[-19,-36]],[[44153,62969],[-18,-18],[0,-160],[-57,-17],[-38,-36],[19,-35],[-38,-36],[-56,18],[-38,-18],[-76,-89],[-94,-35],[-38,-36],[-94,-53],[-38,18],[-56,-89],[-76,-36],[0,-35],[132,71],[57,0],[113,-142],[-75,-71],[18,-18],[76,71],[38,-18],[56,-53],[114,18],[56,-18],[57,71],[151,53],[75,54],[57,71],[113,-36],[76,18],[56,35],[19,-17],[57,17],[94,-35],[57,-53],[75,-36],[57,-71],[57,-160],[56,-89],[0,-35],[38,-18],[38,-106],[19,-18],[19,-89],[-38,-71],[19,-71],[0,-124],[-132,-160],[-57,-54],[19,-53],[56,-53],[0,-36],[-37,-89],[-38,-35],[-57,0],[0,-36],[-75,-53],[-132,-53],[-114,0],[-37,18],[-57,-36],[-57,-71],[19,-36],[-38,-35],[-50,-6],[-25,-12],[-76,-124],[-151,-36],[-18,36],[-57,0],[19,-71],[-38,0],[-38,-36],[-94,-17],[0,35],[38,36],[0,35],[-38,107],[-57,17],[-75,71],[-95,36],[0,231],[19,35],[-37,71],[18,-35],[133,0],[37,18],[19,53],[57,71],[94,36],[19,53],[76,35],[56,125],[-19,124],[-56,0],[-38,36],[-38,88],[38,71],[-76,72],[-56,17],[-19,-17],[-94,17],[-57,0],[-38,-35],[-75,-18],[-114,36],[-94,17],[-113,-53],[-95,-53],[-75,-89],[-95,-18],[-18,-53],[-57,18],[-38,-18],[-75,35],[-38,-71],[-19,54],[-113,35],[-57,0],[-56,-35],[0,-54],[37,-71],[-37,-53],[-38,0],[0,-53],[-57,-71],[-38,-18],[-37,-53],[-38,-18],[0,-71],[-76,-89],[0,-36],[-37,-106],[-76,-71],[-75,0],[-38,-53],[-38,0],[-19,-36],[-94,18],[-38,-54],[19,-88],[-76,-71],[-37,-54],[-95,-88],[-75,-36],[-57,-53],[-56,17],[-76,0],[-132,-88],[-19,71],[76,71],[37,18]],[[41416,60394],[57,17],[57,36],[94,89],[19,71],[0,53],[56,71],[19,71],[38,36],[38,0],[0,124],[19,89],[-38,17],[-38,-35],[-56,0],[-19,53],[56,0],[57,54],[19,71],[75,0],[-19,-89],[19,-54],[38,0],[57,72],[19,53],[18,106],[57,18],[0,36],[76,89],[-19,35],[-38,0],[-19,-53],[-38,-54],[-75,-17],[-76,-36],[-19,-35],[-37,17],[37,89],[0,107],[-56,-53],[-57,35],[38,53],[-19,36]],[[41756,61566],[-57,35],[0,89],[-56,18],[0,53],[-57,54],[-75,35],[-19,36],[38,88],[-19,36],[-114,-18],[-94,-71],[-38,71],[-56,36],[0,53],[-38,35],[-76,-35],[0,53],[-56,54],[-38,71],[-57,71],[19,53],[-19,71],[-56,89],[0,53],[-38,36],[0,71],[-38,17],[-19,71],[-56,18],[-19,-89]],[[40718,62720],[-19,54],[19,53],[0,71],[-76,36],[19,88],[-19,36],[0,71],[38,53],[57,36],[19,-18],[37,-18],[0,18],[-19,0],[0,89]],[[40774,63289],[19,-18],[19,71],[-38,53],[0,71],[-18,72],[18,35],[57,-18],[38,89],[-19,53],[57,54],[18,88],[38,54],[-38,35],[19,54],[57,-18],[57,-53],[18,17],[95,-53],[38,-71],[56,0],[38,-89],[-38,-18],[0,-53],[114,53],[18,-35],[57,-36],[0,-35],[-75,-36],[-76,-142],[-19,-89],[57,-17],[-19,-54],[19,-53],[0,36]],[[41341,63236],[19,-18],[19,35]],[[41379,63253],[37,0],[19,54],[0,35],[38,89],[38,-53],[56,0],[57,-36],[57,0],[56,-71],[38,-18]],[[41775,63253],[-19,-17]],[[41756,63236],[76,-72],[0,-88],[-95,-36],[19,-35],[38,-54],[0,-195],[-38,-71],[-57,18]],[[41699,62703],[-18,35],[18,71],[-18,36],[0,106],[-76,-35],[0,-142],[38,-89],[-38,-53],[38,-36]],[[41643,62596],[38,36],[37,-36],[0,-53],[38,-18],[-38,-89],[-37,0]],[[41681,62436],[-19,54],[-19,-72],[56,-106],[57,18],[76,-54],[37,-71],[38,18],[76,-107],[37,72],[-19,35],[38,36],[19,-71],[38,35],[38,0],[0,71],[56,53],[-19,36],[57,18],[38,-54],[19,89],[37,-18],[57,-88],[38,17],[19,-35],[75,-36],[76,36],[75,-53],[-19,-36],[57,-35],[38,35],[37,-53],[0,-54],[57,0],[57,18],[56,0],[0,36],[-56,35],[-38,71],[-38,18],[-38,53],[-94,54],[19,53],[0,53],[-94,18],[0,53],[37,36],[-56,35],[-95,107],[-19,71],[19,124],[-19,54],[0,53],[95,71],[0,35],[38,18],[0,36],[-38,53],[0,71],[19,36],[-76,53],[-75,89],[-19,-18],[-57,71],[-75,71],[-19,36],[-38,0],[-76,53],[-75,-18],[-57,0],[-56,-89],[-57,-17],[-19,-54],[-38,-17],[-37,17],[37,89],[-37,18]],[[41813,63662],[56,0],[57,35],[-76,54],[-56,-36],[-38,53],[-57,0],[0,54],[-37,35],[-57,0],[-38,-35]],[[41567,63822],[-37,17],[-38,-17],[0,71],[-57,0],[19,-71],[57,-36],[0,-71],[-38,-53]],[[41473,63662],[-38,0],[-19,53],[-75,0],[-19,71],[0,53],[-19,89],[-38,54],[0,35],[95,-35],[37,35],[-37,53],[0,71],[37,18],[19,-71],[38,53],[76,36],[-38,36],[-38,0],[38,71],[38,0]],[[41530,64284],[-38,17],[-76,0],[-37,-17],[-38,-71],[-38,35],[-38,-35],[-56,71],[37,124]],[[41246,64408],[-75,53],[-19,-18]],[[41152,64443],[-38,-35]],[[41114,64408],[19,-107],[0,-71],[19,-71],[0,-71],[-38,18],[-38,-18],[-37,18],[-76,-18],[-19,36],[-37,0],[18,-89],[-37,-36],[-38,71],[-19,71],[19,54],[38,-18],[75,0],[19,36],[0,35],[38,36],[-76,71],[0,17],[19,36],[-38,35]],[[40925,64443],[-18,18]],[[40907,64461],[-19,-18],[-38,36],[-57,18]],[[40793,64497],[-37,-18],[-19,35],[56,54],[19,18]],[[40812,64586],[-19,0],[38,53],[-75,18],[0,88],[-57,-17],[19,-36],[-57,-53],[-56,53],[0,36]],[[40605,64728],[-95,-18],[-19,53],[38,53],[-19,36]],[[40510,64852],[-19,-53],[-37,17],[-38,-35],[-38,0],[-19,35],[-38,-17],[-18,17],[-38,18],[0,-18]],[[40265,64816],[-38,0]],[[40227,64816],[0,18],[0,53],[-19,36],[76,-18],[0,89],[-57,0],[0,36],[38,35]],[[40265,65065],[0,18],[19,53],[37,36],[76,17],[0,160],[75,71],[-94,18]],[[40378,65438],[-57,18],[0,35],[-75,89],[0,54],[75,-18],[-18,71],[18,53],[19,107],[-56,53],[56,71],[57,-18],[38,18],[0,-89],[37,36],[38,-36],[57,36],[75,-71],[114,17],[37,36],[38,0],[0,53],[57,54],[-19,53],[56,35],[19,-88],[-19,-125],[-18,-35],[56,-71],[38,0],[0,53],[75,0],[19,-89],[76,0],[57,18],[75,53],[57,53],[75,0],[38,-88],[75,53],[0,71],[57,18],[38,-36],[-19,-71],[19,-18],[0,-106]],[[39170,73343],[-57,35],[-37,53],[0,-17],[-19,0],[0,-107],[37,36],[38,-36],[0,-53],[-19,0],[0,-36],[-75,-53],[-38,-36],[19,-35],[75,35],[38,36],[57,18],[38,35],[0,-89],[-57,-35],[-57,0],[38,-124],[38,-18],[19,-107],[-38,-35],[19,-36],[0,-18],[19,71],[37,54],[19,-54],[38,-106],[-38,0],[-19,-18],[0,18],[-37,18],[0,-71],[-57,53],[-57,0],[38,-71],[-19,-18],[0,-18],[19,-17],[-19,-54],[-37,36]],[[39076,72579],[-19,-36],[0,-35],[-57,-36],[-19,-35],[-38,17],[38,54],[-19,17],[-56,-35],[-38,18]],[[38868,72508],[0,-18],[-38,18]],[[38830,72508],[0,17],[0,18]],[[38830,72543],[-38,36]],[[38792,72579],[-56,35],[0,18],[0,18]],[[38736,72650],[37,0],[0,53],[38,18],[0,-89],[57,-53],[19,35]],[[38887,72614],[44,42],[31,65]],[[38962,72721],[19,18]],[[38981,72739],[0,17],[-19,0]],[[38962,72756],[0,54],[-37,35]],[[38925,72845],[-19,36],[56,35],[-37,36],[-76,18],[-19,-36],[-19,-53],[-38,-36],[-56,-53],[-57,-18],[0,53],[38,0],[-38,107]],[[38660,72934],[-19,36],[76,53],[-19,35]],[[38698,73058],[-38,-17],[-38,-36],[-56,36]],[[38566,73041],[0,-89],[-19,-71],[57,0],[18,-36]],[[38622,72845],[-18,-35],[-57,17],[-19,-17],[-49,49],[-83,-14],[-19,-18],[-75,0],[-57,18],[-38,54],[38,35],[75,-18],[0,-35],[38,-18],[38,89],[38,0],[56,53],[19,71],[-19,36],[0,213],[-19,35],[76,0],[-57,71],[19,36],[19,18],[76,0],[37,35],[57,53],[-19,36],[0,-18],[-57,-53],[-75,0],[-57,35],[38,54],[-38,18],[38,53],[0,53],[38,0],[38,36],[0,53],[37,53],[-19,18],[38,53],[38,89],[38,-35],[37,71],[38,-18],[57,18],[38,35]],[[38906,74124],[-38,18],[-38,-36],[0,125],[-57,-18],[-37,89],[-38,0],[0,53],[-76,-71],[-56,18],[19,71],[37,18],[19,71],[38,53],[19,35],[-19,36],[38,89],[19,71],[37,71],[0,71],[19,35],[57,18],[19,-53],[113,53],[57,-35],[56,0],[114,-36],[-38,36],[57,124],[56,0],[0,53]],[[39283,75083],[19,54],[76,-18],[56,18]],[[39434,75137],[-75,106],[113,0],[94,89],[0,-53],[38,-36],[57,18],[56,-18],[-19,-106],[76,-18],[0,-53],[38,-18],[-38,-53],[-19,-18]],[[39755,74977],[-38,-36],[0,-35],[95,0],[-57,-125],[-57,0],[38,-71],[-75,-17],[-57,17],[-19,54],[-38,0]],[[39547,74764],[57,-71],[-19,-18],[-75,53],[-19,-18]],[[39491,74710],[38,-17],[94,-36],[38,-35],[37,0],[0,-72],[38,-17],[-56,-178],[18,-53],[-18,-36],[-76,-18],[38,-88],[-76,-107],[-37,-35],[-38,-89],[-95,-71],[-75,-71],[-19,0],[-57,-107],[-75,-71],[-38,-53],[-38,17],[-18,-35],[37,-71],[38,-18],[19,-106]],[[39076,72579],[-19,18],[0,17],[19,-35]],[[38868,72508],[0,53],[0,-53]],[[38887,72614],[19,0],[-19,0]],[[39793,75119],[0,18]],[[39793,75137],[0,-18]],[[38132,70945],[19,53],[-19,89],[-95,0],[0,53],[-75,18],[-57,-18],[-38,-36],[0,143],[-18,71],[37,88],[0,107],[38,36],[-19,35],[19,89],[0,18],[0,160],[19,88],[57,71],[-38,71],[56,160],[19,89],[-19,36],[19,88],[-19,107],[57,124],[57,-35],[56,18],[38,-71],[-19,-72],[-38,-71],[38,-17]],[[38207,72437],[38,-18],[151,106],[0,-35],[-38,-36],[76,-35],[19,89],[75,0],[19,-18],[-19,-53],[38,-36],[0,107],[-57,35],[-19,54],[-37,17],[56,36],[76,-53],[75,-72],[0,-88],[19,-18],[-38,-53],[38,-36]],[[38679,72330],[38,53],[0,-35]],[[38717,72348],[19,53],[37,36],[57,0],[57,0],[56,-18],[0,-53],[38,0],[19,88],[76,0],[18,-17],[0,53],[95,0],[38,-18],[-57,-89],[-76,-71],[-75,-53],[-45,50],[-49,3],[-57,-53],[-38,0],[-38,-71],[-37,-89],[37,-89],[-19,-71],[-75,-71],[-38,54],[-38,-54],[57,-35],[-38,-71],[-56,-71],[56,-18],[0,-53],[-37,0],[18,-71],[0,-72],[-56,36],[-19,-71],[19,-71],[-57,-18],[19,-53],[-19,-53],[-94,0],[19,-36],[-19,-53],[-38,-36],[-38,18],[-56,-53],[-57,53],[0,-124],[-57,17],[0,-53],[-37,-35]],[[39245,72543],[-18,71],[18,-71]],[[38811,72490],[19,18]],[[38830,72508],[-19,-18]],[[41020,69364],[-38,0],[0,71],[38,0],[0,-71]],[[41190,68262],[-38,36],[-76,0],[-37,18],[0,53]],[[41039,68369],[-57,36],[-38,17],[57,71],[0,36],[-113,106],[0,-35],[-57,-53],[-38,-18],[-19,53],[19,71],[-56,53],[19,36],[56,-18],[57,-18],[75,-17],[38,-36],[-19,53],[-19,36],[-113,53],[19,71],[-57,54],[76,0],[0,35],[-95,18],[38,53],[76,-18],[0,-53],[37,-26],[19,44],[76,0],[-57,53],[-38,89],[0,71],[-18,18],[37,53],[19,-18],[38,71],[57,18],[37,53],[38,0],[19,-53],[57,0],[75,-53],[95,0],[18,-18],[95,0],[38,-18],[-38,-53],[-19,-106],[-38,-72],[-56,-17]],[[41379,68991],[56,-36],[151,-71],[19,-35],[76,0],[-19,-36],[-38,18],[-132,0],[-57,-71],[57,-54],[38,36],[75,-18],[19,-53],[57,0],[0,-53],[-57,0],[0,-54],[-57,-53],[-75,0],[-57,18],[-94,-36],[-57,0],[0,-71],[-75,-71],[-19,-89]],[[41039,68369],[19,36],[-19,-36]],[[40661,68458],[0,71],[38,0],[19,-53],[-57,-18]],[[40189,66593],[-56,35],[-57,18],[-38,71],[-75,-107],[-76,54],[38,18],[75,88],[19,0],[57,71],[38,0],[38,36],[56,0],[0,-89],[19,-53],[57,18],[0,35],[94,0],[-38,-53],[-19,-53],[-75,-54],[-38,0],[-19,-35]],[[41284,66149],[-75,53],[0,53],[75,36],[76,18],[0,35],[-38,18],[57,53],[0,36],[37,35],[-19,36],[0,71],[38,0],[76,-54],[0,-106],[56,-89],[38,0],[19,-53],[-57,0],[-94,18],[-38,-18],[-38,-71],[0,-36],[-113,-35]],[[41246,66468],[-37,18],[-38,53],[57,0],[18,-71]],[[39925,66273],[-19,71],[94,53],[38,71],[19,0],[76,-71],[-57,0],[-19,-35],[-94,-36],[-38,-53]],[[39359,65758],[-95,53],[19,36],[57,160],[0,88],[38,54],[18,53],[0,142],[57,53],[19,-71],[-38,-35],[38,-36],[-38,-89],[38,-17],[19,-71],[-38,-54],[0,-71],[38,-89],[-19,-71],[-113,-35]],[[41775,65740],[-19,53],[-38,36],[0,35],[38,18]],[[41756,65882],[0,71],[19,36],[-38,53],[19,89],[57,53],[75,-53],[-19,-89],[57,-71],[19,36],[19,0],[75,-18],[19,-36],[-19,-35],[-94,-36],[-19,-35],[-94,0],[0,-36],[-57,-71]],[[39113,64479],[-37,0],[-19,35],[-114,54]],[[38943,64568],[57,35],[38,89],[56,-71],[0,-35],[57,0],[57,17],[37,-53],[38,36],[0,106],[-56,-18],[-95,89],[0,53],[19,71],[57,18],[19,54],[37,17],[76,-17],[38,-54],[37,0],[38,54]],[[39453,64959],[-38,17],[0,36],[-56,35],[-57,18],[38,53],[-38,54],[0,71],[38,-18],[75,53],[0,54],[132,35],[-37,36],[0,35],[-19,36],[0,88],[38,54],[-38,89],[19,53],[75,-18],[76,36],[56,-18],[38,35],[113,0],[38,71],[0,89],[76,18],[0,-107],[-19,-71],[37,-17],[57,106],[-19,53],[114,0],[37,36],[-19,53],[-132,0],[-19,-17],[19,71],[-56,17],[37,54],[38,0],[19,-36],[57,53],[56,0],[38,-53],[-19,-89],[38,-35],[-19,-36],[0,-89],[57,-53],[-132,-71],[-19,-89],[-114,-35],[-56,0],[0,-54],[56,-53],[38,-18],[-19,-71],[-113,0],[-38,-35],[19,-89],[-75,-18],[18,-35],[57,-54],[-19,-71],[-56,-53],[-38,-18],[0,-35],[-95,-125],[-37,-88],[-38,-18],[-38,18],[-56,-107],[-57,-71],[-94,-35],[-76,-18],[-57,-54],[-132,-35]],[[41756,63236],[19,17]],[[41775,63253],[-19,-17]],[[37679,65367],[18,-71],[-18,-35],[37,-54],[0,-53],[-56,-36],[-57,0],[19,-88],[-38,-18],[-151,35],[-38,18],[0,36],[-75,53],[-38,0],[-19,35],[132,125],[133,0],[56,35],[0,71],[95,-53]],[[40265,65154],[-19,-18]],[[40246,65136],[19,18]],[[37263,65012],[-75,35],[75,36],[19,-53],[-19,-18]],[[40246,65047],[19,18]],[[40265,65065],[-19,-18]],[[40208,64887],[-19,18],[19,-18]],[[37131,64568],[-19,18],[0,71],[-19,17],[-75,-17],[-19,35],[132,124],[38,18],[0,-71],[57,0],[56,18],[38,-18],[38,36],[37,-36],[-75,-35],[19,-71],[56,-18],[-18,-53],[-57,35],[-38,-18],[-38,54],[-56,-54],[-57,-35]],[[37641,64408],[-38,18],[-38,106],[19,71],[-56,142],[56,36],[57,-71],[19,-53],[0,-54],[-19,-53],[0,-142]],[[36961,64692],[-56,0],[19,89],[56,0],[19,-53],[-38,-36]],[[40378,64426],[38,35],[-19,53],[-38,54],[0,71],[76,-18],[-38,0],[0,-71],[38,0],[0,-107],[-57,-17]],[[36980,64443],[-38,0],[0,54],[38,17],[19,-35],[-19,-36]],[[40925,64426],[-18,35]],[[40907,64461],[18,-18]],[[40925,64443],[0,-17]],[[37188,61992],[-38,0],[-38,89],[0,160],[-19,53],[19,18],[0,18],[0,53],[38,18],[-19,53],[38,-18],[0,36],[-94,71],[0,35]],[[37075,62578],[0,54],[75,-54],[0,54]],[[37150,62632],[-19,53]],[[37131,62685],[-19,53],[-75,-35],[-38,0],[38,71],[38,17],[-38,89],[-76,-89],[-19,89],[-37,36],[-38,-53],[-57,0],[-19,35],[19,53],[38,54],[-38,17]],[[36810,63022],[57,36],[38,53],[19,-53],[18,53],[38,-18],[0,-53],[38,0],[57,71],[37,0],[38,-89],[0,107],[-19,53],[0,54],[-38,71],[0,71],[-18,35],[18,71],[38,54],[0,35],[113,0],[0,-142],[95,0],[19,35],[-57,72],[38,35],[-19,71],[-38,36],[38,35],[19,89],[94,35],[38,54],[19,106],[-57,0],[19,89],[-57,53],[38,18],[0,54],[57,177],[56,18],[-37,-89],[19,-35],[-19,-71],[-57,-54],[57,-71],[56,-53],[-19,-71],[0,-71],[-56,-160],[-57,-53],[19,-54],[-19,-53],[-38,-18],[0,-53],[38,-36],[-56,-53],[18,-106],[19,-18],[-37,-107],[0,-35],[113,0],[38,53],[18,-36],[38,18],[57,71],[75,54],[76,-18],[38,35],[37,-17],[19,17],[57,-17],[-38,-54],[0,-35],[38,-71],[0,-54],[-57,-17],[-19,-36],[-132,-71],[-56,-142],[-57,36],[-76,-18],[-18,71],[-76,53],[57,-124],[-38,-36],[19,-53],[-76,0],[0,-53],[-19,-89],[-56,-18],[-19,-53],[38,-36],[19,-53],[37,-18],[0,-89],[19,-53],[-19,-35],[-37,0],[-76,35],[-38,-18],[-19,36],[-37,-107],[0,-71],[37,-18],[-18,-53],[0,-71],[-38,0]],[[37150,62632],[57,-36]],[[37207,62596],[0,36],[-57,0]],[[40095,64213],[-38,0],[-94,53],[37,35],[38,0],[19,36],[57,0],[56,-18],[0,-71],[-56,0],[-19,-35]],[[40963,64230],[-19,18]],[[40944,64248],[19,0]],[[40963,64248],[0,-18]],[[40925,64266],[0,18],[19,-18]],[[40944,64266],[0,-18]],[[40944,64248],[-19,18]],[[40963,64248],[-19,18]],[[40944,64266],[19,-18]],[[40642,63680],[38,-36],[-19,-89]],[[40661,63555],[-113,-53],[-19,-53],[-57,0],[-75,35],[0,36],[38,89],[37,35],[38,71],[76,0],[37,-18],[19,36],[57,-18],[-57,-35]],[[40680,63466],[-19,54],[0,18],[0,17]],[[40661,63555],[38,-35],[-19,-54]],[[40246,63289],[-38,0]],[[40208,63289],[38,53]],[[40246,63342],[57,89]],[[40303,63431],[-38,0]],[[40265,63431],[-19,53],[94,0],[19,-18],[19,0],[38,-17],[-38,-71],[-38,-36],[-56,0],[-38,-53]],[[40246,63342],[9,-9],[-9,9]],[[38264,63200],[-19,89],[-57,-18],[57,89],[94,89],[0,-71],[38,0],[0,-89],[-57,-53],[-56,-36]],[[38962,63271],[-37,0],[0,71],[-19,36],[56,35],[38,-71],[-38,-71]],[[38000,63324],[-38,18],[-38,-18],[-38,54],[95,35],[37,0],[0,-71],[-18,-18]],[[40208,63289],[-75,18],[0,35]],[[40133,63342],[56,-18],[19,-35]],[[41360,63271],[19,0]],[[41379,63271],[0,-18]],[[41379,63253],[-19,0],[0,-17],[-19,0]],[[41341,63236],[0,17],[19,18]],[[36810,63022],[-19,-88],[-56,0],[0,53],[38,35],[37,0]],[[40548,62685],[-76,53],[-37,71],[0,71],[19,18],[56,-35],[57,0],[56,-18],[19,-71],[-94,-89]],[[36999,62188],[-57,35],[19,36],[0,35],[-56,53],[-19,-53],[-76,53],[-113,-35],[19,53],[-94,0],[56,53],[-38,36],[-37,142],[56,0],[57,-53],[38,-53],[37,0],[38,-36]],[[36829,62454],[-19,89],[-94,53],[19,71],[-38,18],[57,71],[19,53],[37,-35],[19,-54],[38,0],[19,36],[38,0],[18,-53],[57,-107],[38,-53],[-38,-71],[0,-284]],[[36829,62454],[0,-18],[0,18]],[[36603,62614],[-34,21],[34,-21]],[[36565,62638],[-38,-24],[-75,35],[-38,54],[19,53],[132,-71]],[[36565,62685],[0,-47]],[[36565,62685],[0,89],[75,17],[-18,-88],[-57,-18]],[[42417,62596],[-76,71],[0,53],[76,0],[38,-53],[0,-35],[-38,-36]],[[40472,62436],[-56,0],[56,71],[38,-35],[-38,-36]],[[36470,61868],[0,160],[-37,17],[-151,143],[-19,35],[-95,89],[0,-71],[-56,0],[-19,53],[0,53],[57,-17],[0,88],[37,0],[38,-53],[38,18],[56,-18],[38,-53],[-19,-18],[38,-53],[38,0],[0,53],[56,-18],[38,107],[57,0],[38,-142],[-38,-18],[0,-160],[-57,36],[-38,-54],[19,-53],[57,0],[-76,-124]],[[42492,62347],[-19,18]],[[42473,62365],[19,-18]],[[35848,61708],[-19,35],[19,36],[-38,71],[56,53],[0,36],[-37,53],[19,53],[-19,54],[19,35],[56,-53],[95,0],[0,-107],[18,-53],[38,0]],[[36055,61921],[38,18],[0,53],[-57,18],[0,71],[-37,35],[0,54],[56,-18],[57,-53],[38,-71],[37,17],[38,-17],[19,-71],[0,-71],[38,-36],[-38,-53],[-57,-36],[-37,-53],[-19,-89],[-76,0],[-38,-18],[-37,18],[0,36],[-57,53],[-57,18],[-18,-18]],[[36433,61850],[-38,18],[0,53],[38,0],[19,-53],[-19,-18]],[[35451,60269],[-57,0],[-56,36],[-38,106],[-57,89],[-113,0],[-19,-18],[-132,0],[-38,-17],[-56,35],[-76,0],[-56,-18],[-19,-35],[19,-53],[-76,17],[-38,-17],[-37,71],[-57,53],[-75,0],[-76,35],[57,89],[0,89],[75,-36],[19,-71],[76,-71],[18,-35],[95,18],[-19,53],[19,71],[-76,-53],[-37,17],[0,71],[37,0],[19,36],[38,0],[19,53],[38,18],[-57,53],[75,18],[0,53],[-37,71],[-57,18],[19,36],[0,71],[19,53],[38,36],[-95,88],[38,178],[-57,89],[19,53],[57,107],[56,35],[19,-35],[76,0],[19,-71],[94,-18],[-19,-107],[19,-35],[-38,-53],[38,-18],[57,18],[-19,35],[75,53],[76,-17],[38,-18]],[[35225,61495],[18,-36],[57,54],[-38,17],[19,36],[38,0],[0,71],[57,0],[0,-36],[37,-71],[0,-35],[0,-18],[19,-53],[38,-18],[0,71],[-19,36],[38,35],[75,36],[0,35],[-75,-35],[-19,-36],[-57,36],[57,124],[57,-18],[56,18],[-19,71],[76,36],[38,35],[0,-89],[-38,-53],[132,-124],[-38,-18],[-75,0],[38,-53],[37,0],[38,35],[38,-18],[19,-53],[56,36],[38,0],[38,-54],[-57,0],[-38,-106],[0,-89],[-18,-18],[37,-53],[38,-107],[132,-89],[57,-53],[19,-89],[37,0],[38,-35],[-19,-71],[-56,0],[-76,-18],[-94,18],[-151,-36],[-76,0],[-19,71],[-37,0],[0,54],[-38,0],[-132,-71],[-57,0],[-57,-89],[19,-36],[-37,-53],[75,-18],[76,-53],[37,-71],[-18,-71],[-38,0],[-57,-107]],[[36754,61459],[-57,18],[-57,0],[0,53],[57,54],[57,-18],[0,71],[-19,53],[38,107],[37,-18],[76,-107],[-38,-35],[0,-89],[19,-35],[-76,0],[-37,35],[0,-89]],[[36622,61601],[-57,0],[-19,71],[19,36],[75,-71],[-18,-36]],[[42813,61495],[-75,18],[-38,35],[0,36],[94,0],[-19,-54],[38,-35]],[[36055,61442],[-19,35],[57,36],[0,-71],[-38,0]],[[34394,61246],[-57,18],[0,89],[76,89],[38,0],[0,-54],[-57,-18],[19,-71],[-19,-53]],[[41567,61086],[-56,107],[-38,18],[-19,53],[76,-36],[37,-35],[0,-36],[38,-17],[0,-36],[-38,-18]],[[36206,61122],[-19,89],[38,0],[0,-89],[-19,0]],[[34545,60713],[-38,54],[-19,71],[19,53],[57,53],[0,53],[38,18],[37,-35],[-18,-36],[18,-35],[-56,-18],[19,-53],[-19,-54],[0,-53],[-38,-18]],[[41416,60802],[-37,71],[37,0],[19,-35],[-19,-36]],[[35866,60429],[-94,18],[38,35],[38,0],[18,-53]],[[36244,60180],[-76,18],[38,53],[38,-17],[0,-54]],[[41548,60092],[-18,35],[37,107],[76,-54],[-95,-88]],[[33224,56468],[-38,35],[-57,-17],[0,106],[76,-17],[38,-36],[-19,-71]],[[32884,56130],[19,18],[-19,-18]],[[32884,56130],[0,-17],[0,17]],[[50987,62099],[-38,-36],[-189,0],[-18,18],[-133,-36],[-18,-53],[-38,-18],[-19,-88],[-57,-54],[0,-53],[-37,-18],[-19,-53],[56,-36],[0,-35],[-37,-71],[-19,0],[0,-89],[-19,0],[-114,-107],[-37,0],[-76,-35],[-94,-89],[0,-89],[-38,-106],[0,-71],[-57,-18],[-75,53],[-57,-18],[0,-53],[-94,-106],[-19,-71],[-57,-36],[38,-53],[-19,-71],[0,-71],[19,-36],[-38,-106],[-56,-36],[0,-53],[-76,0],[-94,35],[-76,0],[-75,18],[-57,-36],[-37,-124],[18,-53],[-18,-18],[-76,0],[-38,-53],[38,-71],[0,-107],[-76,-35],[-37,-160],[75,-178],[-19,-35],[0,-71],[19,-107],[38,-36],[113,-177],[151,0],[38,-107],[-38,-53],[38,-18],[38,-71],[-38,-53],[0,-53],[113,-54],[57,-53],[57,-107],[-19,-17],[-38,-89],[-57,-107],[-37,-53],[-57,-53],[-38,-18],[-56,35],[-57,18],[-19,-53],[19,-36],[0,-71],[-38,0],[-19,-35],[0,-71],[19,-36],[57,0],[75,-53],[0,-89],[38,0],[57,-124],[94,-36],[19,-71],[0,-160],[19,-71],[-57,-53],[-151,53],[-75,-35],[-38,18],[-94,88],[-57,18],[-57,-18],[-38,36],[-56,-36],[-57,-88],[19,-36],[-75,-53],[-76,-71],[19,-89],[-132,-36],[-57,18],[-56,-18],[-38,36],[-76,18],[-56,71],[-38,-18],[-38,-53],[-94,-18],[-57,-53],[-38,-71],[-37,-36],[-38,36],[-76,17],[-94,-53],[-19,-36],[-57,36],[-188,0],[-57,18],[-75,-36],[-19,54],[-38,0],[-38,-36],[-38,71],[-37,-53],[-57,0]],[[47287,56930],[-113,35],[-113,89],[-57,36],[-19,35],[-94,53],[-19,107],[-57,0],[-113,36],[-57,71],[19,53],[-38,89],[-113,0],[19,-71],[-38,-54],[-38,-106],[-132,0],[-113,-36],[-19,-89],[-75,0],[-57,-17],[-19,35],[-56,18],[-19,-36],[-95,-17],[-19,35],[-37,0],[-19,-124],[-95,-36],[-94,-17],[-94,0],[-19,17],[-132,18],[0,36],[-57,71],[-38,88],[-38,18],[-56,71],[-76,54]],[[45097,57392],[38,71],[94,0],[-37,53],[19,71],[-19,18]],[[45192,57605],[-19,53],[38,18],[18,53],[38,0],[19,53],[76,89],[37,-35],[57,35],[57,0],[18,-35],[38,53],[-56,53],[-19,36],[56,35],[-37,71],[37,0],[19,36],[57,0],[0,53],[38,36],[-19,35],[56,18],[0,-53],[38,-36],[19,53],[57,0],[37,71],[38,36],[-113,0],[-38,142],[19,53],[76,0],[0,89],[18,36],[133,53],[-95,89],[38,53],[57,53],[18,54],[57,35],[151,160],[19,53],[57,0],[113,71],[0,36],[-57,124],[19,54],[-19,35],[38,53],[-132,0],[-38,36],[0,107],[38,35],[75,-18],[38,36],[-65,45],[27,8],[-151,107],[76,88],[38,18],[37,-18],[95,143],[37,71],[114,124],[37,53],[57,-35],[94,89],[0,17],[-94,89],[38,36],[94,17],[95,-88],[0,159],[-19,54],[-57,-18],[-38,-36],[-75,-17],[-57,0],[-94,-54],[-76,-17],[-56,0],[-76,17],[-75,-17],[-57,17],[-113,-35],[-57,-53],[-170,0],[-75,-18],[-57,-36],[-38,18],[19,53],[-38,54],[-37,17],[56,54],[57,35],[57,18],[132,107],[38,0],[75,35],[113,36],[38,35],[57,124],[37,18],[57,71],[132,36],[38,35],[75,18],[-18,71],[0,53],[18,107],[-18,71],[-38,71],[0,89],[19,0],[37,89],[38,18],[-56,53],[-19,71],[-57,18],[-19,88],[-75,18],[19,89],[-57,53],[-38,-35],[-207,53],[-38,0],[-19,124],[38,71],[-189,107],[-132,89],[-19,-36],[-57,0],[-56,54],[-57,35],[-19,53],[19,36],[-19,35],[-38,160],[-19,231],[-37,54],[-57,0],[-19,71]],[[48004,64017],[38,-71],[113,0],[19,-35],[57,17],[75,-35],[19,-71],[38,-18],[0,-71],[57,0],[75,-89],[95,18],[94,-18],[57,-53],[0,-53],[56,-89],[132,0],[76,53],[0,53],[56,18],[38,160],[-38,35],[19,89],[57,36],[-38,53],[-38,89],[-37,18],[-57,53],[-38,89],[-75,71],[38,89],[-19,17],[37,107],[38,53],[0,36],[57,0],[19,-36],[56,0],[76,71],[19,-17],[56,71],[114,0],[37,-18],[114,-18],[56,-35],[38,17],[94,-53],[19,-71],[76,-18],[19,-53],[75,-18],[0,-35],[95,-71],[37,-89],[0,-71],[-19,-18],[57,-89],[0,-142],[76,-71],[37,18],[76,-107],[56,-53],[38,-107],[38,-142],[0,-53],[38,-18],[94,-89],[0,-106],[95,-36],[-38,-89],[-57,0],[19,-53],[-19,-53],[0,-107],[38,-89],[0,-213],[57,-89],[56,18],[0,-53],[38,-18],[94,-89],[57,-35],[38,0],[75,-71],[38,-71]],[[45475,60074],[-76,35],[-19,54],[0,53],[76,53],[-19,53],[-57,18],[-37,-18],[-38,36],[19,36],[113,106],[38,18],[113,106],[76,-71],[-19,-53],[-38,-53],[0,-53],[57,0],[18,-36]],[[45682,60358],[-75,-124],[38,-18],[19,-89],[-38,-35],[-38,17],[-113,-35]],[[45871,60287],[0,53],[-37,36],[0,53],[-38,53],[75,36],[57,-18],[75,0],[19,-89],[-94,-89],[-19,-35],[-38,0]],[[44984,60447],[-38,0],[0,53],[57,-18],[-19,-35]],[[45739,60020],[0,125],[-19,18],[19,142],[57,53],[38,-71],[37,-36],[-94,-124],[0,-53],[-38,-54]],[[45060,59079],[0,107],[-57,-18],[19,-36],[-38,-53],[-75,-35],[-38,-18],[-76,0],[-19,-18],[-75,36],[-57,-18],[-56,53],[0,53],[-95,-17],[0,-36],[-75,-142],[-76,0],[57,89],[0,18],[0,53],[-76,53],[-37,-35],[-57,106]],[[44229,59221],[-38,-35],[-19,-54],[-56,-53],[37,-71],[95,-18],[-19,-106],[38,-36],[-19,-53],[-57,-53],[-19,-71],[0,-89],[-56,-89],[-76,-53],[-19,-36],[-56,0],[-38,89],[19,35],[-38,0],[-19,54],[-38,-36],[19,-53],[-19,-71],[-37,0],[-57,-36],[0,-71],[57,18],[19,18],[75,0],[19,-36],[-76,-89],[-56,-17],[-57,53],[-19,-36],[-75,-71],[-38,-53],[-38,-89],[-94,0],[0,-53],[38,-18],[19,-53],[-19,-53],[-57,0],[-38,53],[27,21],[-46,14],[-19,-53],[38,-18],[-38,-53],[38,-35],[-56,-71],[-95,17],[-19,-35],[-75,-36],[0,54],[-38,0],[-19,35],[-38,0],[19,-71],[0,-53],[-37,-54]],[[43059,57551],[-57,18],[-19,71],[-75,-71],[-38,54],[56,159],[19,-53],[38,36],[0,124],[-19,18],[-56,-36],[-19,36],[-57,0],[38,53],[-57,0],[-56,-53],[-38,17],[38,72],[18,71],[95,142],[113,106],[57,18],[37,-36],[-18,-53],[37,-18],[0,-53],[38,0],[0,53],[-38,18],[0,71],[19,36],[76,-36],[0,-18],[0,-17],[19,-71],[56,-18],[38,71],[0,35],[38,36],[-38,36],[-38,-18],[-19,35],[-94,36],[-19,-53],[-38,0],[-75,53],[-76,0],[-37,-36],[-38,18],[0,89],[-76,18],[-19,35],[19,53],[-37,107],[0,36],[56,106],[57,18],[0,53],[-38,0],[76,107],[-19,53],[37,53],[0,54],[19,53],[76,71],[38,71],[75,107],[0,35],[57,142],[-19,107],[-76,124],[-113,53],[94,71],[57,-17],[-19,-36],[0,-71],[57,-35],[132,0],[57,35],[113,53],[151,107],[0,36]],[[43625,60092],[19,-18],[75,0],[76,18],[189,0],[56,-18],[38,-54],[19,-53],[0,-71],[-19,-53],[38,-18],[0,-53],[-38,-53],[75,-107],[-18,-53],[18,-18],[-37,-53],[6,-42],[31,-47],[151,71],[57,35],[57,18],[56,71],[57,0],[132,53],[76,125],[37,18],[57,71],[113,35],[38,-18],[38,36],[75,35],[38,0],[38,-88],[38,-18],[37,18],[38,-54],[19,-71],[57,107],[75,35],[113,0],[0,36],[57,35],[19,-53],[56,-18],[-37,-106],[-57,-89],[-38,-89],[0,-71],[-37,-89],[-57,-35],[-57,-71],[19,-54],[57,-17],[-76,-89],[0,-36],[-37,-35],[-19,-71],[-57,-18],[-57,-89],[-56,53],[-57,-53],[-38,0],[-56,71],[0,71],[38,18]],[[45380,60056],[57,18],[38,-36],[-38,-18],[-19,36],[-38,0]],[[45380,60056],[0,-36],[-75,0],[19,36],[56,0]],[[45380,58972],[57,54],[38,-36],[19,-71],[56,-18],[-94,-88],[-19,35],[38,36],[-76,35],[-19,53]],[[45362,58955],[18,17]],[[45380,58972],[-18,-17]],[[44304,58795],[0,89],[38,17],[0,-106],[-38,0]],[[45022,58759],[-38,71],[57,18],[19,-53],[-38,-36]],[[44795,58617],[57,54],[-38,17],[-75,0],[0,54],[56,0],[19,53],[57,-36],[56,-17],[38,-36],[-113,-89],[-57,0]],[[45078,58706],[38,-53],[57,35],[19,-17],[-38,-72],[-151,-177],[-38,0],[-56,-53],[-76,35],[38,53],[56,-17],[19,88],[-37,0],[18,71],[38,18],[57,71],[56,18]],[[43738,58067],[-19,35],[19,53],[38,18],[57,-53],[-38,-36],[-57,-17]],[[43342,57587],[37,53],[19,-53],[-56,0]],[[43059,57551],[37,0],[38,-35],[-19,-36],[76,-53],[0,-106],[-57,88],[-38,36],[-37,-36],[-19,-71],[-38,71],[19,71],[0,54],[38,17]],[[50119,67641],[75,0],[45,-14],[68,-40],[19,-35],[57,-18],[57,0],[37,71],[76,-106],[56,-36],[0,-35],[76,-54],[75,0],[57,18],[94,-18],[38,18],[76,0],[19,-71],[151,36],[56,0],[95,-18],[264,0],[-19,18],[-19,106],[113,107],[114,88],[37,-35],[38,35],[0,72],[76,124],[56,-18],[0,71],[57,18],[-57,35],[19,54],[38,35],[57,-35],[75,89],[132,-36],[0,36],[76,35],[19,-89],[56,0],[0,71],[76,54],[94,-54],[19,-35],[57,-36],[56,18],[38,36],[38,0],[56,-71],[0,-54],[38,0],[57,36],[38,-54],[56,-106],[38,-53],[57,0],[56,-196],[38,-53],[57,-18],[37,-89],[38,-17],[38,-143],[38,-35],[-19,-71],[19,-107],[-57,-142],[-19,-89],[0,-53],[57,-18],[-19,-160],[-57,-71],[-19,-71],[-56,-71],[-57,-142],[0,-106],[-113,0],[-57,35],[-75,-18],[37,18],[0,53],[-37,18],[-114,0],[-56,18],[-57,-18],[38,-35],[-38,-36],[57,-35],[0,-54],[56,-35],[19,-71],[-19,-54],[-56,-17],[-76,0],[-37,-18],[-133,0],[19,-71],[-38,-89],[-56,36],[19,-54],[-132,36],[-38,0],[-76,18],[-56,88],[-57,18],[-75,-18],[-38,-35],[-57,-18],[-38,-142],[19,0],[0,-89],[38,-89],[0,-106],[38,-160],[19,-53],[75,-18],[57,-53],[75,-18],[38,18],[57,-36],[94,-35],[38,17],[38,-35],[56,71],[95,53],[75,18],[208,53],[38,-106],[37,17],[-37,107],[56,18],[19,-71],[38,0],[-38,71],[76,18],[0,-89],[56,0],[19,53],[57,-53],[37,-18],[95,-71],[0,-53],[75,0],[38,35],[76,0],[56,-53]],[[53705,65012],[132,-18],[76,0],[189,53],[94,36],[57,-53],[37,0],[-37,71],[151,71],[75,0],[0,-36],[-56,-71],[-19,-53],[-76,0],[-38,-71],[19,-89],[-94,-124],[57,-18],[-38,-53],[-76,-18],[0,-36],[-56,0],[-57,-53],[0,-36],[-57,-71],[0,-53],[38,-53],[-113,-71],[0,-36],[-38,-35],[57,-36],[94,-18],[76,-53],[94,53],[76,72],[37,-18],[0,-54],[57,0],[94,36],[76,0],[0,-36],[-95,-35],[19,-53],[-37,-18],[-76,18],[0,-36],[-113,-106],[-38,0],[19,-72],[19,-35],[56,18],[57,0],[19,53],[94,-71],[57,35],[19,-88],[94,0],[-19,35],[19,36],[57,35],[38,-53],[18,-53],[38,0],[19,35],[76,0],[-19,-35],[19,-36],[37,0],[95,71],[-19,53],[0,89],[94,36]],[[55083,63964],[-37,-71],[56,-178],[-19,-53],[-37,18],[-57,-54],[-57,-17],[-75,0],[-38,35],[-38,-18],[-56,36],[-38,-36],[-57,18],[0,-53],[-38,0],[0,-125],[-56,-35],[-19,-36],[-57,-35],[57,-71],[-38,-36],[-19,54],[-19,-71],[0,-89],[38,-18],[19,-18],[57,-35],[56,0],[0,-54],[57,-35],[19,-53],[56,53],[38,-36],[38,-53],[38,18],[-38,89],[94,-89],[-19,-18],[57,-53],[38,18],[57,106],[0,-106],[18,-36],[57,-18],[76,54],[75,-18],[0,89],[57,-36],[56,18],[170,-36],[19,-71],[-38,-18],[-56,36],[-57,18],[-38,-18],[-37,-71],[-38,18],[-19,53],[-57,0],[-56,-71],[-57,-36],[19,-35],[-19,-71],[-75,35],[-19,71],[-38,0],[-57,18],[-19,-18],[57,-53],[0,-142],[57,-18],[19,36],[37,-36],[-37,-89],[-57,-53],[-19,-53],[-57,35],[0,-71],[-75,-88],[-57,53],[0,-71],[38,-54],[0,-53],[75,18],[38,-36],[57,18],[0,36],[-57,35],[15,46],[61,-10],[38,-36],[75,-18],[0,-53],[-75,-53],[-57,-18],[-19,-35],[-76,-71],[19,-54],[-56,-17],[0,88],[-57,18],[-57,-18],[0,-88],[-56,-54],[-38,0],[-38,89],[-37,18],[0,-107],[-76,36],[-19,-18],[-75,124],[-38,-106],[38,-54],[-19,-53],[-57,107],[-19,0],[0,-89],[-19,-53],[38,-36],[0,-71],[-38,-35],[76,-18]],[[54366,61495],[-76,-53],[-56,0],[-95,-36],[-18,89],[37,53],[-37,142],[56,160],[38,53],[0,107],[-19,18],[-57,-36],[-75,18],[-38,35],[-75,18],[-57,-35],[-57,17],[-56,0],[0,54],[-114,17],[-56,0],[-151,-35],[0,-71],[-19,-36],[-19,-106],[-75,-89],[-19,-89],[-38,-18],[-76,18],[-18,-18],[-95,-17],[-38,-18],[-113,18],[-56,0],[-95,17],[-170,0],[-38,18],[-75,-71],[-57,-71],[-56,0],[-95,18],[-56,0],[-19,35],[-57,0],[-94,89],[0,71],[56,107],[-188,142],[-76,106],[-56,-35],[-114,0],[-56,-18],[-38,-71],[-57,-35],[-189,0],[-113,-36],[-38,-35],[-37,0],[-57,53],[0,71],[-19,53],[-38,36],[-75,0]],[[53177,68458],[0,-18],[-76,-35],[-19,-36],[-56,-18],[-38,36],[-151,-36],[38,54],[19,53],[75,-18],[76,71],[75,-18],[57,-35]],[[54743,65189],[-56,54],[113,0],[-57,-54]],[[55083,63964],[19,18],[0,71],[38,0],[19,-36],[-76,-53]],[[54611,63147],[-19,17],[-56,-17],[-19,53],[75,71],[-18,36],[0,71],[56,17],[95,0],[-57,-71],[19,-88],[-57,-54],[-19,-35]],[[55517,62951],[-37,36],[0,35],[37,36],[38,-36],[-38,-71]],[[54536,61655],[19,35],[37,0],[19,-35],[-75,0]],[[54366,61495],[0,-18],[-57,-71],[-75,0],[-38,-36],[38,-35],[-19,-53],[-38,35],[-38,-71],[0,-53],[38,-18],[0,-35],[-38,-36],[-18,0],[-114,107],[-56,-18],[0,-125],[-76,-17],[-75,-71],[0,-89],[-38,18],[0,71],[-38,0],[-38,-54],[0,-53],[-37,-53],[-19,-71]],[[53630,60749],[56,0],[0,-54],[-37,-35],[-38,-71],[19,-18],[-38,-53],[-19,-53],[-57,-18],[-18,-53],[-57,0],[-76,-18],[-18,18],[-57,-36],[-76,-124],[-75,-178],[0,-71],[19,-36],[0,-71],[-19,-35],[19,-36],[94,-17],[-19,53],[95,18],[-19,-54],[0,-53],[75,0],[38,-53],[-57,-54],[-18,-35],[-38,0],[-76,-53],[-19,-36],[-37,0],[-76,36],[19,53],[-75,0]],[[53045,59612],[-57,18],[-19,-71],[19,-36],[-38,-71],[0,-53],[38,-36],[38,18],[19,-71],[56,35]],[[53101,59345],[19,-17],[0,-71],[-132,0],[0,-18],[75,0],[38,-53],[38,35],[19,-53],[-57,0],[-75,-53],[-38,17],[-94,-35],[-38,-125],[-38,-71],[19,-71],[-57,-71],[19,-71],[0,-71],[-75,0],[-38,-89],[-19,-17],[-76,-125],[-56,-142],[-57,-213],[0,-142],[-75,-160],[-76,-320],[-38,-88],[0,-54],[-37,-213],[-19,-18],[-151,-426],[-38,-160],[-38,-71],[-37,-142],[-133,-568],[-18,-36],[0,-35],[-19,-36],[0,-89],[-19,-53],[0,-89],[-19,-35],[-19,-231],[0,-142],[57,-89],[75,-71],[38,-71],[38,0],[-57,-142],[-57,-107],[19,-53],[-19,-18]],[[51836,54372],[-37,-53],[19,-54],[-38,-106],[0,-71],[-19,-18],[75,-71],[-94,-36],[-19,-17],[19,-71],[57,0],[-19,-71],[38,-54],[-76,-89],[57,-53],[-38,-53],[-132,-89],[-57,-18],[-113,-195],[-38,0],[0,-53],[-19,-54],[0,-53],[-94,-18],[19,-71],[0,-89],[-19,0],[0,-106],[-57,0],[19,-53],[-19,-36],[76,-18],[0,-71],[19,-53],[-19,-36],[-132,-71],[0,-89],[37,-53],[19,-53],[0,-89],[-56,-71],[-57,-35],[-57,-18],[-19,-54],[19,-35],[-56,-18],[-19,-35],[19,-71],[94,-71],[0,-36],[-75,-53],[-114,53],[-37,124],[-19,36],[-76,-36],[-19,36],[-37,-36],[-133,-35],[-75,0],[-57,53],[-56,124],[0,72],[56,35],[-19,53],[-94,36],[-94,71],[0,35],[-38,36],[-95,18],[-56,0],[-19,-36],[-38,18],[-56,53]],[[49968,52400],[18,71],[0,107],[38,53],[0,53],[38,36],[94,18],[38,35],[19,125],[-19,53],[0,53],[-57,89],[76,53],[19,89],[-38,107],[-57,53],[-18,53],[18,54],[0,53],[-151,106],[-151,-71],[-75,-17],[-76,17],[0,36],[-37,18],[-38,53],[-38,18],[-94,89],[-38,0],[-19,-54],[-56,-53],[-19,-71],[-38,0],[-19,35],[-19,89],[-113,107],[-19,53],[0,124],[19,36],[-57,53],[-19,36],[0,177],[19,71],[-75,36],[-57,-36],[-38,36],[-75,18],[0,53],[38,53],[37,18],[-19,71],[-37,-18],[-57,54],[-38,-18],[-151,18],[-56,0],[-38,88],[-57,54],[-94,-36],[-57,54],[-37,-18],[-19,53],[-38,18],[19,89],[19,35],[-38,71],[57,18],[18,53],[0,71],[38,89],[57,71]],[[48401,55402],[-38,18],[-38,71],[-19,89],[-37,35],[0,36],[-95,89],[-37,0],[-19,35],[-95,36],[-151,-18],[-75,71],[-38,89],[-19,71],[-57,35],[-37,107],[0,142],[-76,71],[-38,18],[-18,53],[-57,0],[-19,53],[-57,54],[-188,71],[0,142],[75,53],[19,107]],[[53630,60749],[-57,0],[19,-54],[38,54]],[[53101,59345],[-19,18],[19,-18]],[[53913,60909],[19,35],[38,0],[75,-35],[-19,-54],[-94,0],[-19,54]],[[51874,54354],[-38,18]],[[51836,54372],[38,-18]],[[51534,52756],[-18,17],[-76,125],[57,53],[19,-53],[0,-54],[18,-88]],[[49968,52400],[-38,36],[-57,18],[-38,-54],[-56,71],[-38,18],[-113,0],[-38,-35],[-19,-72],[-56,36],[-76,-53],[-113,-107],[-113,-142],[-95,-178],[-19,-17],[-19,-196],[19,-53],[265,-107],[94,-17],[132,-54],[38,-35],[0,-107],[-76,-53],[-37,-53],[-76,-36],[0,-71],[57,-53]],[[49496,51086],[56,35],[76,-35],[75,35],[38,54],[57,-36],[-57,-71],[-75,-35],[0,-36],[-57,-36],[-57,-17],[-94,-89],[-57,-89],[-113,-35],[-38,17],[-151,0],[-75,-71],[19,-35],[0,-71],[-38,-36],[0,-53],[-113,-71],[37,-53],[-94,-36],[-19,-36],[38,-35],[-19,-71],[-94,-71],[-57,-18],[-132,-71],[-38,18],[-38,-89],[-94,0],[0,-18],[-170,-106],[-75,-18],[-76,-36],[-76,36],[-75,-36],[-57,0],[-56,-35],[-38,0],[-38,-71],[-38,0],[-18,-36],[-114,-35],[-19,-54],[-75,36],[-76,-89],[-56,-18],[-57,0],[0,-142],[-38,36],[-56,-18],[-19,-35],[-94,0],[37,-54],[-56,-89],[-38,36],[-38,-36],[0,-35],[-38,-18],[-37,36],[0,35],[56,36],[19,89],[57,71],[0,213],[-38,35],[-75,18],[37,71],[38,36],[76,17],[18,54],[76,17],[94,107],[57,0],[57,36],[94,142],[75,213],[38,71],[-19,71],[-56,71],[0,71],[19,53],[37,0],[57,142],[75,71],[19,54],[0,106],[19,54],[0,53],[19,53],[-19,18],[0,71],[19,71],[38,71],[19,89],[-76,53],[0,89],[-75,107],[-19,88],[-38,36],[-19,89],[0,17],[-38,54],[-18,53],[-57,89],[-113,142],[-132,35],[-57,36],[-19,160],[-19,18],[38,53],[-19,18],[0,106],[19,107],[38,18],[19,88],[-57,89],[-19,-35],[-38,0]],[[47098,53040],[-19,-36],[-37,0],[-19,36],[-76,17],[-132,-53],[-38,0],[-19,53],[-113,72],[-38,71],[-37,0],[-57,53],[0,53],[76,53],[37,71],[95,107],[94,0],[113,36],[76,-18],[19,35],[56,-53],[57,18],[19,-36],[57,-53],[18,-89],[38,-35],[0,-54],[-38,-35],[19,-71],[38,-36],[0,-35],[-38,-18],[76,-18],[56,18],[76,0],[94,36],[76,53],[75,106],[0,54],[-19,53],[57,53],[0,54],[38,106],[38,53],[56,36],[38,89],[-19,89],[-38,88],[-56,36],[-19,53],[-38,53],[-57,18],[-18,-18],[-95,36],[-75,0],[-38,18],[-113,0],[-76,106],[-56,0],[-133,71],[-94,-53],[-57,18],[-170,-124],[-37,17],[-76,-106],[0,-36],[-38,-89],[19,-88],[38,-71],[-38,-18],[-37,-71],[-19,-107],[-57,-53],[-94,-53],[-38,-89],[-57,-54],[19,-53],[0,-71],[19,-53],[-38,-89],[-19,-89],[-37,0],[-38,-53],[-38,-18],[0,-53],[-19,-53],[-19,-107],[-75,18],[0,-36],[75,-18],[-18,-124],[-76,53],[-38,-88],[38,0],[0,-54],[94,0],[-18,-53],[-95,-18],[19,-71],[0,-53],[38,-160],[0,-53],[56,-125],[38,-35],[57,35],[56,-71],[-75,-53],[75,-284],[19,-53],[57,-107],[75,-71],[38,-18],[38,-53],[57,-18],[75,-71],[38,-53],[75,-18],[133,0],[18,-35],[38,0],[-113,-178],[0,-36],[57,-106],[-19,-36],[-95,0],[-56,-35],[0,-36],[75,0],[19,-35],[-57,-107],[-75,-35],[-113,17],[-57,-35],[-57,-71],[19,-54],[-19,-17],[-132,124],[-56,18],[-19,-36],[-132,-71],[-95,36],[-56,53],[18,36],[0,71],[38,35],[-38,124],[-75,89],[-94,89],[-114,71],[-75,18],[-38,-18],[-38,18],[-19,-36],[-75,0],[-57,36],[-321,0],[-37,-18],[-38,36],[-151,0],[-38,17],[-57,72],[-37,-18],[-57,35],[-19,-53],[-19,0],[-37,-107],[-76,54],[-76,17],[-56,-17],[-38,35],[-75,-53],[-76,18],[0,53],[38,0],[38,36],[-19,53],[19,53],[-57,0],[-38,36],[-19,-36],[-37,0],[-19,53],[0,54],[170,53],[-95,124],[-113,-53],[-19,53],[-38,0],[-19,54],[57,17],[38,-17],[94,106],[-38,53],[-37,18],[-57,0],[0,89],[-38,-18],[-56,0],[-19,71],[-38,0],[-19,36],[-75,71],[-19,53],[-38,53],[-38,18],[-75,71],[-76,-53],[-19,18],[19,53],[38,18],[57,0],[56,-53]],[[43719,52081],[57,35],[38,71],[19,0],[37,71],[38,-18],[38,-124],[56,0],[57,-71],[132,-36],[95,-17],[56,53],[227,107],[56,106],[57,71],[132,284],[57,143],[56,319],[19,213],[-19,214],[-18,124],[-76,178],[-113,17],[0,71],[-76,160],[-56,89],[-38,0],[-19,0],[-38,71],[0,36],[-56,71],[-95,17],[0,18],[-132,124],[-75,0],[-38,-53],[-38,0],[-19,36],[19,35],[-19,89],[-38,71],[-37,36],[-38,71],[38,89],[0,53],[37,18],[38,88],[0,54]],[[44040,55065],[57,35],[38,142],[0,36],[37,18],[76,177],[19,107],[-19,18],[0,106],[-19,53],[-38,231],[-113,125],[-38,71],[-31,-24],[12,24],[-37,53],[18,89],[76,0],[0,18],[0,88]],[[44078,56432],[57,36],[18,35],[0,72],[19,53],[-19,71],[-37,53],[-38,0],[0,53],[-76,-35],[-37,0],[-19,53],[19,36],[19,89],[18,35],[76,18],[0,35],[132,54],[57,35],[56,-18],[38,18],[57,-18],[56,0],[38,-53],[57,53],[0,-71],[75,-53],[95,-18],[56,18],[19,36],[95,71],[56,0],[19,35],[0,18],[76,35],[0,36],[56,71],[-19,107]],[[44210,57978],[-19,35],[19,54],[0,142],[38,35],[0,36],[94,0],[-19,53],[57,0],[38,36],[113,-72],[19,-106],[-76,0],[-56,-89],[-38,0],[-19,-89],[-75,54],[-57,-54],[-19,-35]],[[43927,57836],[-38,35],[38,36],[0,71],[38,53],[56,36]],[[44021,58067],[19,-36],[-56,-71],[0,-53],[-38,-71],[-19,0]],[[44021,57907],[0,17],[0,-17]],[[44153,57658],[19,53],[-75,0],[0,36],[-38,18],[38,53],[0,124],[38,-71],[18,-106],[38,-54],[-38,-53]],[[43870,56841],[-56,35],[19,36],[-57,71],[-38,-18],[-75,89],[-76,53],[38,71],[-38,36],[38,53],[-19,54],[-38,35],[0,53],[-56,71],[-57,0],[38,54],[38,17],[-19,36],[56,18],[-19,53],[19,71],[170,0],[38,-53],[75,-53],[19,35],[-56,36],[56,124],[19,-53],[51,47],[100,-83],[0,-71],[38,-35],[57,-18],[-76,-71],[-19,-71],[0,-89],[19,-18],[76,36],[56,-71],[-38,-54],[-56,0],[-95,-89],[-56,-17],[38,-71],[0,-36],[0,-18],[-57,-71],[19,-89],[-76,-35]],[[42134,54816],[0,124],[-38,0],[-38,36],[19,53],[-38,36],[-75,-54]],[[41964,55011],[19,54],[-19,88],[75,18],[-75,36],[0,89],[-19,0],[-38,-125],[0,-106],[-38,35],[-37,0],[-19,53],[0,54],[37,53],[57,124],[94,0],[57,-35],[227,-213],[75,-36],[38,18],[19,53],[-57,18],[0,107],[38,-18],[94,0],[0,-18]],[[42492,55260],[-37,-18],[37,-89],[-37,-17],[-38,-54],[75,-17],[0,-71],[-19,-36],[-56,-35],[-19,35],[-38,-18],[-38,18],[-19,-53],[-56,-18],[-113,-71]],[[41869,54621],[-37,0],[-38,35],[0,71],[-38,71],[57,18],[0,71],[113,53],[19,-53],[-38,-35],[38,-72],[-38,0],[-57,-71],[38,-17],[-19,-71]],[[41171,53537],[-19,71]],[[41152,53608],[19,0],[19,-18],[-19,-53]],[[41152,53608],[-19,36],[-57,-18],[0,-71],[-56,-18],[-38,71],[-94,53],[-57,71],[0,72],[57,17],[19,-17],[75,88],[0,54],[57,88],[0,71],[56,125],[95,53],[38,0],[151,71],[75,0],[38,53],[38,-35],[37,71],[-19,35],[57,36],[19,71],[-38,36],[19,35],[0,71],[76,-53],[-19,-36],[0,-71],[-57,-142],[-38,-18],[0,-53],[-37,-89],[-19,-71],[-76,-35],[0,53],[-56,0],[-57,-89],[0,-53],[38,0],[-19,-71],[-76,-71],[-19,-53],[0,-54],[76,-53],[-57,-36],[-75,-106],[-38,-18]],[[49137,51707],[-19,18],[0,89],[76,0],[0,-71],[-57,-36]],[[39472,50393],[19,71],[38,0],[18,89],[38,-36],[-38,-53],[-18,-53],[-57,-18]],[[42492,47817],[-75,36],[-57,53],[-19,36],[0,53],[76,36],[38,53],[75,0],[19,-36],[57,-17],[75,-54],[0,-35],[-57,-71],[-94,-54],[-38,0]],[[48684,46574],[-38,71],[0,107],[19,35],[-38,18],[57,71],[57,53],[0,36],[75,106],[57,143],[75,-18],[-19,53],[0,71],[57,36],[57,124],[0,53],[-38,89],[56,36],[38,71],[76,88],[0,71],[38,36],[37,-18],[76,89],[38,-18],[0,-71],[18,-89],[38,0],[0,-88],[57,-54],[19,-53],[-57,-71],[-19,-71],[19,-18],[-19,-53],[19,-124],[0,-178],[19,-71],[-19,-71],[-38,18],[-37,-71],[18,-54],[-56,-53],[-38,-160],[57,-35],[-38,-143],[19,-35],[-19,-36],[19,-35],[-38,-71],[-94,-53],[0,-107],[-57,-124],[-57,-54],[-56,18],[-57,-53],[0,-53],[-75,-107],[-38,-89],[0,-53],[-19,-53],[-76,-89],[38,-71],[0,-36]],[[48797,45366],[-38,0],[-18,-53],[18,-36],[57,-35],[38,-71],[0,-36],[-57,-53],[0,-53],[57,-125],[-57,-35],[-38,-89],[38,-71],[-94,0],[-19,18],[-76,0],[-207,-89],[-95,-71],[-18,-53],[-76,0],[-57,88],[-37,89],[19,89],[37,89],[-19,177],[-75,196],[19,18],[-19,124],[57,-18],[37,-18],[38,18],[57,107],[0,35],[75,54],[57,71],[151,284],[132,302],[19,71],[-19,53],[0,231]],[[45607,47729],[-113,35],[-76,36],[76,71],[75,-54],[57,-17],[-19,-71]],[[44607,47533],[-38,54],[-76,17],[76,71],[94,54],[76,53],[75,-36],[38,-53],[0,-53],[-38,-36],[-75,0],[-57,-17],[-94,0],[19,-54]],[[48080,47214],[-76,0],[0,53],[19,53],[0,53],[19,36],[76,71],[19,-18],[0,-71],[37,-71],[-19,-89],[-75,-17]],[[44191,45064],[-56,36],[-57,106],[-19,71],[38,18],[-19,53],[-57,-35],[-56,-18],[-57,71],[19,18],[-113,71],[0,53],[37,0],[57,36],[0,-53],[76,0],[18,17],[57,-89],[38,0],[19,72],[37,-18],[57,-54],[57,0],[37,-35],[38,18],[19,-36],[57,-35],[19,-54],[75,-35],[0,-89],[-57,18],[-75,0],[-38,-18],[0,-36],[-38,-17],[0,-36],[-113,0]],[[46079,43679],[-38,35],[-113,0],[-38,-18],[-75,36],[-38,-18],[-38,18],[-57,0],[-94,18],[-57,89],[-56,124],[-57,-18],[0,160],[-19,53],[19,18],[-38,53],[-18,71],[-76,36],[-19,124],[-38,89],[0,89],[-37,71],[19,35],[0,107],[37,0],[57,36],[113,0],[19,-18],[57,53],[37,18],[38,71],[0,35],[95,89],[56,18],[19,124],[38,54],[38,-18],[75,0],[19,53],[38,0],[0,-89],[56,18],[57,-18],[19,-35],[132,0],[76,-71],[37,0],[57,-36],[38,-71],[132,-35],[0,-54],[207,-71],[19,18],[95,-71],[38,-18],[75,-89],[-19,-106],[0,-124],[-38,-125],[0,-89],[-56,-124],[-38,-18],[-132,-160],[-19,0],[-76,-71],[-18,-53],[-38,-35],[-57,0],[-19,-54],[-94,-35],[-76,0],[-94,-54],[-38,0],[-37,36],[-57,-53]],[[42492,41725],[-75,35],[-76,54],[0,71],[-38,17],[19,71],[76,54],[-38,53],[57,0],[19,-71],[37,-36],[38,-88],[57,-36],[19,-53],[-19,-53],[-76,-18]],[[40133,41316],[-76,36],[0,124],[57,0],[75,-71],[0,-71],[-56,-18]],[[42134,40783],[-19,0],[-95,89],[0,53],[-75,54],[-38,71],[0,71],[38,89],[38,35],[113,0],[38,-53],[113,-36],[0,-53],[19,-35],[0,-89],[75,-71],[76,-107],[-95,0],[0,18],[-94,0],[-57,-36],[-37,0]],[[40095,39789],[-57,35],[-19,36],[38,53],[38,18],[19,-89],[-19,-53]],[[41133,39274],[-57,0],[0,53],[-37,35],[-19,71],[0,71],[-38,36],[38,53],[-19,18],[38,53],[37,0],[38,36],[95,53],[132,0],[-19,-124],[0,-107],[-38,-71],[-132,-106],[-19,-71]],[[40510,38154],[-75,18],[19,54],[-76,53],[57,106],[94,-35],[19,-53],[57,-89],[-19,-36],[-76,-18]],[[38811,36556],[-38,35],[38,36],[38,-18],[-38,-53]],[[38169,35916],[-94,54],[-113,106],[56,54],[151,0],[19,-36],[-19,-36],[0,-142]],[[36848,33785],[-38,18],[0,35],[38,18],[19,-53],[-19,-18]],[[36810,33536],[-75,36],[56,71],[57,-36],[0,-35],[-38,-36]],[[39812,30019],[-57,-35],[-38,35],[-75,18],[-38,-18],[-19,-106],[38,-89],[-57,-36],[-37,-53],[0,-53],[-57,17],[-170,0],[76,-53],[113,-35],[56,-54],[19,36],[38,0],[19,-36],[94,-71],[0,-53],[-56,18],[-76,-54],[0,-53],[-113,0],[-94,-71],[-76,36],[-19,-54],[38,-17],[0,-36],[-38,-71],[0,-71],[-56,0],[-38,35],[-57,18],[-75,0],[-38,36],[-57,18],[-75,-36],[189,-178],[18,-53],[0,-53],[38,-18],[0,-107],[-38,18],[-56,53],[0,36],[-38,71],[-57,-18],[-18,36],[-76,-53],[-19,35],[-38,-18],[-19,54],[-113,71],[-38,-18],[0,89],[-56,35],[75,36],[-37,89],[-57,-36],[0,107],[-57,-71],[-56,0],[0,71],[56,35],[0,71],[57,18],[75,71],[-56,18],[-76,-54],[-19,54],[0,53],[-56,18],[-19,-53],[-57,-72],[19,-35],[-19,-53],[-37,35],[0,71],[-57,18],[-57,0],[-37,53],[-38,-71],[-57,0],[0,36],[-38,35],[-75,-53],[-76,142],[-56,18],[0,-36],[-57,0],[-19,54],[-75,53],[37,35],[57,-17],[76,0],[37,71],[38,35],[38,0],[0,-53],[94,0],[19,-53],[76,-18],[0,124],[37,-18],[38,36],[95,-36],[37,-35],[95,35],[75,-17],[0,53],[57,36],[38,-36],[18,71],[-132,0],[-37,36],[-19,-36],[19,-35],[-19,-36],[-95,18],[-37,53],[-38,-18],[-57,107],[-56,18],[18,53],[95,18],[38,35],[75,36],[57,53],[94,0],[57,18],[94,0],[0,35],[57,18],[-19,36],[19,35],[75,18],[19,53],[38,36],[0,35],[57,18],[56,-71],[76,-36],[37,36],[19,53],[57,18],[19,36],[38,-36],[37,-89],[19,53],[38,18],[-38,89],[0,36],[132,35],[57,-53],[94,0],[-19,35],[38,54],[19,124],[38,18],[56,-36],[-18,-53],[37,-18],[38,18],[57,71],[37,-53],[0,-160],[38,35],[38,71],[75,18],[-37,53],[-19,54],[38,89],[0,88],[18,36],[57,18],[76,106],[37,-18],[38,-71],[38,0],[0,54],[38,0],[19,35],[56,36],[38,0],[57,53],[94,18],[57,0],[0,-71],[-38,-18],[-19,-53],[-38,-18],[0,-142],[-75,-53],[0,-54],[-19,-35],[75,0],[0,124],[95,0],[19,36],[-38,53],[19,35],[56,-17],[19,-71],[-56,-54],[0,-71],[37,-35],[95,35],[0,89],[56,-71],[38,89],[-38,53],[-19,53],[19,36],[-19,35],[19,54],[38,-54],[19,-88],[38,-54],[0,107],[19,18],[0,89],[-19,35],[-57,53],[-75,107],[18,35],[57,-17],[38,71],[75,106],[76,36],[19,-18],[0,-124],[-19,-36],[38,-106],[56,-89],[76,-18],[0,-71],[38,-36],[-57,-88],[0,-71],[-38,-107],[-75,-53],[-76,-18],[-57,0],[-37,-18],[-19,-71],[-57,-18],[0,36],[-132,35],[-75,-17],[-57,-54],[-19,-53],[-38,-18],[0,-35],[-37,-18],[-19,-89],[-57,-53],[-38,-18],[-75,-142],[-76,-35],[-94,0],[-19,-18],[0,-71],[57,-18],[0,-36],[-133,-71],[-113,-17],[-75,-36]],[[42587,29877],[-76,53],[-19,71],[-56,-17],[-38,53],[-19,106],[38,72],[75,35],[114,0],[18,36],[114,71],[56,53],[95,124],[37,0],[38,54],[57,35],[75,-53],[19,-36],[0,-71],[-56,-53],[-38,-89],[-57,0]],[[42964,30321],[-38,-18],[0,-35],[-37,-89],[-57,-89],[-57,-106],[-56,-54],[-19,18],[0,-18],[-113,-53]],[[38094,29948],[-38,18],[-38,-18],[-94,89],[38,71],[38,-36],[75,0],[38,-17],[56,-54],[-75,-53]],[[38773,28385],[-18,53],[18,125],[38,17],[-19,36],[-37,0],[-57,-53],[-94,17],[-38,-35],[19,-71],[-19,-18],[0,-71],[-57,18],[-56,53],[-38,53],[38,54],[-38,17],[0,107],[-76,35],[0,-71],[-37,0],[-76,-71],[-38,-88],[-37,0],[-38,53],[56,18],[19,71],[-19,88],[-37,18],[19,53],[-19,54],[19,89],[-57,35],[-38,-18],[-38,89],[-56,36],[0,89],[-38,35],[-19,71],[76,0],[19,53],[94,36],[19,-53],[56,-18],[57,53],[76,-71],[-38,-18],[-38,36],[-38,0],[-113,-53],[38,-71],[0,-72],[56,0],[38,-53],[38,18],[38,-53],[56,17],[57,54],[19,71],[56,-18],[0,-36],[38,-88],[-75,17],[-38,-17],[-38,17],[-38,-35],[19,-53],[0,-89],[19,-36],[38,54],[38,17],[37,54],[38,-36],[-56,-53],[37,-18],[-19,-71],[19,-18],[76,89],[0,-53],[56,-71],[19,17],[19,89],[38,-53],[38,-18],[37,-71],[57,71],[38,-18],[38,54],[37,-71],[38,-36],[-38,-35],[-18,-71],[-38,-89],[-57,-18],[-57,-71]],[[37886,28722],[-75,71],[19,18],[56,-53],[0,-36]],[[37735,28047],[-19,18],[0,107],[19,18],[0,106],[57,18],[19,53],[38,53],[56,-142],[-56,0],[-19,-35],[37,-18],[-37,-71],[0,-53],[-19,-36],[-76,-18]],[[38396,27976],[-19,54],[-38,35],[-94,54],[-76,0],[-37,-18],[-57,89],[0,35],[38,36],[19,71],[94,-107],[0,-35],[38,-36],[38,18],[37,53],[38,-53],[38,0],[19,35],[37,-35],[-18,-89],[18,-18],[-56,-53],[-19,-36]],[[36244,26200],[19,71],[-57,53],[-19,89],[-37,71],[18,36],[-18,53],[18,36],[-37,88],[-38,18],[0,71],[38,0],[56,160],[-37,36],[18,71],[0,71],[38,53],[57,0],[113,-18],[57,18],[94,-18],[95,18],[56,-89],[0,-53],[-75,-18],[-38,-35],[0,-36],[75,0],[19,-35],[0,-54],[-37,-35],[37,-71],[-19,-18],[0,-71],[57,-36],[57,-71],[56,18],[0,-35],[114,-107],[0,-35],[94,-36],[38,-36],[0,-53],[-19,-71],[-38,-71],[-38,0],[-19,-124],[19,-54],[-56,-17],[-57,-71],[19,-36],[-57,-35],[19,-36],[-75,-142],[-57,-18],[-57,18],[-113,-53],[-75,-18],[-76,35],[-38,89],[0,107],[-113,106],[-38,0],[-75,89],[0,36],[56,17],[57,72],[0,88],[19,18]],[[34262,23713],[94,-35],[38,53],[57,0],[19,36],[75,-18],[113,53],[76,71],[19,0],[132,53],[19,36],[37,18],[133,0],[-19,-71],[-114,-89],[-75,-18],[-76,-106],[-169,-231],[-76,-36],[-57,-71],[-75,-53],[-57,-54],[-75,-35],[-76,-18],[-19,0],[-37,0],[-95,53],[-56,72],[-57,106],[-19,71],[0,107],[38,89],[56,53],[38,-53],[95,-18],[113,35]],[[33450,21013],[-94,36],[-57,35],[-38,0],[-56,71],[-57,36],[38,53],[38,-35],[37,18],[38,106],[57,18],[75,-18],[57,-89],[19,-53],[19,-142],[-76,-36]],[[32185,26964],[-56,18],[-57,88],[19,72],[76,-107],[18,-71]],[[30354,20836],[19,71],[-38,124],[76,53],[38,107],[56,36],[76,106],[75,53],[57,107],[75,18],[95,35],[0,-35],[-57,-18],[-94,-142],[0,-53],[-38,-107],[-38,-36],[-37,18],[-95,-53],[19,-71],[-113,-36],[-19,-17],[-19,-89],[-38,-71]],[[30279,20800],[-38,18],[-19,36],[57,35],[19,-18],[-19,-71]],[[30392,20250],[-57,17],[-75,54],[19,35],[0,71],[-38,-18],[0,89],[94,36],[38,35],[113,-71],[0,-71],[-37,-35],[0,-71],[19,-54],[-76,-17]],[[30335,20107],[-56,18],[0,54],[38,0],[18,-72]],[[31695,18882],[37,71],[-37,106],[151,36],[113,142],[38,0],[0,53],[75,54],[57,106],[19,18],[19,71],[56,89],[19,53],[38,53],[19,89],[-38,18],[-19,36],[19,71],[57,53],[37,-18],[-19,-35],[57,-54],[57,-35],[0,-36],[75,-71],[57,36],[38,-18],[-19,-89],[19,-35],[56,-36],[19,-53],[-19,-36],[19,-89],[38,-124],[-19,-35],[19,-36],[-38,-89],[38,-35],[-38,-54],[0,-53],[-75,-35],[-19,-54],[-57,-35],[19,-53],[-38,-18],[19,-36],[-75,-35],[-19,-142],[-38,-54],[-57,-17],[0,-54],[-37,0],[-38,-53],[0,-53],[-76,-71],[-94,-36],[-132,-35],[-132,0],[-114,35],[-75,0],[-19,-35],[19,-71],[38,-18],[0,-53],[-19,-36],[-38,-18],[-76,36],[-56,0],[19,-71],[56,-36],[57,-106],[-57,-54],[19,-71],[-94,0],[-76,-17],[-113,-89],[-57,0],[-37,53],[-114,36],[-56,-18],[-76,18],[76,-196],[-113,-35],[0,-36],[-57,-18],[-76,18],[-37,-53],[-19,35],[-57,-53],[57,-71],[19,-53],[-76,-71],[-75,-36],[-76,-18],[-38,36],[-56,0],[0,-53],[-19,-36],[19,-35],[-38,-18],[0,-89],[-94,-18],[-57,53],[-57,18],[-56,0],[-76,54],[-113,0],[-94,-36],[-76,-107],[19,-53],[-19,-18],[-57,36],[-19,-71],[38,-18],[38,-89],[94,-53],[95,-89],[19,-53],[0,-71],[-19,-53],[75,-125],[57,-35],[57,-54],[56,-35],[38,-53]],[[30260,16058],[0,-54],[19,-53],[0,-53],[-38,0],[-19,35],[-56,18],[-95,89],[-19,35],[-113,142]],[[29939,16217],[19,-35],[-19,-53],[-38,53],[-37,-18],[0,-53],[-57,18],[-19,35],[-38,-18],[0,-53],[38,0],[0,-18],[19,-35],[-38,-18],[-57,0],[-18,-71],[-57,18],[-38,-54],[38,-53],[0,-89],[-76,-35],[-75,-142],[-19,-89],[0,-89],[-57,-53],[-18,-36],[-38,0],[-19,-35],[0,-54]],[[29335,15240],[38,-71],[37,-35],[-18,-53],[18,-36],[57,-35],[57,124],[151,35],[0,-88],[56,-18],[0,-53],[-37,-18],[-38,-53],[-38,-18],[-113,-142],[-57,-36],[-38,18],[-75,-18],[-76,-89],[-37,0],[-76,-142],[-38,-18],[-18,-35],[-76,-36],[-38,18],[-113,-35],[-38,-54],[-37,-17],[-38,35],[-76,18],[0,142],[57,160],[0,53],[-38,36],[-56,-18],[-19,71],[19,35],[-38,54],[56,35],[-37,83],[-38,-12],[0,125],[-38,53],[38,35],[19,89],[38,18],[75,-35]],[[28712,15312],[38,71],[56,35],[0,18],[0,71],[-37,0],[0,35]],[[28769,15542],[75,-17],[0,106],[38,-18],[94,125],[95,0],[37,18],[19,53],[38,0]],[[29165,15809],[57,53],[56,36],[19,106],[-19,54],[-56,35],[-38,71],[19,18],[0,89],[-19,35],[-19,71],[-75,160],[-19,18],[-57,142],[0,89],[19,71],[-19,53],[57,18],[56,-89],[19,-53],[76,53],[56,18],[38,35],[38,71],[75,-71],[95,0],[37,54],[-18,35],[18,36],[38,18],[19,35],[94,53],[38,71],[57,18],[-19,107],[19,53],[38,0],[19,-36],[37,54]],[[29901,17390],[57,18]],[[29958,17408],[113,-36],[19,53],[113,36],[57,0],[94,160],[57,-18],[38,53],[37,18],[38,-36],[19,54],[57,71],[56,142],[-19,53],[-56,36],[-95,17],[-56,54],[-57,0],[-38,35],[-56,18],[-57,-53],[-113,35],[0,36],[-38,89],[0,35],[-56,71],[0,107],[37,35],[38,0],[-38,125],[-56,35],[-19,36],[38,71],[0,89],[37,-36],[95,-35],[75,17],[132,0],[114,36],[94,-36],[19,-35],[151,-54],[75,-35],[-75,-53],[-19,-54],[38,36],[37,0],[19,35],[57,0],[38,-124],[56,-18],[0,-89],[-113,72],[-57,-36],[-18,36],[-38,0],[-19,35],[-19,-71],[-38,-18],[114,-89],[18,-53],[38,18],[76,-36],[56,54],[38,17],[76,-17],[113,71],[57,0],[37,35],[57,89],[113,0],[57,-18],[0,36],[-95,53],[-18,-35]],[[31393,18527],[-19,71],[19,71],[75,106],[38,0],[113,36],[19,35],[57,36]],[[29939,16217],[0,36],[-57,-18]],[[29882,16235],[57,-18]],[[29882,16235],[-75,-53],[75,53]],[[29335,15240],[-38,0]],[[29297,15240],[38,0]],[[29297,15240],[-19,18],[19,-18]],[[28769,15542],[0,36],[0,-36]],[[29580,18793],[-94,36],[-132,-18],[-95,18],[-37,71],[19,88],[56,36],[151,-36],[132,54],[151,-142],[-19,-71],[-132,-36]],[[30883,18722],[-57,18],[-19,71],[38,53],[76,-35],[0,-54],[-38,-53]],[[29920,18260],[-38,71],[-18,71],[75,36],[38,-36],[0,-35],[-38,-54],[-19,-53]],[[26088,17905],[-151,-36],[38,107],[94,89],[38,0],[38,-36],[37,-71],[-37,-71],[-57,18]],[[30732,16519],[-57,54],[38,53],[57,0],[-38,-107]],[[23011,16253],[-56,53],[-38,89],[0,36],[38,17],[94,18],[151,89],[75,18],[57,0],[57,-71],[56,-89],[38,18],[38,-54],[0,-53],[75,-71],[-56,-89],[-57,-53],[19,-53],[-19,-71],[57,-89],[-19,-36],[-57,18],[-56,53],[-76,36],[-19,53],[-38,53],[0,36],[-56,89],[-38,0],[-19,35],[-19,18],[-115,15],[-17,-15]],[[30354,16146],[38,54]],[[30392,16200],[-38,-54]],[[30392,16200],[38,53],[-19,71],[57,0],[94,71],[19,53],[94,71],[19,-53],[38,-53],[-19,-53],[-38,0],[-170,-160],[-75,17],[-38,-17]],[[25560,16288],[-19,54],[-38,53],[57,107],[37,0],[-37,-71],[37,-71],[0,-54],[-37,-18]],[[23993,16253],[-38,0],[38,0]],[[30505,15987],[-37,35],[-19,53],[0,54],[37,0],[57,-36],[-38,-71],[0,-35]],[[30260,16058],[38,35],[37,-71],[-75,36]],[[30411,15525],[-38,0],[-19,35],[19,36],[0,71],[38,0],[19,-36],[0,-53],[-19,-53]],[[26522,15365],[-12,24],[-120,29],[0,36],[38,17],[38,54],[37,-36],[38,36],[76,35],[37,-18],[19,-35],[0,-53],[-56,-18],[0,71],[-57,-18],[38,-89],[-38,0],[-38,-35]],[[26768,14850],[0,89],[19,71],[-38,0],[-19,88],[38,0],[0,125],[19,71],[37,35],[0,71],[38,0],[57,-35],[19,-36],[0,-89],[-19,-53],[19,-35],[-76,-54],[0,-88],[19,-89],[-57,0],[-37,-54],[0,-35],[-19,18]],[[27353,15223],[-19,17],[75,160],[38,-35],[-38,-53],[-37,-89],[-19,0]],[[26145,15276],[-19,18],[0,71],[56,18],[0,-71],[-37,-36]],[[26352,15134],[0,53],[-56,36],[19,53],[56,36],[76,-125],[-38,-35],[-57,-18]],[[26409,15045],[-19,53],[19,36],[38,0],[19,-53],[-57,-36]],[[26145,14956],[-38,18],[-19,71],[57,18],[0,-107]],[[30052,14885],[-19,36],[57,53],[113,36],[-151,-125]],[[50855,13304],[-76,54],[-56,88],[0,89],[132,-35],[75,0],[76,-18],[-38,-142],[-38,-36],[-75,0]],[[4512,13251],[-38,36],[56,17],[-18,-53]],[[50402,12487],[-114,71],[38,89],[-19,53],[19,107],[0,53],[19,36],[76,18],[113,0],[57,-18],[56,-107],[-56,-213],[-57,-71],[-57,-18],[-75,0]],[[3171,11937],[-19,53],[57,53],[57,18],[56,-18],[38,-53],[-75,0],[-114,-53]],[[14026,6217],[-38,-18],[-57,36],[-19,53],[38,18],[76,-18],[37,-71],[-37,0]],[[14384,4707],[-170,107],[-113,53],[0,53],[-56,89],[56,53],[19,-71],[113,0],[0,54],[-37,106],[-76,71],[-38,0],[-19,36],[38,71],[19,0],[76,71],[18,-18],[0,160],[-18,53],[37,36],[38,-36],[38,54],[-38,88],[-38,36],[-19,71],[-56,71],[0,53],[-57,89],[57,0],[56,-53],[19,-71],[76,-54],[19,0],[37,-88],[0,-107],[57,-89],[0,-17],[76,-36],[56,-53],[-38,-71],[19,-89],[76,-18],[56,-53],[76,18],[132,-54],[19,-53],[57,-71],[56,-18],[57,0],[38,-35],[37,17],[57,-53],[0,-53],[76,-89],[-38,-71],[-38,35],[-57,0],[-75,-17],[-76,17],[-94,0],[-94,-35],[-38,35],[-170,-71],[-19,-17],[-57,17],[-132,-53]],[[13629,5418],[-113,106],[0,36],[-38,18],[0,88],[-19,71],[38,54],[94,-18],[95,-71],[94,-36],[38,-71],[38,-160],[-19,-53],[-76,-18],[-94,18],[-38,36]],[[13591,5418],[-37,-54],[-57,-17],[-57,17],[-75,71],[-38,71],[0,72],[57,17],[19,-35],[56,0]],[[13459,5560],[19,0],[95,-142],[18,0]],[[10703,4956],[-151,89],[57,35],[75,-71],[19,-53]],[[14026,4725],[-57,35],[0,89],[57,-18],[56,-53],[-19,-35],[-37,-18]],[[10647,4210],[-114,18],[-18,17],[-38,107],[38,71],[113,53],[113,-18],[76,-35],[18,-107],[-56,-71],[-57,-35],[-75,0]],[[7494,2007],[-75,18],[-38,35],[-57,-17],[19,53],[-75,71],[-76,18],[-94,71],[56,89],[38,0],[57,35],[38,54],[-19,53],[19,53],[0,53],[-38,0],[-19,54],[-38,35],[-19,53],[-75,-17],[-57,17],[-94,-88],[-95,35],[0,71],[38,18],[19,71],[76,36],[37,0],[57,-71],[75,17],[-18,107],[37,18],[19,53],[0,53],[76,-53],[37,-53],[-56,-107],[19,-53],[75,71]],[[7343,2860],[38,18],[94,-36],[38,0],[76,53],[75,0],[38,-17],[75,0],[19,17],[0,71],[-38,18],[57,124],[0,89],[57,0],[37,36],[76,106],[57,-35],[56,-71],[57,160],[0,53],[57,71],[-76,107],[94,71],[19,53],[57,71],[19,160],[151,-36],[0,-53],[19,-71],[-19,-71],[-38,-71],[-75,-71],[-19,0],[-76,-89],[0,-71],[19,-53],[-57,-71],[-75,-54],[-19,-35],[0,-125],[-57,0],[-37,-35],[-76,-107],[-19,-106],[38,-36],[-38,-124],[38,-107],[-19,-106],[0,-125],[-19,-88],[0,-71],[-75,-89],[-57,0],[-75,35],[-19,36],[-95,-18],[19,-53],[-56,-89],[-38,-18],[-57,0]],[[5361,2984],[-38,0],[-19,71],[76,-35],[-19,-36]],[[434,2771],[-38,18],[-188,0],[-38,-18],[-57,36],[-56,17],[-57,0],[0,54],[19,35],[57,36],[56,71],[76,-36],[132,36],[38,-18],[18,35],[38,0],[38,-35],[151,-53],[-76,-89],[-37,-18],[-76,-71]],[[50137,2949],[-37,35],[37,36],[38,-36],[-38,-35]],[[5286,2505],[37,-54],[57,36],[38,71],[56,-36],[76,0],[38,-53],[37,0],[0,71],[95,-35],[-19,-54],[57,-71],[18,36],[38,-18],[57,0],[56,-36],[38,-88],[95,-18],[0,-71],[-19,-53]],[[6041,2132],[-38,0],[0,-72],[-19,-17],[19,-54],[-19,-71],[-57,54],[-37,0],[-19,-89],[-38,-53],[0,-54],[19,-89],[0,-71],[-76,36],[-56,0],[0,-124],[-19,-36],[-38,-18],[-57,0],[-75,71],[-113,54],[-151,-18],[-151,53],[-19,-18],[-151,36],[-95,71],[-18,36],[-95,35],[0,-71],[-19,-89],[-56,0],[-76,36],[-94,0],[-114,177],[57,36],[38,0],[19,-36],[37,18],[-18,89],[0,71],[94,-36],[19,-88],[38,-18],[0,71],[-57,178],[38,0],[0,-54],[38,-53],[94,71],[57,-107],[18,-53],[38,18],[19,71],[0,107],[57,0],[-38,71],[-38,17],[-19,54],[38,17],[19,36],[-38,89],[57,53],[-19,53],[38,36],[19,53],[56,18],[19,53],[-57,36],[38,53],[76,0],[56,-71],[57,-53],[0,-36],[57,-35],[0,-71]],[[4719,2256],[-37,35],[0,54],[75,17],[-38,-106]],[[4870,2114],[-113,89],[38,53],[75,-71],[19,-36],[-19,-35]],[[6380,1972],[-18,35],[-151,18],[37,35],[0,36],[-37,53],[56,36],[132,-71],[-37,-18],[56,-53],[38,-54],[-76,-17]],[[6928,1865],[-19,18],[-19,89],[38,88],[57,-17],[56,-107],[-56,-53],[-57,-18]],[[6513,1243],[-57,0],[-38,54],[-38,124],[57,53],[94,-53],[38,18],[38,-36],[0,-89],[-94,-71]],[[6060,1261],[0,71],[75,53],[19,-17],[-94,-107]],[[6003,1155],[-38,53],[76,35],[0,-88],[-38,0]],[[5172,0],[-56,0],[-38,18],[-94,0],[-38,18],[0,88],[19,0],[94,54],[76,0],[113,-18],[38,-36],[-38,-88],[-76,-36]]],"transform":{"scale":[0.00016451965047035508,0.00014151547883215922],"translate":[122.93970444147168,24.044997086013264]},"objects":{"prefectures":{"type":"GeometryCollection","geometries":[{"arcs":[[[0]],[[1,2,3,4,5,6,7,8]],[[11]],[[12]],[[13]],[[14]],[[15]],[[16,17,18,19]],[[20]],[[21,22,23]],[[24]],[[27]],[[28]],[[29]],[[30]],[[31]],[[32]],[[33]],[[34]],[[35]],[[36]],[[37]]],"type":"MultiPolygon","properties":{"pref_code":"01","code5":"01000","name":"北海道"}},{"arcs":[[38,39,40]],"type":"Polygon","properties":{"pref_code":"02","code5":"02000","name":"青森県"}},{"arcs":[[41,42,-41,43,44]],"type":"Polygon","properties":{"pref_code":"03","code5":"03000","name":"岩手県"}},{"arcs":[[[45,46,47,48,49,50,51,-42]],[[52]],[[53]],[[54,55]],[[56]],[[57]],[[58]]],"type":"MultiPolygon","properties":{"pref_code":"04","code5":"04000","name":"宮城県"}},{"arcs":[[-52,59,60,-39,-43]],"type":"Polygon","properties":{"pref_code":"05","code5":"05000","name":"秋田県"}},{"arcs":[[[-51,62,63,64,65,66,67,68,-60]],[[69]]],"type":"MultiPolygon","properties":{"pref_code":"06","code5":"06000","name":"山形県"}},{"arcs":[[[70,71,72,-63,-50,73,74,75,76]],[[-67,78]]],"type":"MultiPolygon","properties":{"pref_code":"07","code5":"07000","name":"福島県"}},{"arcs":[[80,-77,-76,81,82,83]],"type":"Polygon","properties":{"pref_code":"08","code5":"08000","name":"茨城県"}},{"arcs":[[-81,84,85,-71]],"type":"Polygon","properties":{"pref_code":"09","code5":"09000","name":"栃木県"}},{"arcs":[[-86,86,87,88,-72]],"type":"Polygon","properties":{"pref_code":"10","code5":"10000","name":"群馬県"}},{"arcs":[[-85,-84,89,90,91,92,-87]],"type":"Polygon","properties":{"pref_code":"11","code5":"11000","name":"埼玉県"}},{"arcs":[[-83,93,94,95,96,97,98,99,-90],[100]],"type":"Polygon","properties":{"pref_code":"12","code5":"12000","name":"千葉県"}},{"arcs":[[[101,-91,-100,102,103,104,105,106],[107,108]],[[110,111,112]],[[113,114,115]],[[116]],[[117]],[[118]],[[119]],[[120]],[[121]],[[122]],[[123]],[[124]],[[125]],[[126]],[[127]],[[128]],[[129]],[[130]],[[131]],[[132]],[[133]],[[134]],[[135]],[[136]],[[137]],[[138]],[[139]],[[141,142]],[[143]],[[144]],[[145]],[[146]],[[147]],[[148]],[[149]],[[150]],[[151]]],"type":"MultiPolygon","properties":{"pref_code":"13","code5":"13000","name":"東京都"}},{"arcs":[[[152,-107,153,154,155,156,157,158,159,160,161,162,163,164]],[[165,166,167]],[[168,169]],[[173]],[[174]],[[175]],[[178]]],"type":"MultiPolygon","properties":{"pref_code":"14","code5":"14000","name":"神奈川県"}},{"arcs":[[[-89,179,180,181,182,-68,-79,-66,-78,-64,-73]],[[183]],[[186]]],"type":"MultiPolygon","properties":{"pref_code":"15","code5":"15000","name":"新潟県"}},{"arcs":[[187,188,189,190,191,-181,192]],"type":"Polygon","properties":{"pref_code":"16","code5":"16000","name":"富山県"}},{"arcs":[[[193,194,195,-189]],[[196]]],"type":"MultiPolygon","properties":{"pref_code":"17","code5":"17000","name":"石川県"}},{"arcs":[[197,198,199,200,-195,201,202]],"type":"Polygon","properties":{"pref_code":"18","code5":"18000","name":"福井県"}},{"arcs":[[-92,-102,-153,-165,204,205]],"type":"Polygon","properties":{"pref_code":"19","code5":"19000","name":"山梨県"}},{"arcs":[[206,207,-193,-180,-88,-93,-206,208]],"type":"Polygon","properties":{"pref_code":"20","code5":"20000","name":"長野県"}},{"arcs":[[209,210,211,-202,-194,-188,-208]],"type":"Polygon","properties":{"pref_code":"21","code5":"21000","name":"岐阜県"}},{"arcs":[[212,-209,-205,-164,213,214,215,216]],"type":"Polygon","properties":{"pref_code":"22","code5":"22000","name":"静岡県"}},{"arcs":[[[-207,-213,219,220,221,222,223,-210]],[[225]],[[226]],[[227]],[[228]],[[229]],[[230]],[[231]]],"type":"MultiPolygon","properties":{"pref_code":"23","code5":"23000","name":"愛知県"}},{"arcs":[[[232,233,-211,-224,234,235,236,237,238,239,240,241,242,243,244,245,246,247,248,249,250,251,252,253,254,255,256,257,258],[259]],[[263]],[[264]],[[265]],[[266]],[[267]],[[268]],[[273,274,275]],[[276,277,278]]],"type":"MultiPolygon","properties":{"pref_code":"24","code5":"24000","name":"三重県"}},{"arcs":[[282,-203,-212,-234]],"type":"Polygon","properties":{"pref_code":"25","code5":"25000","name":"滋賀県"}},{"arcs":[[283,284,285,286,287,-198,-283,-233,288,289,290]],"type":"Polygon","properties":{"pref_code":"26","code5":"26000","name":"京都府"}},{"arcs":[[[-290,291,292,293,294,295,296,297,298,299,300,301]],[[306]],[[307]],[[308]],[[309]],[[310]],[[311]],[[312]],[[313]]],"type":"MultiPolygon","properties":{"pref_code":"27","code5":"27000","name":"大阪府"}},{"arcs":[[[-291,-302,314,315,316,317,318,319,320,321,322,323,324,325,326,327]],[[328]],[[330]],[[331]],[[332]],[[333]],[[334,335,336]],[[337]],[[338]],[[339]],[[340]],[[341]],[[342]],[[343]],[[344]],[[345,346,347]],[[351]]],"type":"MultiPolygon","properties":{"pref_code":"28","code5":"28000","name":"兵庫県"}},{"arcs":[[-289,-259,352,-257,353,-255,354,-292]],"type":"Polygon","properties":{"pref_code":"29","code5":"29000","name":"奈良県"}},{"arcs":[[[-355,-254,355,356,357,358,359,360,361,362,363,364,365,366,-293]],[[367]],[[368]],[[369]],[[-258,-353]],[[-256,-354]],[[370]]],"type":"MultiPolygon","properties":{"pref_code":"30","code5":"30000","name":"和歌山県"}},{"arcs":[[371,372,373,374,-326,375]],"type":"Polygon","properties":{"pref_code":"31","code5":"31000","name":"鳥取県"}},{"arcs":[[[376,377,378,379,380,381,382,383,384,-374]],[[385,386]],[[387]],[[388]],[[389]],[[390]],[[391]],[[396,397]]],"type":"MultiPolygon","properties":{"pref_code":"32","code5":"32000","name":"島根県"}},{"arcs":[[[399,400]],[[-325,403,404,405,406,407,-372,-376]],[[408]],[[409]],[[410]],[[412]],[[413]],[[415]],[[416]],[[417]],[[418]],[[419]],[[420]],[[421]]],"type":"MultiPolygon","properties":{"pref_code":"33","code5":"33000","name":"岡山県"}},{"arcs":[[[-408,422,423,424,425,426,427,428,-377,-373]],[[430]],[[431]],[[432]],[[433]],[[434]],[[435]],[[436]],[[437]],[[438]],[[439]],[[440]],[[441]],[[442]],[[443]],[[444]],[[445]],[[446]],[[447]],[[448]],[[449]],[[450]],[[451]],[[452]],[[453]],[[454]],[[455]],[[456]],[[457]],[[458]],[[459,460,461]],[[462]]],"type":"MultiPolygon","properties":{"pref_code":"34","code5":"34000","name":"広島県"}},{"arcs":[[[-429,463,464,465,466,467,468,469,470,471,472,473,474,475,-378]],[[477]],[[480]],[[481]],[[482]],[[483]],[[484]],[[485]],[[486]],[[487]],[[488]],[[489]],[[490,491]],[[492]],[[493]],[[494]],[[495]],[[496]],[[497]],[[498]],[[499]],[[500,501]],[[502]],[[503]],[[504]],[[505]],[[506]],[[507,508]],[[509]]],"type":"MultiPolygon","properties":{"pref_code":"35","code5":"35000","name":"山口県"}},{"arcs":[[[510,511,512,513,514,515,516]],[[517]],[[518]],[[520]],[[522]]],"type":"MultiPolygon","properties":{"pref_code":"36","code5":"36000","name":"徳島県"}},{"arcs":[[[523]],[[-400,524]],[[525]],[[526]],[[527]],[[528]],[[529]],[[530]],[[531]],[[533]],[[534]],[[535]],[[536]],[[537,538,539,540,541,542,543,544,545,-516],[548],[549]],[[550]],[[551]],[[552]],[[553]],[[554]],[[555]]],"type":"MultiPolygon","properties":{"pref_code":"37","code5":"37000","name":"香川県"}},{"arcs":[[[-538,-515,556,557,558,559,560,561,562,563,564]],[[565]],[[566]],[[567]],[[568]],[[569]],[[571]],[[572]],[[573]],[[574]],[[575]],[[576]],[[577]],[[578]],[[579]],[[580,581]],[[582]],[[583]],[[584]],[[585]],[[588]],[[589]],[[590]],[[591]],[[592]],[[593]],[[594]],[[595]],[[596]],[[597]],[[598]],[[599]],[[600]]],"type":"MultiPolygon","properties":{"pref_code":"38","code5":"38000","name":"愛媛県"}},{"arcs":[[[-557,-514,601,602,603,604,605,606,607,608]],[[613]],[[614]],[[615]]],"type":"MultiPolygon","properties":{"pref_code":"39","code5":"39000","name":"高知県"}},{"arcs":[[[616,617,618,619,620,621,622,623,624,625,626,627]],[[628]],[[629]],[[630]],[[631]],[[632]],[[633]],[[634]],[[635]],[[636,637]],[[638]],[[639]]],"type":"MultiPolygon","properties":{"pref_code":"40","code5":"40000","name":"福岡県"}},{"arcs":[[[640]],[[641]],[[642]],[[643]],[[-617,644,645,646,647,648,649,650,651]],[[652]],[[653]]],"type":"MultiPolygon","properties":{"pref_code":"41","code5":"41000","name":"佐賀県"}},{"arcs":[[[-646,654,655,656,657,658,659,660,661,662,663,664,665,666,667,668,669,670,671,672,673,674,675,676,677,678,679,680,681,682]],[[683,684,685,686,687,688,689,690,691,692,693,694,695,696,697,698,699,700,701,702,703,704]],[[705]],[[710,711,712,713]],[[717]],[[718,719,720]],[[722]],[[723]],[[724]],[[725]],[[726]],[[727]],[[728,729]],[[730,731,732]],[[735]],[[738]],[[742]],[[743]],[[744]],[[745]],[[746]],[[747,748,749]],[[750,751,752,753,754],[755,756]],[[757]],[[758,759,760]],[[761,762,763]],[[766,767]],[[768,769]],[[770,771,772,773,774]],[[776]],[[777]],[[778]],[[779,780]],[[781,782,783,784]],[[785]],[[786]],[[787,788]],[[791,792]],[[793]],[[794]],[[795]],[[796]],[[799,800]],[[801]],[[802,803]],[[804]],[[805]],[[806]],[[807]],[[808]],[[809]],[[810]],[[811]],[[812]],[[813]],[[814]],[[815]],[[816]]],"type":"MultiPolygon","properties":{"pref_code":"42","code5":"42000","name":"長崎県"}},{"arcs":[[[819,820,821,822,-627,823]],[[824,825]],[[826]],[[827]],[[828]],[[829,830,831,832]],[[833]],[[834]],[[835]],[[838]],[[839]],[[840]],[[841]],[[842]],[[843]],[[844]]],"type":"MultiPolygon","properties":{"pref_code":"43","code5":"43000","name":"熊本県"}},{"arcs":[[[-824,-626,845,846,847,848]],[[849]],[[850]],[[851]],[[852]],[[853]],[[854]]],"type":"MultiPolygon","properties":{"pref_code":"44","code5":"44000","name":"大分県"}},{"arcs":[[[-820,-849,855,856,857,858,859,860,861],[862]],[[864]],[[867]]],"type":"MultiPolygon","properties":{"pref_code":"45","code5":"45000","name":"宮崎県"}},{"arcs":[[[-821,-862,-861,868,869,870,871,872,873]],[[874]],[[875,876]],[[878]],[[879]],[[880,881,882]],[[883]],[[884,885]],[[886]],[[887]],[[888]],[[889]],[[890,891]],[[892]],[[893]],[[894]],[[895]],[[896]],[[897]],[[898]],[[899]],[[900]],[[901]],[[902]],[[903]],[[904]],[[905]],[[906]],[[907]],[[908,909]],[[910]],[[911]],[[912]],[[913]],[[914]],[[915]],[[916]],[[917]]],"type":"MultiPolygon","properties":{"pref_code":"46","code5":"46000","name":"鹿児島県"}},{"arcs":[[[918]],[[919]],[[920]],[[921]],[[922]],[[923,924,925,926,927,928,929,930,931,932],[933,934]],[[940]],[[941]],[[942]],[[943]],[[944]],[[945]],[[948]],[[949]],[[951]],[[952]],[[953]],[[954]],[[955]],[[956]],[[957]],[[958]],[[959]],[[960]],[[961]],[[962]],[[963]],[[964]],[[965]],[[966]],[[967]],[[968]],[[969,970]],[[971]],[[972]],[[973]],[[974,975]],[[976]],[[977]],[[978]],[[979,980]],[[981]],[[982]],[[983]],[[984]],[[985]],[[986]],[[987]],[[988]]],"type":"MultiPolygon","properties":{"pref_code":"47","code5":"47000","name":"沖縄県"}}]}}}